{
  "results": [
    {
      "command": "./benchmark_guardpage_asmmove",
      "mean": 0.007113890216666667,
      "stddev": 0.0003699243787573034,
      "median": 0.007090374500000001,
      "user": 0.005324414285714285,
      "system": 0.0015826095238095244,
      "min": 0.003782497,
      "max": 0.007796006,
      "times": [
        0.007130843,
        0.0071288160000000005,
        0.00735603,
        0.007042172,
        0.007495126,
        0.003782497,
        0.0039065540000000004,
        0.00416741,
        0.00443564,
        0.0051622840000000005,
        0.005464591,
        0.006109356000000001,
        0.007020447000000001,
        0.007021792000000001,
        0.0070874430000000006,
        0.007627372,
        0.007056945,
        0.0073415500000000005,
        0.0070239180000000005,
        0.0070427730000000004,
        0.0071977130000000005,
        0.0069949470000000005,
        0.007002566000000001,
        0.007159416,
        0.007007869000000001,
        0.0070906730000000005,
        0.007187753000000001,
        0.0073508210000000004,
        0.007296296000000001,
        0.0070759920000000006,
        0.007052354,
        0.007192879,
        0.00700336,
        0.006986638000000001,
        0.007171327000000001,
        0.007050635,
        0.007536659,
        0.007505457,
        0.0070344610000000005,
        0.007249434000000001,
        0.007028124,
        0.006996589,
        0.007172857,
        0.007008100000000001,
        0.007025292000000001,
        0.007578482,
        0.007043174,
        0.007098622000000001,
        0.007345008,
        0.007040108000000001,
        0.007187964000000001,
        0.007018838,
        0.0070544150000000005,
        0.007156452000000001,
        0.007005264000000001,
        0.006999630000000001,
        0.0071791350000000006,
        0.007347677,
        0.007121772,
        0.007568481,
        0.007084328000000001,
        0.0074578760000000004,
        0.007015112,
        0.007097715,
        0.007520998,
        0.007081495,
        0.007379102,
        0.007024977000000001,
        0.0072159270000000005,
        0.007248104000000001,
        0.0070378870000000005,
        0.007016256,
        0.007229227,
        0.00702529,
        0.007083558,
        0.007438281000000001,
        0.007042057000000001,
        0.007386282,
        0.0070363280000000005,
        0.007046734000000001,
        0.007238795,
        0.007015706,
        0.007011006,
        0.0072240690000000005,
        0.0069890640000000006,
        0.007131124000000001,
        0.007113840000000001,
        0.007355301000000001,
        0.007382607,
        0.0070638590000000005,
        0.0070103380000000005,
        0.007212455,
        0.007036447,
        0.007066963000000001,
        0.007222495000000001,
        0.007043589,
        0.0076897400000000005,
        0.007049457,
        0.007049213,
        0.007208254000000001,
        0.007008571000000001,
        0.006987573,
        0.007214824000000001,
        0.007078883,
        0.007028482000000001,
        0.007523083000000001,
        0.007061413000000001,
        0.007368152,
        0.007013274000000001,
        0.007019191,
        0.0071989110000000005,
        0.007006036,
        0.007049102000000001,
        0.007178851000000001,
        0.007055743000000001,
        0.006982668,
        0.007226246,
        0.007375158000000001,
        0.007352835,
        0.007126175,
        0.007046457000000001,
        0.007198554,
        0.007111618,
        0.007028917000000001,
        0.007185518,
        0.007059910000000001,
        0.007702772,
        0.007035627,
        0.007023902,
        0.007220794000000001,
        0.006981457000000001,
        0.007059508000000001,
        0.007196167000000001,
        0.0070414580000000004,
        0.007013958000000001,
        0.007556971000000001,
        0.007095882,
        0.007381591000000001,
        0.007046098000000001,
        0.007006583,
        0.0071671420000000005,
        0.007007371,
        0.007023302,
        0.007240661000000001,
        0.007498493,
        0.007362162,
        0.007065157000000001,
        0.007079467000000001,
        0.007204057000000001,
        0.007020857,
        0.006982958,
        0.007209406000000001,
        0.0070337030000000005,
        0.007004621000000001,
        0.007180331000000001,
        0.006992454,
        0.007585027,
        0.0071074300000000005,
        0.007091334,
        0.007177876000000001,
        0.00703258,
        0.007036664000000001,
        0.007208310000000001,
        0.007026585,
        0.0070720620000000005,
        0.007592364000000001,
        0.007038748,
        0.007299578,
        0.007040632000000001,
        0.007114854,
        0.007196278,
        0.007021688000000001,
        0.007028289,
        0.007229715,
        0.007037755000000001,
        0.0073459680000000005,
        0.007118101000000001,
        0.007065094,
        0.007320475000000001,
        0.006991828,
        0.007102295000000001,
        0.007166204000000001,
        0.007044881,
        0.0070687960000000005,
        0.007199743000000001,
        0.007080126000000001,
        0.007780889000000001,
        0.007090076000000001,
        0.007041114,
        0.007209490000000001,
        0.007063808,
        0.007073474000000001,
        0.007147644000000001,
        0.007002194000000001,
        0.006995332000000001,
        0.0076018430000000005,
        0.007029385000000001,
        0.007332616,
        0.007097075,
        0.007057063000000001,
        0.0071702910000000005,
        0.007074119,
        0.007025863,
        0.0072607750000000006,
        0.007018330000000001,
        0.007487731,
        0.007121209000000001,
        0.007058086000000001,
        0.007242075000000001,
        0.007099529,
        0.006994618,
        0.0072246260000000005,
        0.006986595000000001,
        0.0071693980000000004,
        0.0072148640000000005,
        0.007034796,
        0.007617923,
        0.007091534,
        0.00702411,
        0.007178397,
        0.007041009000000001,
        0.0070121440000000005,
        0.007175244000000001,
        0.0069975820000000005,
        0.0070291780000000005,
        0.007712796,
        0.00704906,
        0.007351595000000001,
        0.0070525710000000005,
        0.007066894000000001,
        0.007203933,
        0.007009127,
        0.006982058,
        0.007212988,
        0.007012709000000001,
        0.007379045000000001,
        0.007144803000000001,
        0.007037600000000001,
        0.00718313,
        0.007067648,
        0.007097155000000001,
        0.007231075000000001,
        0.007028512000000001,
        0.006996971,
        0.007210476,
        0.007021429,
        0.0076540010000000006,
        0.007173096,
        0.007083104000000001,
        0.0071733330000000005,
        0.0070628,
        0.007026494,
        0.007217307,
        0.006955562,
        0.007006910000000001,
        0.007628237,
        0.007067795000000001,
        0.007381996,
        0.0070789040000000004,
        0.006986490000000001,
        0.0071904280000000004,
        0.007047986,
        0.007029922,
        0.007162920000000001,
        0.007026969,
        0.00772074,
        0.007207585000000001,
        0.007038862000000001,
        0.007188746,
        0.0070475500000000005,
        0.007027063,
        0.007173404,
        0.007023082000000001,
        0.007065416000000001,
        0.007194441,
        0.007019054,
        0.00765022,
        0.007052484,
        0.006979605000000001,
        0.007167316000000001,
        0.00707593,
        0.007021528000000001,
        0.007207407000000001,
        0.007001605,
        0.0069965420000000006,
        0.0076780550000000005,
        0.007140456000000001,
        0.00737535,
        0.007026971000000001,
        0.007011362,
        0.007187983,
        0.00708677,
        0.006988542,
        0.007171992,
        0.007015022,
