{
  "results": [
    {
      "command": "./benchmark_masking",
      "mean": 0.007278065438596498,
      "stddev": 0.0001701502953384135,
      "median": 0.0072200450000000005,
      "user": 0.005514786967418548,
      "system": 0.001549273182957394,
      "min": 0.007089963,
      "max": 0.008176846,
      "times": [
        0.007508136,
        0.007188732000000001,
        0.0076265790000000005,
        0.0072753620000000005,
        0.0071559530000000005,
        0.0074832250000000005,
        0.007222620000000001,
        0.007214114000000001,
        0.007197153,
        0.007111330000000001,
        0.007282191,
        0.007186255000000001,
        0.007147868000000001,
        0.007314490000000001,
        0.007530724000000001,
        0.007201906,
        0.0075495150000000006,
        0.007132278000000001,
        0.0073101320000000004,
        0.007129599,
        0.00712211,
        0.007336912,
        0.007245695000000001,
        0.007387541,
        0.007711626,
        0.00717131,
        0.007296786,
        0.007132547,
        0.0071613200000000005,
        0.007324992000000001,
        0.007517505000000001,
        0.007535503000000001,
        0.007110761,
        0.007204941,
        0.0073115260000000005,
        0.0071474500000000005,
        0.0071369020000000005,
        0.0073127190000000005,
        0.007125023,
        0.007828249,
        0.007260362,
        0.007198411,
        0.00729676,
        0.0071872920000000005,
        0.007272819000000001,
        0.007208409000000001,
        0.0071742870000000005,
        0.007271856,
        0.007682948,
        0.007151911,
        0.007466032,
        0.0071185730000000004,
        0.00726446,
        0.007195750000000001,
        0.007154101,
        0.007298735000000001,
        0.0071912090000000005,
        0.007540253,
        0.007530655000000001,
        0.007147719,
        0.007232377000000001,
        0.007296467,
        0.00713594,
        0.007249076,
        0.007194434,
        0.007117317000000001,
        0.007984245000000001,
        0.0071609,
        0.007251014,
        0.0073003090000000005,
        0.0071445250000000005,
        0.007282462000000001,
        0.007193691,
        0.007132189000000001,
        0.007214104000000001,
        0.0076287640000000006,
        0.007161276,
        0.007515890000000001,
        0.007134113,
        0.007290556,
        0.0072200450000000005,
        0.0071131250000000005,
        0.007248060000000001,
        0.0071783310000000005,
        0.007602824,
        0.0075132110000000005,
        0.0071900670000000005,
        0.007269478,
        0.007263833000000001,
        0.007136961000000001,
        0.007252014,
        0.007221770000000001,
        0.007129074000000001,
        0.007870507,
        0.007137198000000001,
        0.007122288,
        0.007339669,
        0.007144171,
        0.007142998,
        0.0073472730000000005,
        0.007151593,
        0.007314699,
        0.007688202000000001,
        0.007153732,
        0.007500860000000001,
        0.0070993950000000005,
        0.007108196000000001,
        0.007304079000000001,
        0.007165529,
        0.007241924,
        0.0072600650000000004,
        0.007112526,
        0.0072653990000000005,
        0.0074325960000000005,
        0.0071442630000000005,
        0.007482903000000001,
        0.007113383,
        0.0072439800000000006,
        0.007240587000000001,
        0.007174922,
        0.007276534,
        0.007209569000000001,
        0.007089963,
        0.007797729000000001,
        0.0071512960000000006,
        0.00724843,
        0.007215257,
        0.0071242020000000005,
        0.007242527,
        0.007163613,
        0.0071450590000000005,
        0.007296342000000001,
        0.007509479,
        0.007248489,
        0.0074674170000000005,
        0.0071765250000000004,
        0.007294610000000001,
        0.007247754,
        0.007125987,
        0.007247334,
        0.007182827,
        0.007630915,
        0.007687813000000001,
        0.007180594,
        0.007272750000000001,
        0.007201215,
        0.007184943,
        0.007295392,
        0.0071712830000000005,
        0.007151203,
        0.007637343,
        0.007172438000000001,
        0.007145877,
        0.007478219,
        0.007110287000000001,
        0.0072849920000000006,
        0.007169911,
        0.007119839,
        0.007349455,
        0.007482568,
        0.0074990890000000004,
        0.00718797,
        0.007163063000000001,
        0.007302169000000001,
        0.007233291,
        0.007112028,
        0.007294878,
        0.007174866,
        0.007761368,
        0.007222189,
        0.0071466920000000005,
        0.007326086000000001,
        0.007149101000000001,
        0.0071248100000000005,
        0.007329522000000001,
        0.007191083,
        0.007260595000000001,
        0.007531629000000001,
        0.007163196,
        0.007485803,
        0.007156289000000001,
        0.007208251000000001,
        0.007274355000000001,
        0.007138338,
        0.007209545,
        0.007192588000000001,
        0.00757934,
        0.007475524000000001,
        0.007170889000000001,
        0.0071375430000000005,
        0.007176283,
        0.007163951000000001,
        0.007267821000000001,
        0.007175371000000001,
        0.0071497290000000005,
        0.007253348000000001,
        0.007192778,
        0.007449446,
        0.007483176,
        0.007151499,
        0.007236463,
        0.007224075000000001,
        0.007113178,
        0.007242662,
        0.007175806000000001,
        0.007107724,
        0.00728919,
        0.0075821230000000005,
        0.0072189,
        0.007478893,
        0.007175647,
        0.007242045000000001,
        0.007197562,
        0.007101637,
        0.007305736,
        0.007215552,
        0.007408252000000001,
        0.007356424,
        0.00718184,
        0.0071895940000000005,
        0.0074446880000000005,
        0.007152386,
        0.007254389000000001,
        0.007161189,
        0.007158091,
        0.007657870000000001,
        0.007148448000000001,
        0.007114242000000001,
        0.0074889150000000005,
        0.007127876000000001,
        0.0073474510000000005,
        0.0071400610000000005,
        0.00711301,
        0.007354251000000001,
        0.007468613000000001,
        0.007165452,
        0.007555882000000001,
        0.007165973000000001,
        0.007353221,
        0.007107283000000001,
        0.007153436000000001,
        0.007369392000000001,
        0.0071369860000000005,
        0.0071539130000000005,
        0.007325063000000001,
        0.007426462000000001,
        0.007478715,
        0.007137964,
        0.007170865,
        0.007380593,
        0.007166368,
        0.007239986,
        0.007160673,
        0.007145852,
        0.007532492000000001,
        0.0074732520000000005,
        0.007122028000000001,
        0.0076412830000000004,
        0.007160859,
        0.007149267000000001,
        0.007487944000000001,
        0.007185551,
        0.00733516,
        0.007436482,
        0.0071597150000000005,
        0.007573568,
        0.007145485,
        0.007242325000000001,
        0.007202313,
        0.007126817000000001,
        0.007309333,
        0.007151218000000001,
        0.007471899000000001,
        0.007598892,
        0.007160255000000001,
        0.007208226000000001,
        0.007197864000000001,
        0.0071491110000000005,
        0.007295093000000001,
        0.007130468,
        0.007141260000000001,
        0.007573787,
        0.0072026880000000005,
        0.007184708000000001,
        0.007263863000000001,
        0.0071443800000000005,
        0.007276248000000001,
        0.0071391910000000005,
        0.007159938,
        0.007294323,
        0.0071562660000000005,
        0.007869029000000001,
        0.007192714,
        0.0071490090000000004,
        0.00729775,
        0.007267578,
