{
  "results": [
    {
      "command": "./benchmark_hfiemulate2",
      "mean": 0.006885679004761904,
      "stddev": 0.00016564657439599058,
      "median": 0.006828367,
      "user": 0.0053727761904761905,
      "system": 0.001304157142857143,
      "min": 0.006697337,
      "max": 0.007644098,
      "times": [
        0.0071408010000000004,
        0.007213947,
        0.006813960000000001,
        0.006740425,
        0.007278463000000001,
        0.006775280000000001,
        0.006769267000000001,
        0.007087307,
        0.0069058570000000005,
        0.006861159,
        0.006802202,
        0.006705682,
        0.006884217000000001,
        0.006800302,
        0.0070701950000000005,
        0.007107204000000001,
        0.0068155690000000005,
        0.006814405000000001,
        0.006929661,
        0.006724639,
        0.006757453,
        0.0069421890000000005,
        0.0067293150000000005,
        0.007079225000000001,
        0.007288902000000001,
        0.006802254000000001,
        0.006832835000000001,
        0.006800962000000001,
        0.006721255000000001,
        0.00690041,
        0.006796798000000001,
        0.006765523000000001,
        0.006911508,
        0.007170534,
        0.006783816000000001,
        0.00708321,
        0.0067938880000000005,
        0.006825714,
        0.007438284000000001,
        0.006773859,
        0.006907357,
        0.006861359,
        0.00673099,
        0.00757485,
        0.006746664,
        0.006772979,
        0.006909109,
        0.006827045,
        0.006760037,
        0.006874974000000001,
        0.006781302,
        0.006771781,
        0.006919301,
        0.006725584000000001,
        0.006981991000000001,
        0.0071931980000000005,
        0.006762285000000001,
        0.006910222000000001,
        0.0069179390000000006,
        0.006787388,
        0.0068685460000000005,
        0.006760276000000001,
        0.006750336,
        0.006847083,
        0.00715378,
        0.006820634000000001,
        0.007100798,
        0.006733012,
        0.006727263000000001,
        0.006928506,
        0.006778308,
        0.0067388560000000005,
        0.006960813000000001,
        0.00677057,
        0.007139637000000001,
        0.007104456,
        0.006760697,
        0.006853289,
        0.006827655,
        0.006718554000000001,
        0.0069108400000000006,
        0.006935117,
        0.006773503,
        0.006888045000000001,
        0.007117386000000001,
        0.006774292,
        0.007123033000000001,
        0.006727037000000001,
        0.006834214000000001,
        0.006817943000000001,
        0.006726977,
        0.006839701,
        0.0068277680000000006,
        0.006843956,
        0.0075054530000000005,
        0.0067752590000000005,
        0.00686138,
        0.006992012000000001,
        0.006767394,
        0.0067257210000000005,
        0.006948125,
        0.006747318,
        0.006733244,
        0.0069169010000000005,
        0.006849563,
        0.007122603000000001,
        0.007088231,
        0.006763267000000001,
        0.0068774610000000005,
        0.006806261,
        0.006738025000000001,
        0.006839073,
        0.006785773,
        0.006785369,
        0.0072035450000000004,
        0.006908205000000001,
        0.006859013000000001,
        0.007039648000000001,
        0.006734118000000001,
        0.006775673,
        0.006924396,
        0.006772272,
        0.006741627,
        0.006924469000000001,
        0.007143771,
        0.006740253000000001,
        0.007057308000000001,
        0.006779544,
        0.006900153,
        0.006806670000000001,
        0.00675459,
        0.006906309,
        0.006772581000000001,
        0.006767115000000001,
        0.00759064,
        0.0067236430000000005,
        0.006895761,
        0.006837005,
        0.0067323570000000004,
        0.006907216000000001,
        0.006808197,
        0.0068065140000000005,
        0.0068901660000000005,
        0.006844875,
        0.007182524,
        0.007086603,
        0.006799997,
        0.0068004120000000005,
        0.006897083,
        0.006764325000000001,
        0.006797107,
        0.006927387,
        0.00675579,
        0.006732837,
        0.007644098,
        0.006795107000000001,
        0.006882094,
        0.00684576,
        0.006748035,
        0.006873736,
        0.006815204,
        0.006763042,
        0.006901606,
        0.006831556000000001,
        0.006827440000000001,
        0.007465514,
        0.006813125000000001,
        0.006862759,
        0.006842161,
        0.006777450000000001,
        0.006774447,
        0.006875441,
        0.0067576170000000005,
        0.006783900000000001,
        0.007218175,
        0.006791055000000001,
        0.006781692000000001,
        0.007093806,
        0.006776769,
        0.006878777000000001,
        0.006807465,
        0.006797158,
        0.006832991,
        0.006805654,
        0.007133352000000001,
        0.007142205,
        0.0067639860000000005,
        0.006872233,
        0.0068484,
        0.006715144,
        0.006884325,
        0.006796575,
        0.006759956,
        0.0068912520000000005,
        0.0074948440000000005,
        0.006796965,
        0.006946207,
        0.006808305000000001,
        0.006755831,
        0.006849819,
        0.006860767,
        0.006785094,
        0.006841873,
        0.0068349100000000005,
        0.0071334300000000005,
        0.007057567000000001,
        0.006731914,
        0.006780264,
        0.007294743,
        0.006782227,
        0.006781708,
        0.007083655,
        0.006697337,
        0.007445399,
        0.006787688,
        0.006911670000000001,
        0.006813971,
        0.006757648000000001,
        0.006858569,
        0.006918266,
        0.006720562,
        0.0069163950000000005,
        0.006816391000000001,
        0.006765028,
        0.006866738000000001,
        0.007214093,
        0.006778056,
        0.007151263000000001,
        0.0067378180000000005,
        0.006793663,
        0.006930958,
        0.0067921430000000005,
        0.006778905,
        0.006922394,
        0.007075016000000001,
        0.0067886990000000005,
        0.007024156,
        0.0067202500000000005,
        0.006943127,
        0.006806501,
        0.006769678,
        0.006843222,
        0.006824682,
        0.006758589000000001,
        0.007418920000000001,
        0.006767391,
        0.0067730740000000005,
        0.006891505,
        0.006787712,
        0.006773545000000001,
        0.006972465000000001,
        0.006738233000000001,
        0.0067854510000000005,
        0.006923497000000001,
        0.007143221000000001,
        0.0067966300000000006,
        0.007051470000000001,
        0.006836372,
        0.0068783080000000005,
        0.006853919000000001,
        0.006788379000000001,
        0.006872184000000001,
        0.006823229,
        0.007220744,
        0.007212560000000001,
        0.006840828,
        0.00689176,
        0.006784593,
        0.006773885,
        0.006888305000000001,
        0.006798717,
        0.006771428,
        0.006860581,
        0.007186199000000001,
        0.006815604,
        0.007081081,
        0.0067601530000000005,
        0.0067792780000000006,
        0.006950810000000001,
        0.006726228000000001,
        0.0067575660000000004,
        0.006906889,
        0.006741344000000001,
        0.006782649000000001,
        0.006921471,
        0.007010977000000001,
        0.0067590670000000005,
        0.007088413000000001,
        0.006759331,
        0.006868422000000001,
        0.006796018,
        0.006815683,
        0.006851592,
        0.006799704,
        0.0069976710000000004,
        0.007193283000000001,
        0.006722392000000001,
        0.006750411,
        0.006921953000000001,
        0.006757241000000001,
        0.0067892740000000005,
        0.006935561000000001,
        0.0067859240000000005,
        0.006721005,
