{
  "results": [
    {
      "command": "./benchmark_boundschecks",
      "mean": 1.03510935308,
      "stddev": 0.00176639094207432,
      "median": 1.0345882180000001,
      "user": 1.01992672,
      "system": 0.00478832,
      "min": 1.033170069,
      "max": 1.038779435,
      "times": [
        1.038779435,
        1.038491455,
        1.036828964,
        1.033959296,
        1.033485247,
        1.035586094,
        1.03501299,
        1.036314041,
        1.038292052,
        1.033933529,
        1.033654358,
        1.0345882180000001,
        1.036287904,
        1.033641955,
        1.038103089,
        1.0333181,
        1.0339951,
        1.03486307,
        1.03335776,
        1.033773003,
        1.034737251,
        1.035069813,
        1.033170069,
        1.034566852,
        1.033924182
      ],
      "exit_codes": [
        0,
        0,
        0,
        0,
        0,
        0,
        0,
        0,
        0,
        0,
        0,
        0,
        0,
        0,
        0,
        0,
        0,
        0,
        0,
        0,
        0,
        0,
        0,
        0,
        0
      ]
    }
  ]
}
