{
  "results": [
    {
      "command": "./benchmark_guardpage_asmmove",
      "mean": 0.4182474667200002,
      "stddev": 0.008538504547891772,
      "median": 0.419841061,
      "user": 0.4118240000000001,
      "system": 0.00206708,
      "min": 0.37745231700000004,
      "max": 0.421611285,
      "times": [
        0.41965361300000004,
        0.419143431,
        0.41984990400000005,
        0.420501695,
        0.41948949,
        0.419841061,
        0.420757981,
        0.41990101,
        0.421611285,
        0.421255769,
        0.42016858100000004,
        0.419268931,
        0.419332464,
        0.419252883,
        0.419989588,
        0.420259039,
        0.41816618800000005,
        0.37745231700000004,
        0.419055603,
        0.42132033300000005,
        0.421112201,
        0.41957561000000004,
        0.419327471,
        0.419427225,
        0.420472995
      ],
      "exit_codes": [
        0,
        0,
        0,
        0,
        0,
        0,
        0,
        0,
        0,
        0,
        0,
        0,
        0,
        0,
        0,
        0,
        0,
        0,
        0,
        0,
        0,
        0,
        0,
        0,
        0
      ]
    }
  ]
}
