{
  "results": [
    {
      "command": "./benchmark_hfiemulate2",
      "mean": 0.6756446803199998,
      "stddev": 0.0004013792638798504,
      "median": 0.6756393390000001,
      "user": 0.66563428,
      "system": 0.00288332,
      "min": 0.67485165,
      "max": 0.676329638,
      "times": [
        0.675723252,
        0.676092974,
        0.675490456,
        0.6760927790000001,
        0.6752824040000001,
        0.676329638,
        0.6755292970000001,
        0.6760646760000001,
        0.675567511,
        0.675523572,
        0.675296227,
        0.67485165,
        0.676173507,
        0.6752405060000001,
        0.676250474,
        0.675683719,
        0.6756393390000001,
        0.675267057,
        0.674988739,
        0.67526202,
        0.675320943,
        0.675904118,
        0.6756765010000001,
        0.675976001,
        0.6758896480000001
      ],
      "exit_codes": [
        0,
        0,
        0,
        0,
        0,
        0,
        0,
        0,
        0,
        0,
        0,
        0,
        0,
        0,
        0,
        0,
        0,
        0,
        0,
        0,
        0,
        0,
        0,
        0,
        0
      ]
    }
  ]
}
