{
  "results": [
    {
      "command": "./benchmark_boundschecks",
      "mean": 0.59756428,
      "stddev": 0.0003721888169058061,
      "median": 0.597586436,
      "user": 0.5873682399999999,
      "system": 0.00414916,
      "min": 0.596933989,
      "max": 0.598342365,
      "times": [
        0.597833021,
        0.5970968,
        0.5971760620000001,
        0.5976485180000001,
        0.597646582,
        0.598342365,
        0.5973981540000001,
        0.597866019,
        0.5974412490000001,
        0.5977837450000001,
        0.5971354830000001,
        0.597861038,
        0.5970859390000001,
        0.598233824,
        0.597586436,
        0.597452124,
        0.597763444,
        0.5969462600000001,
        0.597649918,
        0.596933989,
        0.5975718680000001,
        0.5973568370000001,
        0.59796815,
        0.5974812260000001,
        0.597847949
      ],
      "exit_codes": [
        0,
        0,
        0,
        0,
        0,
        0,
        0,
        0,
        0,
        0,
        0,
        0,
        0,
        0,
        0,
        0,
        0,
        0,
        0,
        0,
        0,
        0,
        0,
        0,
        0
      ]
    }
  ]
}
