{
  "results": [
    {
      "command": "./benchmark_boundschecks",
      "mean": 1.6417638998,
      "stddev": 0.0030058619546907642,
      "median": 1.640828005,
      "user": 1.61834812,
      "system": 0.007038040000000001,
      "min": 1.638073914,
      "max": 1.646385111,
      "times": [
        1.644460385,
        1.646077978,
        1.640828005,
        1.638562781,
        1.640874055,
        1.638816447,
        1.641194741,
        1.64545065,
        1.645813735,
        1.638073914,
        1.6402198700000001,
        1.6393473360000002,
        1.638819975,
        1.646226207,
        1.638552032,
        1.645925698,
        1.639943895,
        1.642471247,
        1.6423213680000002,
        1.640192194,
        1.638546135,
        1.645629199,
        1.639485547,
        1.6398789900000001,
        1.646385111
      ],
      "exit_codes": [
        0,
        0,
        0,
        0,
        0,
        0,
        0,
        0,
        0,
        0,
        0,
        0,
        0,
        0,
        0,
        0,
        0,
        0,
        0,
        0,
        0,
        0,
        0,
        0,
        0
      ]
    }
  ]
}
