{
  "results": [
    {
      "command": "./benchmark_masking",
      "mean": 0.2611873448,
      "stddev": 0.000426745787456175,
      "median": 0.26131763,
      "user": 0.25588456000000004,
      "system": 0.0023921199999999993,
      "min": 0.260603527,
      "max": 0.26222121400000004,
      "times": [
        0.261328925,
        0.26133292,
        0.26134269200000004,
        0.260801549,
        0.260823228,
        0.261889097,
        0.260603527,
        0.26157914600000004,
        0.260665684,
        0.26155226800000003,
        0.26131763,
        0.26166699000000004,
        0.260773001,
        0.26114734500000003,
        0.26143525100000004,
        0.260673302,
        0.26222121400000004,
        0.260809801,
        0.26135064,
        0.26081491100000004,
        0.260860862,
        0.26150584200000004,
        0.260794048,
        0.260926608,
        0.261467139
      ],
      "exit_codes": [
        0,
        0,
        0,
        0,
        0,
        0,
        0,
        0,
        0,
        0,
        0,
        0,
        0,
        0,
        0,
        0,
        0,
        0,
        0,
        0,
        0,
        0,
        0,
        0,
        0
      ]
    }
  ]
}
