{
  "results": [
    {
      "command": "./benchmark_hfiemulate2",
      "mean": 0.24473647608000001,
      "stddev": 0.00024293691402003307,
      "median": 0.24474568100000002,
      "user": 0.24044959999999993,
      "system": 0.00159,
      "min": 0.24431515,
      "max": 0.245173988,
      "times": [
        0.24489880300000003,
        0.244832661,
        0.244624427,
        0.24511670500000002,
        0.244789793,
        0.244793313,
        0.24470144800000002,
        0.245073643,
        0.245173988,
        0.244481477,
        0.244552073,
        0.24431515,
        0.244622691,
        0.245124108,
        0.24484408900000001,
        0.24477695100000002,
        0.244330019,
        0.24464158000000003,
        0.245045165,
        0.24441973800000003,
        0.244594799,
        0.24474568100000002,
        0.244791998,
        0.244602959,
        0.244518643
      ],
      "exit_codes": [
        0,
        0,
        0,
        0,
        0,
        0,
        0,
        0,
        0,
        0,
        0,
        0,
        0,
        0,
        0,
        0,
        0,
        0,
        0,
        0,
        0,
        0,
        0,
        0,
        0
      ]
    }
  ]
}
