{
  "results": [
    {
      "command": "./benchmark_boundschecks",
      "mean": 1.5170668206799995,
      "stddev": 0.005129199889019774,
      "median": 1.5161307860000002,
      "user": 1.4943334799999999,
      "system": 0.007026479999999999,
      "min": 1.500871094,
      "max": 1.524939774,
      "times": [
        1.524939774,
        1.514588438,
        1.523875764,
        1.513943842,
        1.516096458,
        1.5156327950000001,
        1.519791227,
        1.5234127640000001,
        1.5202026000000002,
        1.515493503,
        1.5232534800000002,
        1.523705799,
        1.5149781629999999,
        1.5179938050000001,
        1.521121505,
        1.516080515,
        1.51676429,
        1.500871094,
        1.5138599780000002,
        1.5131578860000001,
        1.5102436240000001,
        1.516411845,
        1.5183573,
        1.5161307860000002,
        1.515763282
      ],
      "exit_codes": [
        0,
        0,
        0,
        0,
        0,
        0,
        0,
        0,
        0,
        0,
        0,
        0,
        0,
        0,
        0,
        0,
        0,
        0,
        0,
        0,
        0,
        0,
        0,
        0,
        0
      ]
    }
  ]
}
