{
  "results": [
    {
      "command": "./benchmark_masking",
      "mean": 0.9066837922800001,
      "stddev": 0.010919383247088644,
      "median": 0.9113444030000001,
      "user": 0.8935047599999997,
      "system": 0.0038368399999999993,
      "min": 0.8738539040000001,
      "max": 0.914042376,
      "times": [
        0.890633483,
        0.9122134740000001,
        0.9077378740000001,
        0.914042376,
        0.912871564,
        0.9110259020000001,
        0.9106529270000001,
        0.9114843450000001,
        0.8738539040000001,
        0.911984153,
        0.8793055900000001,
        0.889867819,
        0.9123158950000001,
        0.9121822150000001,
        0.9109536330000001,
        0.9113444030000001,
        0.911954511,
        0.912879192,
        0.9105378080000001,
        0.9063142860000001,
        0.9123630380000001,
        0.911763571,
        0.912072312,
        0.9063554960000001,
        0.9103850360000001
      ],
      "exit_codes": [
        0,
        0,
        0,
        0,
        0,
        0,
        0,
        0,
        0,
        0,
        0,
        0,
        0,
        0,
        0,
        0,
        0,
        0,
        0,
        0,
        0,
        0,
        0,
        0,
        0
      ]
    }
  ]
}
