{
  "results": [
    {
      "command": "./benchmark_boundschecks",
      "mean": 2.9525830824800003,
      "stddev": 0.014739777212175075,
      "median": 2.954283543,
      "user": 2.9126381199999996,
      "system": 0.0107114,
      "min": 2.888937831,
      "max": 2.969432616,
      "times": [
        2.954136677,
        2.9498860220000003,
        2.9653026860000002,
        2.954283543,
        2.955946644,
        2.952392283,
        2.936827369,
        2.955933462,
        2.954465565,
        2.888937831,
        2.964425131,
        2.955765971,
        2.951647233,
        2.9504343420000003,
        2.969432616,
        2.951826583,
        2.952141384,
        2.966665576,
        2.958728901,
        2.954032085,
        2.954533752,
        2.957023949,
        2.9508224590000003,
        2.955536674,
        2.953448324
      ],
      "exit_codes": [
        0,
        0,
        0,
        0,
        0,
        0,
        0,
        0,
        0,
        0,
        0,
        0,
        0,
        0,
        0,
        0,
        0,
        0,
        0,
        0,
        0,
        0,
        0,
        0,
        0
      ]
    }
  ]
}
