{
  "results": [
    {
      "command": "./benchmark_boundschecks",
      "mean": 0.09560214106451614,
      "stddev": 0.0002666010058941929,
      "median": 0.095548727,
      "user": 0.0927403870967742,
      "system": 0.0016661935483870969,
      "min": 0.09527642600000001,
      "max": 0.096270407,
      "times": [
        0.096270407,
        0.09577925500000001,
        0.095959604,
        0.095480728,
        0.095354724,
        0.09536742200000001,
        0.09529962,
        0.096026287,
        0.095883669,
        0.09538929900000001,
        0.095548727,
        0.095566358,
        0.09565282700000001,
        0.09543272800000001,
        0.09572796800000001,
        0.09537448200000001,
        0.095381066,
        0.095777631,
        0.09527642600000001,
        0.095722716,
        0.095973159,
        0.09542173000000001,
        0.095298188,
        0.095936928,
        0.095400051,
        0.095374756,
        0.09556756400000001,
        0.09600124700000001,
        0.095584255,
        0.095434584,
        0.095401967
      ],
      "exit_codes": [
        0,
        0,
        0,
        0,
        0,
        0,
        0,
        0,
        0,
        0,
        0,
        0,
        0,
        0,
        0,
        0,
        0,
        0,
        0,
        0,
        0,
        0,
        0,
        0,
        0,
        0,
        0,
        0,
        0,
        0,
        0
      ]
    }
  ]
}
