{
  "results": [
    {
      "command": "./benchmark_hfiemulate2",
      "mean": 0.8808242380799999,
      "stddev": 0.004440020477208373,
      "median": 0.881720296,
      "user": 0.8671186399999999,
      "system": 0.0047947599999999995,
      "min": 0.8664303390000001,
      "max": 0.886934293,
      "times": [
        0.8832876630000001,
        0.8809901800000001,
        0.882313301,
        0.883122819,
        0.8825132330000001,
        0.882181922,
        0.8849622210000001,
        0.8835379350000001,
        0.8814918410000001,
        0.881720296,
        0.880473748,
        0.882517795,
        0.880822419,
        0.8804163450000001,
        0.881910426,
        0.8804567310000001,
        0.879484463,
        0.880884141,
        0.8664303390000001,
        0.8808778070000001,
        0.8677814930000001,
        0.8830091520000001,
        0.886934293,
        0.882482506,
        0.8800028830000001
      ],
      "exit_codes": [
        0,
        0,
        0,
        0,
        0,
        0,
        0,
        0,
        0,
        0,
        0,
        0,
        0,
        0,
        0,
        0,
        0,
        0,
        0,
        0,
        0,
        0,
        0,
        0,
        0
      ]
    }
  ]
}
