{
  "results": [
    {
      "command": "./benchmark_boundschecks",
      "mean": 0.22739393260000004,
      "stddev": 0.0004268183220582076,
      "median": 0.22735786400000002,
      "user": 0.22294108,
      "system": 0.0019341999999999996,
      "min": 0.226614591,
      "max": 0.22818990900000002,
      "times": [
        0.22798457000000003,
        0.227574193,
        0.22747818500000003,
        0.22684057600000002,
        0.22735786400000002,
        0.227315502,
        0.22751063300000002,
        0.22744470200000003,
        0.227362373,
        0.226614591,
        0.22818990900000002,
        0.22689988400000002,
        0.227065977,
        0.22718444100000001,
        0.227218831,
        0.22664783900000002,
        0.228047041,
        0.22733429500000002,
        0.227557476,
        0.22792724,
        0.227644425,
        0.228087842,
        0.22712799500000003,
        0.227284856,
        0.227147075
      ],
      "exit_codes": [
        0,
        0,
        0,
        0,
        0,
        0,
        0,
        0,
        0,
        0,
        0,
        0,
        0,
        0,
        0,
        0,
        0,
        0,
        0,
        0,
        0,
        0,
        0,
        0,
        0
      ]
    }
  ]
}
