{
  "results": [
    {
      "command": "./benchmark_hfiemulate2",
      "mean": 0.2602876088400001,
      "stddev": 0.00028714872982824226,
      "median": 0.260304911,
      "user": 0.2544938,
      "system": 0.0030035999999999995,
      "min": 0.25984174000000004,
      "max": 0.26102848100000003,
      "times": [
        0.26057034900000003,
        0.260069347,
        0.260444076,
        0.25984174000000004,
        0.26062555800000003,
        0.259885185,
        0.2603626,
        0.260342646,
        0.260067948,
        0.260496808,
        0.260431898,
        0.260247918,
        0.260304911,
        0.260440439,
        0.260815268,
        0.26004387100000004,
        0.260356054,
        0.25993567300000003,
        0.26102848100000003,
        0.26023575200000004,
        0.260038104,
        0.260341985,
        0.260121184,
        0.26008928200000003,
        0.260053144
      ],
      "exit_codes": [
        0,
        0,
        0,
        0,
        0,
        0,
        0,
        0,
        0,
        0,
        0,
        0,
        0,
        0,
        0,
        0,
        0,
        0,
        0,
        0,
        0,
        0,
        0,
        0,
        0
      ]
    }
  ]
}
