{
  "results": [
    {
      "command": "./benchmark_hfiemulate2",
      "mean": 0.04700264482539682,
      "stddev": 0.0002570510640762392,
      "median": 0.047021842,
      "user": 0.045254873015873026,
      "system": 0.0011154285714285715,
      "min": 0.046623884000000004,
      "max": 0.048023467,
      "times": [
        0.047334675,
        0.046789498000000006,
        0.047165460000000006,
        0.046681352,
        0.047354095000000006,
        0.047125991000000006,
        0.046759854000000003,
        0.046833801,
        0.047021842,
        0.047360387000000004,
        0.046705247000000005,
        0.047217961,
        0.046894404,
        0.047011959000000006,
        0.047145974,
        0.047389387000000005,
        0.046746625,
        0.046981121,
        0.046952436,
        0.047085811000000005,
        0.046734045,
        0.047094296,
        0.046983538000000005,
        0.046862386000000006,
        0.047126243000000005,
        0.046688424000000006,
        0.047069213000000006,
        0.046942353000000006,
        0.046845724000000005,
        0.047092119,
        0.046684377000000006,
        0.047227231,
        0.046726288000000005,
        0.047097643,
        0.047210508000000005,
        0.046623884000000004,
        0.047166924000000006,
        0.046713574,
        0.048023467,
        0.047375381,
        0.046969493,
        0.047479277,
        0.046697611,
        0.047103858000000005,
        0.046755304000000004,
        0.047089278000000005,
        0.04686274,
        0.046987564,
        0.047101969,
        0.046728702000000004,
        0.047047425000000004,
        0.047172412000000004,
        0.046770858000000005,
        0.047209114,
        0.046644327000000006,
        0.047152838,
        0.047053729,
        0.046780722000000004,
        0.047173139,
        0.046683142000000004,
        0.047090393,
        0.046669416000000005,
        0.047097815
      ],
      "exit_codes": [
        0,
        0,
        0,
        0,
        0,
        0,
        0,
        0,
        0,
        0,
        0,
        0,
        0,
        0,
        0,
        0,
        0,
        0,
        0,
        0,
        0,
        0,
        0,
        0,
        0,
        0,
        0,
        0,
        0,
        0,
        0,
        0,
        0,
        0,
        0,
        0,
        0,
        0,
        0,
        0,
        0,
        0,
        0,
        0,
        0,
        0,
        0,
        0,
        0,
        0,
        0,
        0,
        0,
        0,
        0,
        0,
        0,
        0,
        0,
        0,
        0,
        0,
        0
      ]
    }
  ]
}
