{
  "results": [
    {
      "command": "./benchmark_guardpage_asmmove",
      "mean": 0.8825584994400001,
      "stddev": 0.008801090367316243,
      "median": 0.884503154,
      "user": 0.8692693199999999,
      "system": 0.004168440000000001,
      "min": 0.855981595,
      "max": 0.893470646,
      "times": [
        0.8897639430000001,
        0.883643393,
        0.8839114050000001,
        0.884503154,
        0.8846582980000001,
        0.8838734450000001,
        0.884227724,
        0.893470646,
        0.867291683,
        0.8867544650000001,
        0.8845665730000001,
        0.8849340710000001,
        0.884096086,
        0.8851539300000001,
        0.8839644310000001,
        0.886777982,
        0.883697366,
        0.8843944730000001,
        0.8907536290000001,
        0.8584342030000001,
        0.855981595,
        0.8849416550000001,
        0.88474005,
        0.885979323,
        0.8834489630000001
      ],
      "exit_codes": [
        0,
        0,
        0,
        0,
        0,
        0,
        0,
        0,
        0,
        0,
        0,
        0,
        0,
        0,
        0,
        0,
        0,
        0,
        0,
        0,
        0,
        0,
        0,
        0,
        0
      ]
    }
  ]
}
