{
  "results": [
    {
      "command": "./benchmark_boundschecks",
      "mean": 1.0795776048399999,
      "stddev": 0.004843207013225133,
      "median": 1.080808323,
      "user": 1.06475096,
      "system": 0.00383788,
      "min": 1.060144023,
      "max": 1.082720191,
      "times": [
        1.079766785,
        1.080468993,
        1.082720191,
        1.08056069,
        1.068149088,
        1.081147614,
        1.080808323,
        1.081503071,
        1.079997994,
        1.081028607,
        1.080879322,
        1.079584704,
        1.080933729,
        1.082091157,
        1.060144023,
        1.0807945700000001,
        1.080491965,
        1.082002782,
        1.080461063,
        1.080048013,
        1.081643053,
        1.080991811,
        1.081369273,
        1.081588068,
        1.080265232
      ],
      "exit_codes": [
        0,
        0,
        0,
        0,
        0,
        0,
        0,
        0,
        0,
        0,
        0,
        0,
        0,
        0,
        0,
        0,
        0,
        0,
        0,
        0,
        0,
        0,
        0,
        0,
        0
      ]
    }
  ]
}
