{
  "results": [
    {
      "command": "./benchmark_masking",
      "mean": 0.0866737591470588,
      "stddev": 0.00025326360852307453,
      "median": 0.08663343400000001,
      "user": 0.08466497058823529,
      "system": 0.0009432941176470587,
      "min": 0.086363984,
      "max": 0.087704635,
      "times": [
        0.086691737,
        0.08652127600000001,
        0.08658768900000001,
        0.087137851,
        0.08667517200000001,
        0.08685134800000001,
        0.086763829,
        0.08652536300000001,
        0.086500824,
        0.086673044,
        0.086396389,
        0.086437524,
        0.08656184,
        0.086526563,
        0.086677032,
        0.08666027600000001,
        0.086586039,
        0.087704635,
        0.08674253700000001,
        0.086363984,
        0.08680849,
        0.086494834,
        0.086682163,
        0.086563871,
        0.086415883,
        0.086606442,
        0.08680831700000001,
        0.086675847,
        0.08666522900000001,
        0.08660659200000001,
        0.086790395,
        0.087148341,
        0.08648754700000001,
        0.086568908
      ],
      "exit_codes": [
        0,
        0,
        0,
        0,
        0,
        0,
        0,
        0,
        0,
        0,
        0,
        0,
        0,
        0,
        0,
        0,
        0,
        0,
        0,
        0,
        0,
        0,
        0,
        0,
        0,
        0,
        0,
        0,
        0,
        0,
        0,
        0,
        0,
        0
      ]
    }
  ]
}
