{
  "results": [
    {
      "command": "./benchmark_hfiemulate2",
      "mean": 0.22443211824000003,
      "stddev": 0.00048652560805181676,
      "median": 0.22439841600000002,
      "user": 0.21950351999999998,
      "system": 0.0023916,
      "min": 0.22341758,
      "max": 0.22559799900000002,
      "times": [
        0.22493719,
        0.22439841600000002,
        0.22425815000000002,
        0.22484477800000002,
        0.224170964,
        0.224274878,
        0.22435660000000002,
        0.224365054,
        0.22429820700000003,
        0.224231129,
        0.224677398,
        0.224550772,
        0.22341758,
        0.22559799900000002,
        0.22344866400000002,
        0.22447265700000002,
        0.224286327,
        0.22450488100000002,
        0.224561589,
        0.22541213100000002,
        0.22404071800000003,
        0.22445108100000002,
        0.224768296,
        0.22386059000000003,
        0.224616907
      ],
      "exit_codes": [
        0,
        0,
        0,
        0,
        0,
        0,
        0,
        0,
        0,
        0,
        0,
        0,
        0,
        0,
        0,
        0,
        0,
        0,
        0,
        0,
        0,
        0,
        0,
        0,
        0
      ]
    }
  ]
}
