{
  "results": [
    {
      "command": "./benchmark_boundschecks",
      "mean": 0.26116703204,
      "stddev": 0.0003322355859537598,
      "median": 0.261130439,
      "user": 0.25635127999999996,
      "system": 0.0019247199999999996,
      "min": 0.260604494,
      "max": 0.26167467,
      "times": [
        0.260604494,
        0.261564809,
        0.26165494,
        0.26103365100000003,
        0.26106111400000004,
        0.261406195,
        0.260827091,
        0.261350996,
        0.261074957,
        0.261404992,
        0.260652945,
        0.26157974500000003,
        0.261322001,
        0.261383483,
        0.261130439,
        0.261204054,
        0.26167467,
        0.261527373,
        0.260746386,
        0.260645312,
        0.261124523,
        0.260926847,
        0.26088237400000003,
        0.260923634,
        0.261468776
      ],
      "exit_codes": [
        0,
        0,
        0,
        0,
        0,
        0,
        0,
        0,
        0,
        0,
        0,
        0,
        0,
        0,
        0,
        0,
        0,
        0,
        0,
        0,
        0,
        0,
        0,
        0,
        0
      ]
    }
  ]
}
