{
  "results": [
    {
      "command": "./benchmark_guardpage_asmmove",
      "mean": 0.2620499018800001,
      "stddev": 0.0003748087689951957,
      "median": 0.26204027700000004,
      "user": 0.2563479999999999,
      "system": 0.0028600400000000003,
      "min": 0.26133868600000004,
      "max": 0.262897849,
      "times": [
        0.261381466,
        0.261865899,
        0.262897849,
        0.261861807,
        0.26204520200000003,
        0.262328441,
        0.261460937,
        0.262283354,
        0.261712707,
        0.26232545700000004,
        0.26205946,
        0.262330973,
        0.262554882,
        0.26198812600000004,
        0.26204027700000004,
        0.26184528300000004,
        0.262428521,
        0.2622609,
        0.26197619,
        0.26182744,
        0.262483681,
        0.261708361,
        0.26133868600000004,
        0.26223153,
        0.262010118
      ],
      "exit_codes": [
        0,
        0,
        0,
        0,
        0,
        0,
        0,
        0,
        0,
        0,
        0,
        0,
        0,
        0,
        0,
        0,
        0,
        0,
        0,
        0,
        0,
        0,
        0,
        0,
        0
      ]
    }
  ]
}
