{
  "results": [
    {
      "command": "./benchmark_masking",
      "mean": 0.051076996929824564,
      "stddev": 0.002756268920386566,
      "median": 0.051898383000000006,
      "user": 0.04837752631578946,
      "system": 0.0020131052631578946,
      "min": 0.038819856,
      "max": 0.053635581,
      "times": [
        0.051744317000000005,
        0.05193239,
        0.045255378000000006,
        0.042438679,
        0.052352755,
        0.052240078,
        0.051444752,
        0.051901592,
        0.051990573000000005,
        0.051414603,
        0.051866915000000006,
        0.051358051,
        0.052031401000000005,
        0.052138868000000005,
        0.051808485,
        0.051997281000000006,
        0.051919774,
        0.051347848,
        0.051981496,
        0.051890762,
        0.051484263,
        0.052292134000000004,
        0.051898383000000006,
        0.051504244000000005,
        0.052991522000000006,
        0.051955233,
        0.051561020000000006,
        0.051893221,
        0.051731278000000006,
        0.051693502,
        0.051856925000000005,
        0.05227736400000001,
        0.053635581,
        0.051687395000000004,
        0.052041663,
        0.051899499,
        0.05191665,
        0.051552625000000005,
        0.052111622,
        0.052028642,
        0.052181135000000003,
        0.051870247,
        0.052683513,
        0.051606209,
        0.051974087,
        0.052269961000000004,
        0.051562028,
        0.052624352000000006,
        0.038819856,
        0.048811076,
        0.04300715,
        0.044043598,
        0.051951484000000006,
        0.051380577000000004,
        0.052081123,
        0.052077281,
        0.051376384000000004
      ],
      "exit_codes": [
        0,
        0,
        0,
        0,
        0,
        0,
        0,
        0,
        0,
        0,
        0,
        0,
        0,
        0,
        0,
        0,
        0,
        0,
        0,
        0,
        0,
        0,
        0,
        0,
        0,
        0,
        0,
        0,
        0,
        0,
        0,
        0,
        0,
        0,
        0,
        0,
        0,
        0,
        0,
        0,
        0,
        0,
        0,
        0,
        0,
        0,
        0,
        0,
        0,
        0,
        0,
        0,
        0,
        0,
        0,
        0,
        0
      ]
    }
  ]
}
