{
  "results": [
    {
      "command": "./benchmark_hfiemulate2",
      "mean": 0.7482272078,
      "stddev": 0.0007058344731952683,
      "median": 0.74817498,
      "user": 0.73650024,
      "system": 0.0041622,
      "min": 0.746849595,
      "max": 0.750285673,
      "times": [
        0.748329684,
        0.748600365,
        0.7476775750000001,
        0.7486924370000001,
        0.750285673,
        0.746849595,
        0.748407962,
        0.7493841400000001,
        0.7481499850000001,
        0.748149625,
        0.7482547620000001,
        0.7469983,
        0.748763335,
        0.748182816,
        0.7480566240000001,
        0.7479989890000001,
        0.7473190080000001,
        0.747802268,
        0.7480210570000001,
        0.7487876130000001,
        0.747857859,
        0.7479602870000001,
        0.7487882840000001,
        0.74817498,
        0.7481869720000001
      ],
      "exit_codes": [
        0,
        0,
        0,
        0,
        0,
        0,
        0,
        0,
        0,
        0,
        0,
        0,
        0,
        0,
        0,
        0,
        0,
        0,
        0,
        0,
        0,
        0,
        0,
        0,
        0
      ]
    }
  ]
}
