{
  "results": [
    {
      "command": "./benchmark_guardpage_asmmove",
      "mean": 0.04878954703278689,
      "stddev": 0.00041382408067067844,
      "median": 0.048788425,
      "user": 0.04695462295081966,
      "system": 0.0011528852459016395,
      "min": 0.048227601,
      "max": 0.050534057,
      "times": [
        0.049171042000000005,
        0.048639292,
        0.048787758,
        0.048303863,
        0.048864428,
        0.048965077,
        0.048307420000000004,
        0.048795726000000005,
        0.048314035000000005,
        0.048627283,
        0.048823445,
        0.048285368,
        0.048956445,
        0.049103714,
        0.049067693,
        0.048782716000000004,
        0.048340068,
        0.048716941,
        0.049390308,
        0.048403506000000006,
        0.048747222,
        0.048227601,
        0.049526683,
        0.048850205,
        0.048487982000000006,
        0.048696516,
        0.049358619000000006,
        0.048641567000000004,
        0.049173417000000004,
        0.048315639,
        0.049065973000000006,
        0.048700717000000004,
        0.048899627,
        0.048832391,
        0.048341228,
        0.04888552,
        0.048786465,
        0.048892828000000006,
        0.050534057,
        0.048853561000000004,
        0.048809099,
        0.048844169,
        0.048334757000000006,
        0.048818617,
        0.048297665000000004,
        0.048725474000000005,
        0.049726313,
        0.048275438000000004,
        0.048826486,
        0.048568802,
        0.049043141000000005,
        0.048788425,
        0.048415459,
        0.048592229,
        0.049435345000000006,
        0.048399262000000005,
        0.048955769,
        0.048287346,
        0.048925967,
        0.049240589,
        0.048388071000000005
      ],
      "exit_codes": [
        0,
        0,
        0,
        0,
        0,
        0,
        0,
        0,
        0,
        0,
        0,
        0,
        0,
        0,
        0,
        0,
        0,
        0,
        0,
        0,
        0,
        0,
        0,
        0,
        0,
        0,
        0,
        0,
        0,
        0,
        0,
        0,
        0,
        0,
        0,
        0,
        0,
        0,
        0,
        0,
        0,
        0,
        0,
        0,
        0,
        0,
        0,
        0,
        0,
        0,
        0,
        0,
        0,
        0,
        0,
        0,
        0,
        0,
        0,
        0,
        0
      ]
    }
  ]
}
