{
  "results": [
    {
      "command": "./benchmark_masking",
      "mean": 0.92492135192,
      "stddev": 0.0016041701433707855,
      "median": 0.924781355,
      "user": 0.9114712399999999,
      "system": 0.0041537200000000005,
      "min": 0.922211647,
      "max": 0.928936501,
      "times": [
        0.9249205770000001,
        0.9244845610000001,
        0.9251251290000001,
        0.9264872120000001,
        0.926499645,
        0.9239921270000001,
        0.9268737420000001,
        0.9228733410000001,
        0.9270669880000001,
        0.9250743610000001,
        0.9245744060000001,
        0.9270375660000001,
        0.9229400820000001,
        0.9238583440000001,
        0.928936501,
        0.924657009,
        0.924781355,
        0.925328695,
        0.922211647,
        0.922262499,
        0.9255867550000001,
        0.9247036300000001,
        0.924948996,
        0.923696936,
        0.924111694
      ],
      "exit_codes": [
        0,
        0,
        0,
        0,
        0,
        0,
        0,
        0,
        0,
        0,
        0,
        0,
        0,
        0,
        0,
        0,
        0,
        0,
        0,
        0,
        0,
        0,
        0,
        0,
        0
      ]
    }
  ]
}
