{
  "results": [
    {
      "command": "./benchmark_masking",
      "mean": 1.5038753222799999,
      "stddev": 0.021837150747116847,
      "median": 1.499865676,
      "user": 1.4818384799999997,
      "system": 0.00640252,
      "min": 1.485044796,
      "max": 1.6075692369999999,
      "times": [
        1.499834461,
        1.499651744,
        1.49973951,
        1.50017991,
        1.499692036,
        1.499865676,
        1.501048031,
        1.500152995,
        1.4995577770000001,
        1.4994724640000001,
        1.6075692369999999,
        1.50257579,
        1.501668004,
        1.499065553,
        1.500106039,
        1.4999641860000001,
        1.500513641,
        1.498990215,
        1.499837437,
        1.49974634,
        1.500082881,
        1.499156999,
        1.500055704,
        1.485044796,
        1.5033116309999999
      ],
      "exit_codes": [
        0,
        0,
        0,
        0,
        0,
        0,
        0,
        0,
        0,
        0,
        0,
        0,
        0,
        0,
        0,
        0,
        0,
        0,
        0,
        0,
        0,
        0,
        0,
        0,
        0
      ]
    }
  ]
}
