{
  "results": [
    {
      "command": "./benchmark_guardpage_asmmove",
      "mean": 0.08651493391176471,
      "stddev": 0.0003926854725756509,
      "median": 0.086402901,
      "user": 0.08417473529411763,
      "system": 0.0012708823529411764,
      "min": 0.086028834,
      "max": 0.08731621,
      "times": [
        0.08640473900000001,
        0.08682309,
        0.086278513,
        0.08731621,
        0.086149741,
        0.086578285,
        0.08694783,
        0.08609564,
        0.086352446,
        0.08677183200000001,
        0.086101537,
        0.086134742,
        0.086763949,
        0.08631372600000001,
        0.086401063,
        0.087188122,
        0.087150503,
        0.08708339600000001,
        0.08608362500000001,
        0.0866765,
        0.086028834,
        0.08618311000000001,
        0.08727620800000001,
        0.08630536200000001,
        0.086136353,
        0.086210124,
        0.08703605,
        0.086228331,
        0.08610295100000001,
        0.086263898,
        0.086764908,
        0.086444565,
        0.086468891,
        0.08644267900000001
      ],
      "exit_codes": [
        0,
        0,
        0,
        0,
        0,
        0,
        0,
        0,
        0,
        0,
        0,
        0,
        0,
        0,
        0,
        0,
        0,
        0,
        0,
        0,
        0,
        0,
        0,
        0,
        0,
        0,
        0,
        0,
        0,
        0,
        0,
        0,
        0,
        0
      ]
    }
  ]
}
