{
  "results": [
    {
      "command": "./benchmark_boundschecks",
      "mean": 0.05138112821052632,
      "stddev": 0.0003425980836753038,
      "median": 0.051360618000000004,
      "user": 0.04950435087719298,
      "system": 0.0011851754385964913,
      "min": 0.050892729000000005,
      "max": 0.052547319,
      "times": [
        0.052547319,
        0.050944606,
        0.051400153000000004,
        0.051423085,
        0.051043974000000006,
        0.051996855,
        0.051592000000000006,
        0.051123696,
        0.051233015,
        0.051045085000000004,
        0.051186560000000006,
        0.051529374,
        0.052098054000000005,
        0.051210024,
        0.051945210000000006,
        0.050988245,
        0.051218174000000005,
        0.051423605000000004,
        0.050895139000000006,
        0.051331461,
        0.051490555,
        0.050918870000000005,
        0.051489796000000004,
        0.0514019,
        0.051348969,
        0.051474018,
        0.050915706000000005,
        0.051511652000000005,
        0.051344831,
        0.051288926000000006,
        0.051970010000000004,
        0.051464844,
        0.051016755000000004,
        0.051325034000000005,
        0.051025371,
        0.051722447000000005,
        0.051808373000000005,
        0.051020461,
        0.051317132,
        0.051381409,
        0.051058863,
        0.051271764000000004,
        0.051544121000000005,
        0.050892729000000005,
        0.051569403,
        0.051234399,
        0.051559804,
        0.052165289000000004,
        0.051579605,
        0.051434879,
        0.051360618000000004,
        0.051045903000000004,
        0.051363338,
        0.051421371,
        0.051020627000000006,
        0.05127907,
        0.051509832000000005
      ],
      "exit_codes": [
        0,
        0,
        0,
        0,
        0,
        0,
        0,
        0,
        0,
        0,
        0,
        0,
        0,
        0,
        0,
        0,
        0,
        0,
        0,
        0,
        0,
        0,
        0,
        0,
        0,
        0,
        0,
        0,
        0,
        0,
        0,
        0,
        0,
        0,
        0,
        0,
        0,
        0,
        0,
        0,
        0,
        0,
        0,
        0,
        0,
        0,
        0,
        0,
        0,
        0,
        0,
        0,
        0,
        0,
        0,
        0,
        0
      ]
    }
  ]
}
