{
  "results": [
    {
      "command": "./benchmark_boundschecks",
      "mean": 0.006220021780911065,
      "stddev": 0.00031322027755290564,
      "median": 0.006200062,
      "user": 0.005308364425162689,
      "system": 0.0007170976138828635,
      "min": 0.0034213150000000003,
      "max": 0.00698597,
      "times": [
        0.0065061780000000005,
        0.006613651000000001,
        0.006153420000000001,
        0.0061876200000000004,
        0.006271416,
        0.006178917000000001,
        0.0061454660000000005,
        0.006252054000000001,
        0.00621893,
        0.006172254,
        0.006145207000000001,
        0.0063508290000000005,
        0.0061550220000000004,
        0.006155397,
        0.006246997000000001,
        0.006174054,
        0.0064259320000000005,
        0.006481977000000001,
        0.006155989000000001,
        0.00612602,
        0.0063360840000000005,
        0.006152249,
        0.006090094000000001,
        0.00624754,
        0.006224887,
        0.006159596000000001,
        0.006897228,
        0.006134682000000001,
        0.006148873,
        0.006208773000000001,
        0.006212054000000001,
        0.006127263,
        0.0062539380000000006,
        0.006157783,
        0.006142884,
        0.0061163630000000005,
        0.006298120000000001,
        0.006563786,
        0.006211025,
        0.006497956,
        0.006184417,
        0.0061719900000000005,
        0.006303395000000001,
        0.006114003000000001,
        0.006130314,
        0.006260300000000001,
        0.006187057,
        0.0061449650000000005,
        0.006937294,
        0.0061600610000000005,
        0.0061666460000000005,
        0.006393728,
        0.0061385020000000005,
        0.00611081,
        0.006264942000000001,
        0.006191332000000001,
        0.006141906000000001,
        0.006220122000000001,
        0.006188371000000001,
        0.006142730000000001,
        0.006543102,
        0.006579177,
        0.00610006,
        0.006264785,
        0.006235775000000001,
        0.006185062000000001,
        0.006108437,
        0.006287676000000001,
        0.006134782,
        0.006132960000000001,
        0.00621657,
        0.006445322000000001,
        0.006119147,
        0.0065798160000000005,
        0.006218004,
        0.006142871,
        0.006953242,
        0.0061165970000000005,
        0.0061673990000000005,
        0.00621426,
        0.006180194,
        0.0064318890000000005,
        0.006474146,
        0.006142472,
        0.006218594,
        0.006252424,
        0.006204099,
        0.006134097000000001,
        0.006239393,
        0.006249719000000001,
        0.006121710000000001,
        0.006155603000000001,
        0.006651825,
        0.006128647,
        0.00614504,
        0.006495431,
        0.006108103,
        0.006169518000000001,
        0.0063066500000000004,
        0.0061347220000000004,
        0.006141766000000001,
        0.006265065,
        0.0062531240000000005,
        0.006642278000000001,
        0.00645158,
        0.006184945000000001,
        0.006143743,
        0.006298724,
        0.006095494000000001,
        0.006156473,
        0.006225538,
        0.0061969930000000005,
        0.006216069,
        0.0062668970000000004,
        0.00698597,
        0.006144444000000001,
        0.0061609180000000005,
        0.006328938,
        0.006192362000000001,
        0.006124068000000001,
        0.0062433,
        0.0062206710000000005,
        0.006107438000000001,
        0.006259925,
        0.0034213150000000003,
        0.003444547,
        0.0036454340000000003,
        0.00385709,
        0.004655052000000001,
        0.004639348000000001,
        0.005178212000000001,
        0.005800176000000001,
        0.006279599,
        0.0061385020000000005,
        0.0061698610000000004,
        0.006261348000000001,
        0.0061562660000000005,
        0.006155417000000001,
        0.006221096000000001,
        0.006545941,
        0.006116482,
        0.006126091,
        0.006500195,
        0.006164689,
        0.006279460000000001,
        0.006223490000000001,
        0.006095203,
        0.006238022,
        0.006198311000000001,
        0.006157516,
        0.0064158470000000006,
        0.006450122,
        0.0062064500000000005,
        0.006236436000000001,
        0.006256079,
        0.006150612000000001,
        0.006154509000000001,
        0.006282544,
        0.006136197,
        0.0061499020000000005,
        0.006494616000000001,
        0.006248636,
        0.0061253950000000005,
        0.006475053000000001,
        0.006125583,
        0.006151934,
        0.006231768,
        0.006196339,
        0.0062323610000000005,
        0.006218817000000001,
        0.006200375,
        0.006471387,
        0.006147538,
        0.006459371,
        0.006126889000000001,
        0.006302786,
        0.006458779,
        0.006182146,
        0.006436432000000001,
        0.006111916,
        0.006236991000000001,
        0.006242936,
        0.006496957,
        0.006138646,
        0.006478356,
        0.006165183,
        0.006185134,
        0.0062707610000000006,
        0.0062370740000000004,
        0.006143434000000001,
        0.0062405640000000005,
        0.0061966550000000006,
        0.006200543,
        0.006510315,
        0.006428528,
        0.0061489380000000005,
        0.006305225,
        0.006258059000000001,
        0.006166272,
        0.006143633000000001,
        0.006267642,
        0.006142853,
        0.006108966,
        0.006271977000000001,
        0.006202490000000001,
        0.006479892,
        0.006510686000000001,
        0.006187389000000001,
        0.006132465,
        0.006312912,
        0.006131865,
        0.006174753000000001,
        0.006237581000000001,
        0.006236796,
        0.006115069000000001,
        0.006269088000000001,
        0.006481218,
        0.006157088000000001,
        0.006190068,
        0.006452559,
        0.006161044,
        0.006307562,
        0.006178402,
        0.006124322000000001,
        0.0060966860000000005,
        0.006325873,
        0.006518435,
        0.006151833000000001,
        0.006502449,
        0.006122573,
        0.006176573,
        0.006321649,
        0.006152256,
        0.006142487,
        0.0062688660000000005,
        0.006228405,
        0.006157069,
        0.006825979,
        0.006124114000000001,
        0.006124881,
        0.006366490000000001,
        0.006227266,
        0.006139904000000001,
        0.006217447,
        0.0062523430000000005,
        0.006158949,
        0.006144058,
        0.006259598000000001,
        0.006463123,
        0.006161869,
        0.0064745160000000005,
        0.006150736,
        0.006297915,
        0.0061977970000000005,
        0.0061527280000000005,
        0.006132988000000001,
        0.006338893000000001,
        0.006118402,
        0.006160032,
        0.006960180000000001,
        0.006144272,
        0.0061607730000000005,
        0.006297312,
        0.006154676,
        0.006149265,
        0.006239908000000001,
        0.006269505000000001,
        0.006108377000000001,
        0.006234922,
        0.006235466,
        0.006461827000000001,
        0.006124495000000001,
        0.006476206,
        0.006222145,
        0.0062726330000000005,
        0.006200062,
        0.006117396000000001,
        0.006130041,
        0.006365368000000001,
        0.006106347000000001,
        0.006171002,
        0.0062737190000000005,
        0.006522259000000001,
        0.0062057150000000005,
        0.006452164000000001,
        0.006138347000000001,
        0.006104288,
        0.006313162000000001,
        0.006129672,
        0.006191596000000001,
        0.006270735,
        0.006209127,
        0.006418104,
        0.006454922,
        0.006192111,
        0.006168178000000001,
        0.006253695,
        0.006228196,
        0.0061234160000000004,
        0.006245041000000001,
