{
  "results": [
    {
      "command": "./benchmark_masking",
      "mean": 0.011081581546816472,
      "stddev": 0.00046229829829577945,
      "median": 0.011089863,
      "user": 0.00994392134831461,
      "system": 0.0008832584269662922,
      "min": 0.006528336,
      "max": 0.011857479,
      "times": [
        0.011214404,
        0.011376945000000001,
        0.007979974,
        0.006528336,
        0.007738620000000001,
        0.008762287,
        0.01076501,
        0.010959709000000002,
        0.011127176,
        0.01094757,
        0.011409877,
        0.01095452,
        0.011272525,
        0.011115086000000001,
        0.010935177,
        0.01108317,
        0.011332114,
        0.011252406000000001,
        0.011048742,
        0.010987584,
        0.011026374,
        0.011012031,
        0.011772578,
        0.011009011,
        0.011096430000000001,
        0.010947972,
        0.011112678,
        0.010930241,
        0.011488203,
        0.011262098,
        0.010961953,
        0.011116576000000001,
        0.010942845000000001,
        0.011089863,
        0.011272434000000001,
        0.011250749,
        0.011094364,
        0.011282066,
        0.011249458,
        0.011126466000000002,
        0.011268523,
        0.011341393,
        0.010934229,
        0.011078197000000001,
        0.011003843000000001,
        0.011096430000000001,
        0.01159662,
        0.010928212000000001,
        0.011103691,
        0.010953534000000001,
        0.011078210000000002,
        0.010984481,
        0.011415465000000001,
        0.010951536000000001,
        0.011241068,
        0.011108146000000001,
        0.010948840000000001,
        0.011082228000000001,
        0.011327413000000001,
        0.011261797,
        0.011047063000000001,
        0.011012147,
        0.011099706,
        0.010929346000000001,
        0.011621051,
        0.011027684000000001,
        0.011071133,
        0.011078850000000001,
        0.011007207000000001,
        0.011053999,
        0.011389238000000001,
        0.011364408000000001,
        0.010955658,
        0.011148591000000001,
        0.011069555,
        0.01097244,
        0.011539358000000001,
        0.010988998,
        0.011113879,
        0.010942222000000001,
        0.011127517,
        0.010939769,
        0.011565547,
        0.011298136,
        0.010930519000000001,
        0.011085408000000001,
        0.010937510000000001,
        0.011125635,
        0.011321994,
        0.011264869,
        0.011093149,
        0.011267235,
        0.011255848,
        0.011013828000000002,
        0.011387574000000001,
        0.011328953000000001,
        0.01093506,
        0.011083207000000001,
        0.010936744,
        0.011103407000000001,
        0.011605389,
        0.010994218,
        0.011113497,
        0.010907953000000001,
        0.011070889,
        0.010920761000000001,
        0.011135091000000001,
        0.011231666000000001,
        0.011273482000000001,
        0.011108384,
        0.010930175,
        0.011076317,
        0.010936842,
        0.011551837,
        0.01108154,
        0.010990017000000001,
        0.011091095,
        0.010992825000000001,
        0.011036271,
        0.011347635,
        0.011228282000000001,
        0.010935163000000001,
        0.011106463,
        0.011100745,
        0.01099549,
        0.011473631000000001,
        0.010956959,
        0.011109578,
        0.010914962,
        0.011113001,
        0.010988621,
        0.01158921,
        0.011089848000000001,
        0.010938875,
        0.011087251000000001,
        0.010950471,
        0.011105652,
        0.011311867000000001,
        0.011235418,
        0.011096493,
        0.010963745,
        0.011072782000000001,
        0.010942202,
        0.011495236,
        0.011153611,
        0.011349007000000001,
        0.011287549000000001,
        0.010937774,
        0.011134384,
        0.011477887,
        0.010949625000000001,
        0.011179906,
        0.010950565,
        0.011100547,
        0.010913553000000001,
        0.011604132000000001,
        0.011096984,
        0.011033562,
        0.011108908,
        0.010955898,
        0.011094502000000001,
        0.011227849000000002,
        0.011306499000000001,
        0.011057678000000001,
        0.010979364,
        0.011033563000000001,
        0.011313619,
        0.011257851000000001,
        0.011061967,
        0.010994827,
        0.011033652000000001,
        0.011018719000000001,
        0.011357232,
        0.011329285000000001,
        0.011071556000000001,
        0.010977116,
        0.011105545000000001,
        0.010917011,
        0.011360446000000001,
        0.010945143000000001,
        0.011383181000000001,
        0.011107226000000001,
        0.010943064,
        0.011090693,
        0.011225830000000001,
        0.011244548,
        0.011057466,
        0.011039254,
        0.011036618000000002,
        0.010996931000000001,
        0.011429011000000001,
        0.010946991000000001,
        0.011225958000000001,
        0.011066259,
        0.011045782,
        0.011015766000000001,
        0.011275720000000001,
        0.011268796000000001,
        0.010938144,
        0.011328417,
        0.011249323,
        0.010940481,
        0.011400368000000001,
        0.010962804000000001,
        0.011250905,
        0.011041294,
        0.011002005,
        0.011036392,
        0.011327593,
        0.011297938,
        0.010939004,
        0.011118421,
        0.011066534000000001,
        0.010979545,
        0.011655861,
        0.01093996,
        0.011198077,
        0.010925143,
        0.011134198000000001,
        0.011055203000000001,
        0.011305473,
        0.011247274000000002,
        0.010941014,
        0.011136361000000001,
        0.010927928,
        0.011061016,
        0.011304755000000001,
        0.011255655000000002,
        0.011096915,
        0.010940506000000001,
        0.011157529000000001,
        0.010951075000000001,
        0.011857479,
        0.01101211,
        0.01111251,
        0.011060526000000001,
        0.011001727000000001,
        0.011095537,
        0.011312825,
        0.011254867,
        0.010933581000000001,
        0.011073111,
        0.010946056000000001,
        0.011108759000000001,
        0.01176774,
        0.010966061000000001,
        0.011115803,
        0.010947973000000001,
        0.011087101,
        0.010907631000000001,
        0.011480250000000001,
        0.011292301000000001,
        0.010990698,
        0.011370771,
        0.010969684,
        0.011248649000000001,
        0.011625133000000001,
        0.011005611,
        0.011106361,
        0.010984093,
        0.011108893,
        0.010928871000000001,
        0.011459269000000001,
        0.01124207,
        0.010951546000000001,
        0.011108902,
        0.010986504000000001
      ],