{
  "results": [
    {
      "command": "./benchmark_hfiemulate2",
      "mean": 0.6922765130000001,
      "stddev": 0.0003811507863067466,
      "median": 0.6922906990000001,
      "user": 0.6814929200000001,
      "system": 0.0036650000000000003,
      "min": 0.6916273150000001,
      "max": 0.69293885,
      "times": [
        0.692331062,
        0.692614268,
        0.692141294,
        0.69168054,
        0.6918002360000001,
        0.692063569,
        0.6922906990000001,
        0.6926364690000001,
        0.6923475570000001,
        0.692401483,
        0.692549747,
        0.6919792130000001,
        0.692013306,
        0.6927758460000001,
        0.69293885,
        0.6916273150000001,
        0.6925723180000001,
        0.6927616320000001,
        0.692261996,
        0.692510253,
        0.692828081,
        0.691730096,
        0.6919121730000001,
        0.6919398720000001,
        0.69220495
      ],
      "exit_codes": [
        0,
        0,
        0,
        0,
        0,
        0,
        0,
        0,
        0,
        0,
        0,
        0,
        0,
        0,
        0,
        0,
        0,
        0,
        0,
        0,
        0,
        0,
        0,
        0,
        0
      ]
    }
  ]
}
