{
  "results": [
    {
      "command": "./benchmark_guardpage_asmmove",
      "mean": 0.6456189342800001,
      "stddev": 0.00270738694248246,
      "median": 0.646101176,
      "user": 0.6356069599999999,
      "system": 0.0035159999999999996,
      "min": 0.632703515,
      "max": 0.646873282,
      "times": [
        0.646363423,
        0.6461888570000001,
        0.645998771,
        0.645963244,
        0.645962153,
        0.6462033570000001,
        0.646370933,
        0.646873282,
        0.6466918340000001,
        0.6458416490000001,
        0.6456741960000001,
        0.646065721,
        0.645879281,
        0.646357032,
        0.645657134,
        0.6460438470000001,
        0.646351026,
        0.645946922,
        0.646132704,
        0.646101176,
        0.645911362,
        0.632703515,
        0.6465754690000001,
        0.6461061170000001,
        0.6465103520000001
      ],
      "exit_codes": [
        0,
        0,
        0,
        0,
        0,
        0,
        0,
        0,
        0,
        0,
        0,
        0,
        0,
        0,
        0,
        0,
        0,
        0,
        0,
        0,
        0,
        0,
        0,
        0,
        0
      ]
    }
  ]
}
