{
  "results": [
    {
      "command": "./benchmark_guardpage_asmmove",
      "mean": 0.22399328363999998,
      "stddev": 0.00040978264994515415,
      "median": 0.22393628200000001,
      "user": 0.21866832,
      "system": 0.0028627600000000002,
      "min": 0.223334634,
      "max": 0.22486988400000002,
      "times": [
        0.224192634,
        0.22412094100000002,
        0.223334634,
        0.22437268100000002,
        0.224079877,
        0.22439387900000002,
        0.224565447,
        0.223474884,
        0.22486988400000002,
        0.223662726,
        0.22366949500000002,
        0.224296571,
        0.223339471,
        0.224362259,
        0.22385421600000002,
        0.22393628200000001,
        0.223871599,
        0.22342471300000002,
        0.22387720100000003,
        0.22439572500000002,
        0.224214202,
        0.22377476000000002,
        0.22353246200000002,
        0.22385990800000002,
        0.22435564000000002
      ],
      "exit_codes": [
        0,
        0,
        0,
        0,
        0,
        0,
        0,
        0,
        0,
        0,
        0,
        0,
        0,
        0,
        0,
        0,
        0,
        0,
        0,
        0,
        0,
        0,
        0,
        0,
        0
      ]
    }
  ]
}
