{
  "results": [
    {
      "command": "./benchmark_boundschecks",
      "mean": 0.4560289818000001,
      "stddev": 0.00029604374107230114,
      "median": 0.45594221900000004,
      "user": 0.4491356,
      "system": 0.00223284,
      "min": 0.45544443300000004,
      "max": 0.45667908500000004,
      "times": [
        0.45664882,
        0.45591699900000004,
        0.45667908500000004,
        0.45625517800000004,
        0.45544443300000004,
        0.455833755,
        0.455954095,
        0.455699348,
        0.45570815400000003,
        0.45625198100000003,
        0.45641552300000005,
        0.45593750000000005,
        0.45624468100000004,
        0.455922859,
        0.4559193,
        0.456095913,
        0.45624253400000003,
        0.456267364,
        0.45562802700000005,
        0.45582300400000003,
        0.45601136800000003,
        0.45593409300000004,
        0.45608723500000004,
        0.45594221900000004,
        0.455861077
      ],
      "exit_codes": [
        0,
        0,
        0,
        0,
        0,
        0,
        0,
        0,
        0,
        0,
        0,
        0,
        0,
        0,
        0,
        0,
        0,
        0,
        0,
        0,
        0,
        0,
        0,
        0,
        0
      ]
    }
  ]
}
