{
  "results": [
    {
      "command": "./benchmark_guardpage_asmmove",
      "mean": 0.011035952453874542,
      "stddev": 0.0001965136931926983,
      "median": 0.010982612000000001,
      "user": 0.009899313653136527,
      "system": 0.0008819298892988929,
      "min": 0.010808794,
      "max": 0.011791617,
      "times": [
        0.011051779000000001,
        0.010843180000000001,
        0.011428884,
        0.010851838,
        0.011180533000000001,
        0.01095976,
        0.010905192000000001,
        0.011033775000000001,
        0.011185954000000001,
        0.011349923000000001,
        0.010979787000000001,
        0.010900058,
        0.010953937,
        0.010929515,
        0.011581958000000002,
        0.010876460000000001,
        0.011003024,
        0.010837919000000001,
        0.010901612000000001,
        0.010944039000000001,
        0.011366572,
        0.011208588,
        0.010849213,
        0.010993582,
        0.010857883,
        0.010984250000000001,
        0.011182158000000001,
        0.01097004,
        0.010999082,
        0.010884321,
        0.010967737,
        0.010861338,
        0.011755922,
        0.010918544,
        0.010992973000000001,
        0.010975346,
        0.010959036,
        0.010943228000000001,
        0.011338515,
        0.011160756,
        0.010850508,
        0.010977498,
        0.010835695000000001,
        0.011025604000000001,
        0.011465865,
        0.010892422,
        0.011008446,
        0.010836151,
        0.011071893000000001,
        0.010849341,
        0.011791617,
        0.010858937,
        0.010890239000000001,
        0.010950873,
        0.010904547,
        0.010958770000000001,
        0.011286649000000001,
        0.011175737000000002,
        0.010883136,
        0.010999667000000001,
        0.01084213,
        0.010995162000000001,
        0.011471121,
        0.010851312,
        0.011051892,
        0.010898377,
        0.010990615,
        0.010858314,
        0.011354268,
        0.010893064000000001,
        0.011149488,
        0.010981549,
        0.010895667000000001,
        0.011020749,
        0.011183237,
        0.011165377,
        0.010977631,
        0.010909255000000001,
        0.010950088,
        0.010947941000000001,
        0.011583737,
        0.010864663,
        0.011034731,
        0.010946222,
        0.010918665000000001,
        0.010967132000000001,
        0.011415315,
        0.011149195,
        0.01085758,
        0.010982612000000001,
        0.010872749000000001,
        0.011016575,
        0.011286768,
        0.010915822,
        0.011189025,
        0.010837821000000001,
        0.011007145000000001,
        0.010818821000000001,
        0.011574777000000001,
        0.010864851,
        0.011025273,
        0.011002479,
        0.010930248,
        0.010946499,
        0.011257136000000001,
        0.011138831,
        0.010845895000000001,
        0.011000211000000001,
        0.010894382000000001,
        0.010991773,
        0.011205987,
        0.010912947000000001,
        0.011155314000000001,
        0.010849785,
        0.010991845,
        0.010866053,
        0.01160471,
        0.010865195000000001,
        0.011033964,
        0.010946995000000001,
        0.010887164000000001,
        0.010956942,
        0.011238118,
        0.011227482,
        0.010851921,
        0.011001115,
        0.010840698000000001,
        0.011002668,
        0.011334404000000001,
        0.010946189,
        0.011263416,
        0.010861558,
        0.010996871,
        0.010831003,
        0.01132809,
        0.010860362,
        0.011140944,
        0.01103263,
        0.01096244,
        0.011001072,
        0.011233347000000001,
        0.011168652000000001,
        0.010959194,
        0.010924223,
        0.01100299,
        0.010885594,
        0.011607175,
        0.01087986,
        0.011028548,
        0.010846393000000001,
        0.010891903000000001,
        0.010985082,
        0.011242165,
        0.011141175000000001,
        0.010843905000000001,
        0.011033713,
        0.010855050000000002,
        0.011017076,
        0.011191969000000001,
        0.011206460000000001,
        0.011003215,
        0.010852989,
        0.011001617,
        0.010808794,
        0.011368075,
        0.010885334,
        0.011192034,
        0.010933668,
        0.010919924000000001,
        0.010989732,
        0.011136195000000002,
        0.011145178,
        0.010965445,
        0.010975469,
        0.010963037,
        0.010913764000000001,
        0.011705583,
        0.010848712,
        0.010996914,
        0.010850316,
        0.011067687000000001,
        0.010957468000000001,
        0.011299999000000002,
        0.011167201,
        0.010842468000000001,
        0.010980450000000001,
        0.010852213000000001,
        0.011002163,
        0.011165373000000001,
        0.011286201000000001,
        0.011010721000000001,
        0.010871990000000002,
        0.010976556,
        0.010861302000000001,
        0.011379066,
        0.010917459000000001,
        0.011245296,
        0.010966969,
        0.010887107,
        0.01101473,
        0.011160380000000001,
        0.011156029000000001,
        0.011017267,
        0.010888042,
        0.010963795,
        0.010881419,
        0.011604698,
        0.010858481000000001,
        0.011005447000000002,
        0.010901539,
        0.011003697000000002,
        0.010937462,
        0.011231108,
        0.011211652,
        0.010840175,
        0.011008439,
        0.010890631000000001,
        0.010989212,
        0.011165001,
        0.011153734,
        0.011034599,
        0.010836805000000001,
        0.010996187000000001,
        0.010841374,
        0.011315015000000001,
        0.010849029000000001,
        0.011137800000000002,
        0.010952561000000001,
        0.01095049,
        0.010948835,
        0.011291136,
        0.011199792,
        0.010841709000000001,
        0.010900607000000001,
        0.010959736000000001,
        0.010886987,
        0.011516374000000001,
        0.010864756000000001,
        0.01104422,
        0.010844118,
        0.011008307,
        0.01084148,
        0.011371699,
        0.011164341000000001,
        0.010868624,
        0.011064850000000001,
        0.010838204,
        0.010995313000000001,
        0.011249326,
        0.011169863,
        0.010962277000000001,
        0.010901122000000001,
        0.011045293000000001,
        0.010825076000000001,
        0.011311002,
        0.010860145,
        0.011139309,
        0.011536931,
        0.010879408,
        0.011015329,
        0.011135378000000001,
        0.011162926,
        0.010965322000000001,
        0.010905039,
        0.011001044000000001,
        0.010851933000000001,
        0.011735952000000001,
        0.010910927,
        0.01098905,
        0.010884239,
        0.011016322
      ],