{
  "results": [
    {
      "command": "./benchmark_masking",
      "mean": 3.048981424159999,
      "stddev": 0.011461679874775931,
      "median": 3.051341226,
      "user": 3.00379004,
      "system": 0.014562759999999998,
      "min": 3.020950859,
      "max": 3.071698876,
      "times": [
        3.057950999,
        3.020950859,
        3.033163631,
        3.038032071,
        3.039913172,
        3.040219434,
        3.064170214,
        3.0514810470000002,
        3.037151294,
        3.042484428,
        3.061161611,
        3.034084739,
        3.062075043,
        3.049167733,
        3.051341226,
        3.054439287,
        3.054101097,
        3.045129016,
        3.052407259,
        3.071698876,
        3.052999908,
        3.059032751,
        3.057174572,
        3.046337337,
        3.047868
      ],
      "exit_codes": [
        0,
        0,
        0,
        0,
        0,
        0,
        0,
        0,
        0,
        0,
        0,
        0,
        0,
        0,
        0,
        0,
        0,
        0,
        0,
        0,
        0,
        0,
        0,
        0,
        0
      ]
    }
  ]
}
