{
  "results": [
    {
      "command": "./benchmark_hfiemulate2",
      "mean": 0.010731660689285718,
      "stddev": 0.00016988730409525182,
      "median": 0.010704508000000001,
      "user": 0.009533710714285711,
      "system": 0.0009628607142857142,
      "min": 0.010532467,
      "max": 0.011463141000000001,
      "times": [
        0.010693965000000001,
        0.010720375,
        0.010946015,
        0.01086802,
        0.010598481,
        0.010714551000000001,
        0.010548374000000001,
        0.010816015,
        0.010562670000000001,
        0.010717817000000001,
        0.010829216000000001,
        0.010871879000000001,
        0.010685591000000001,
        0.010615945,
        0.010680582000000001,
        0.010684172,
        0.011304920000000001,
        0.010577843,
        0.010708655000000001,
        0.010553349,
        0.010754935,
        0.010571959,
        0.010778962000000001,
        0.01055382,
        0.011067356,
        0.010882820000000001,
        0.010565941,
        0.010735909,
        0.010532467,
        0.010722992,
        0.010963811,
        0.010948571,
        0.01067277,
        0.010626154,
        0.010661647000000002,
        0.010641769,
        0.010665377,
        0.010657077000000001,
        0.011129116000000001,
        0.010576955,
        0.010754003,
        0.010555837,
        0.010721854000000001,
        0.01056897,
        0.011165368,
        0.010589967,
        0.010855505000000001,
        0.010729188,
        0.010559164000000001,
        0.010703732,
        0.010552137000000001,
        0.010709900000000001,
        0.010942741,
        0.010875200000000002,
        0.010678835000000001,
        0.010635521,
        0.010698013000000001,
        0.010625365000000001,
        0.011307381,
        0.010613672000000001,
        0.010736836000000001,
        0.010577365,
        0.010723046,
        0.01056254,
        0.010699987000000001,
        0.010555097000000001,
        0.011309344,
        0.010746127000000001,
        0.010625119,
        0.010669513,
        0.010619937000000001,
        0.010738072000000001,
        0.010930683,
        0.010889845,
        0.010619692,
        0.010723902,
        0.010662688,
        0.010627820000000001,
        0.010651896000000001,
        0.01096946,
        0.01090252,
        0.01060437,
        0.010711577,
        0.010574153000000001,
        0.010761711,
        0.010557708,
        0.010734621000000001,
        0.010821361,
        0.010871441,
        0.01071847,
        0.010618991000000001,
        0.010671042,
        0.010619645,
        0.010989561,
        0.010585331,
        0.010849097,
        0.010601174000000001,
        0.010754904000000001,
        0.010648689000000001,
        0.010676404,
        0.010663187000000001,
        0.010884981,
        0.010868564,
        0.010572163,
        0.010785004,
        0.01053978,
        0.010705942000000001,
        0.010819028000000001,
        0.010741323,
        0.010571747000000001,
        0.010858778000000001,
        0.010721829,
        0.010626459000000001,
        0.011217698,
        0.010575399000000001,
        0.010736355000000001,
        0.010566134000000001,
        0.010721016,
        0.010563014,
        0.010731263000000001,
        0.010567888000000001,
        0.010982694000000001,
        0.010557672,
        0.010883899,
        0.010694321000000001,
        0.010619854000000001,
        0.010705441000000001,
        0.011025274,
        0.010869421,
        0.010574479000000001,
        0.010709251000000001,
        0.010557031000000001,
        0.010728318,
        0.010616423,
        0.010730323,
        0.011097609000000001,
        0.01056779,
        0.010737976000000002,
        0.010550379,
        0.010730928,
        0.010537493,
        0.01115898,
        0.010598358,
        0.010936374,
        0.010665065000000001,
        0.010629887000000001,
        0.010702061,
        0.010623168,
        0.010734194,
        0.010869086,
        0.010865447,
        0.01060903,
        0.010720479000000002,
        0.010555410000000001,
        0.010731447,
        0.010941411,
        0.010791694000000001,
        0.010860246,
        0.010580222,
        0.010705284,
        0.010555555000000001,
        0.010725674000000001,
        0.010572869,
        0.011244334,
        0.010695879,
        0.010609729,
        0.010671234,
        0.010644221,
        0.010671120000000001,
        0.010979840000000001,
        0.010863778000000001,
        0.010604545,
        0.010729942000000001,
        0.010572065,
        0.01069373,
        0.010539152000000001,
        0.01072695,
        0.010858678,
        0.010934819,
        0.010708525,
        0.01061377,
        0.010708185,
        0.010568165000000001,
        0.011423026000000001,
        0.010577773,
        0.010769626000000001,
        0.010575411,
        0.010723189000000001,
        0.010557388000000001,
        0.010712689000000001,
        0.010577881,
        0.011228088,
        0.010742266,
        0.01067072,
        0.01067435,
        0.010626108,
        0.010654335000000001,
        0.011006492000000001,
        0.010892129,
        0.010590268,
        0.010791284,
        0.010564956,
        0.010707798000000001,
        0.010687032,
        0.010962774000000002,
        0.010847863000000001,
        0.010579409000000001,
        0.010740104,
        0.010614452,
        0.010739069,
        0.010576909,
        0.010989449,
        0.010577726,
        0.010852584,
        0.010683432000000001,
        0.0106675,
        0.010645927000000001,
        0.010969154,
        0.010877734,
        0.010575304,
        0.010713190000000001,
        0.010552056,
        0.010787419000000001,
        0.010561108000000001,
        0.011030082,
        0.010891741,
        0.010574033,
        0.010714811000000001,
        0.010553083000000001,
        0.010702475000000001,
        0.010597641000000001,
        0.011463141000000001,
        0.010572615,
        0.010712902,
        0.010599199,
        0.010712503,
        0.010563262,
        0.010778162,
        0.011040497000000002,
        0.010867347000000001,
        0.010736032000000001,
        0.010552904,
        0.010720788,
        0.010564136,
        0.010720871,
        0.010937705,
        0.010889107,
        0.010666048000000001,
        0.01061025,
        0.010686864,
        0.010627673,
        0.010656725,
        0.011054575,
        0.010888537,
        0.010571665000000001,
        0.010708052000000001,
        0.010571201,
        0.010719296000000001,
        0.010553843,
        0.010737354000000001,
        0.010914112,
        0.010873419,
        0.010752692000000001,
        0.010571072,
        0.010720424000000001,
        0.010536061000000001,
        0.011058245000000001,
        0.010661985,
        0.010854125000000001,
        0.010722614,
        0.010622461000000001,
        0.010639309000000001,
        0.010609795,
        0.010695717,
        0.010932549000000001,
        0.010875678000000001,
        0.010555345,
        0.010732881000000001,
        0.010581071000000001,
        0.010694681000000001
      ],