{
  "results": [
    {
      "command": "./benchmark_guardpage_asmmove",
      "mean": 3.02716801944,
      "stddev": 0.018913703777241803,
      "median": 3.026506837,
      "user": 2.98331968,
      "system": 0.01374548,
      "min": 2.969714122,
      "max": 3.07279608,
      "times": [
        3.017951029,
        3.026885631,
        3.03515017,
        3.02173141,
        3.01097485,
        3.047949961,
        2.969714122,
        3.041649403,
        3.016792164,
        3.022439025,
        3.026506837,
        3.033550018,
        3.04025877,
        3.016566722,
        3.027800698,
        3.013344994,
        3.022044965,
        3.009068103,
        3.037760514,
        3.02336182,
        3.052887135,
        3.033754995,
        3.017278137,
        3.040982933,
        3.07279608
      ],
      "exit_codes": [
        0,
        0,
        0,
        0,
        0,
        0,
        0,
        0,
        0,
        0,
        0,
        0,
        0,
        0,
        0,
        0,
        0,
        0,
        0,
        0,
        0,
        0,
        0,
        0,
        0
      ]
    }
  ]
}
