{
  "results": [
    {
      "command": "./benchmark_guardpage_asmmove",
      "mean": 0.6067296635200001,
      "stddev": 0.011735649060055482,
      "median": 0.6062164480000001,
      "user": 0.59696588,
      "system": 0.00336828,
      "min": 0.561330462,
      "max": 0.629158538,
      "times": [
        0.6064864600000001,
        0.6063509770000001,
        0.6064380500000001,
        0.605624433,
        0.606345182,
        0.629158538,
        0.607233494,
        0.606329338,
        0.605107562,
        0.6058950900000001,
        0.6066586,
        0.606326612,
        0.605298945,
        0.605761365,
        0.605316202,
        0.6052236710000001,
        0.605634562,
        0.6062164480000001,
        0.605974431,
        0.6067887200000001,
        0.561330462,
        0.60598057,
        0.628756638,
        0.605790574,
        0.622214664
      ],
      "exit_codes": [
        0,
        0,
        0,
        0,
        0,
        0,
        0,
        0,
        0,
        0,
        0,
        0,
        0,
        0,
        0,
        0,
        0,
        0,
        0,
        0,
        0,
        0,
        0,
        0,
        0
      ]
    }
  ]
}
