{
  "results": [
    {
      "command": "./benchmark_masking",
      "mean": 0.5867134074800001,
      "stddev": 0.012427177488458835,
      "median": 0.581011838,
      "user": 0.57679816,
      "system": 0.0038352800000000004,
      "min": 0.579904759,
      "max": 0.615333102,
      "times": [
        0.5804203760000001,
        0.6133522770000001,
        0.580767457,
        0.580794166,
        0.5805354060000001,
        0.580961935,
        0.581876336,
        0.581264913,
        0.58020691,
        0.615333102,
        0.581831627,
        0.5803806060000001,
        0.5814012270000001,
        0.579904759,
        0.5805667830000001,
        0.580542854,
        0.581011838,
        0.5807421730000001,
        0.5810240990000001,
        0.596421109,
        0.615318346,
        0.610592919,
        0.581242926,
        0.580178213,
        0.58116283
      ],
      "exit_codes": [
        0,
        0,
        0,
        0,
        0,
        0,
        0,
        0,
        0,
        0,
        0,
        0,
        0,
        0,
        0,
        0,
        0,
        0,
        0,
        0,
        0,
        0,
        0,
        0,
        0
      ]
    }
  ]
}
