{
  "results": [
    {
      "command": "./benchmark_boundschecks",
      "mean": 0.012888434510638303,
      "stddev": 0.0001802904395298258,
      "median": 0.012838066,
      "user": 0.0117290085106383,
      "system": 0.0008957063829787231,
      "min": 0.012669053000000001,
      "max": 0.013651869,
      "times": [
        0.01275442,
        0.013146562,
        0.013017707000000002,
        0.012884235,
        0.012739771,
        0.01283686,
        0.012741473000000001,
        0.012828786,
        0.013322402,
        0.012686524000000001,
        0.012870926000000001,
        0.012844219,
        0.012675829000000001,
        0.012884483,
        0.013309216,
        0.012687403000000002,
        0.012870074,
        0.012793829000000001,
        0.012736701000000001,
        0.012881782000000001,
        0.013327537,
        0.012702188000000001,
        0.012844536,
        0.012815102,
        0.012724877,
        0.012862843,
        0.013035585,
        0.013037169000000001,
        0.012831227,
        0.012795421000000001,
        0.012741757000000001,
        0.012897919,
        0.013059238,
        0.012996637,
        0.013102199,
        0.012713714000000001,
        0.013041473000000001,
        0.013343814,
        0.012792107,
        0.012766348,
        0.012843291000000001,
        0.01266915,
        0.012847204000000001,
        0.012794279,
        0.013212093000000001,
        0.013002175000000001,
        0.012837924,
        0.012700779,
        0.012855041000000001,
        0.012778693,
        0.013099978,
        0.012989450000000001,
        0.012816631,
        0.012715714000000001,
        0.012845629,
        0.012787380000000001,
        0.013069219,
        0.012996955000000001,
        0.012795133,
        0.012722811,
        0.012836412,
        0.012684637,
        0.013651869,
        0.012856101,
        0.012689971000000001,
        0.012845128,
        0.012767225,
        0.012760243000000001,
        0.01345496,
        0.012822623,
        0.012681240000000002,
        0.012830405000000001,
        0.012787076000000001,
        0.012746705,
        0.013217951,
        0.012707260000000001,
        0.013002682000000002,
        0.01285703,
        0.012677503000000001,
        0.012834922,
        0.013407315000000001,
        0.012858234000000001,
        0.013076403,
        0.013005516,
        0.012781464000000001,
        0.013078434000000002,
        0.012998869000000001,
        0.012879056000000002,
        0.012715911000000002,
        0.012865889,
        0.012765033,
        0.012752381,
        0.013112529000000001,
        0.012787314000000001,
        0.013031001,
        0.012845824,
        0.012694186000000001,
        0.012844427,
        0.013302393000000001,
        0.012855345,
        0.012739892000000001,
        0.012829697000000001,
        0.012675823000000001,
        0.012818702000000001,
        0.013284066,
        0.012712578,
        0.012871368000000001,
        0.012832882,
        0.012695026000000002,
        0.012861547000000001,
        0.013297595,
        0.012679417,
        0.012885681000000001,
        0.012771863000000001,
        0.012735136000000001,
        0.012857107000000001,
        0.013038210000000001,
        0.012986316000000001,
        0.012877025,
        0.012797415000000001,
        0.012743781000000001,
        0.012850291000000002,
        0.012988538,
        0.013024942000000001,
        0.012873637,
        0.012673844,
        0.012853663000000001,
        0.012791906,
        0.013043215,
        0.013001895000000001,
        0.012888990000000001,
        0.012677186,
        0.012835152,
        0.012801889,
        0.013080612,
        0.012987244,
        0.012838814,
        0.012728831000000001,
        0.012822565000000001,
        0.012792625,
        0.013002247000000001,
        0.012999844,
        0.012766468000000001,
        0.012779646,
        0.012835895,
        0.012699637000000001,
        0.013110719000000002,
        0.012998164000000001,
        0.01275994,
        0.012820666000000001,
        0.012834465000000001,
        0.01268138,
        0.013434299,
        0.012913371000000002,
        0.012692070000000001,
        0.012885983,
        0.012793436,
        0.013127788000000001,
        0.013073124,
        0.012841293,
        0.012692864000000002,
        0.012885072000000001,
        0.012799920000000001,
        0.01299343,
        0.012985567,
        0.012813452000000001,
        0.012763945,
        0.012893337000000001,
        0.012801191,
        0.013315855000000001,
        0.012930044000000002,
        0.012669053000000001,
        0.012870113,
        0.013113015,
        0.013076736,
        0.013280148,
        0.012841640000000001,
        0.012699502000000001,
        0.012840891,
        0.012802387,
        0.012781800000000001,
        0.013115142000000002,
        0.012969874000000001,
        0.012772514,
        0.012835188,
        0.012780366000000001,
        0.012809098000000001,
        0.013493475000000001,
        0.012821228,
        0.01274545,
        0.012851212,
        0.012788565,
        0.012763990000000001,
        0.013274230000000001,
        0.012831507,
        0.012744827,
        0.01282954,
        0.012684742,
        0.012909091000000001,
        0.013320817,
        0.01269341,
        0.012859377,
        0.012835731000000001,
        0.012691605000000002,
        0.012886120000000001,
        0.013306447,
        0.012695320000000001,
        0.012858099000000001,
        0.012764483,
        0.012740426000000001,
        0.012839029,
        0.013082338,
        0.012765263,
        0.012827215000000001,
        0.012790416,
        0.012734355000000001,
        0.012835948000000002,
        0.013000928,
        0.01297522,
        0.012848432000000002,
        0.012949652,
        0.012983905,
        0.013152704000000001,
        0.013012781000000001,
        0.012719113,
        0.012815671,
        0.012783182,
        0.01274752,
        0.012831546000000001,
        0.013030992000000002,
        0.013011105,
        0.012843768,
        0.012788519000000002,
        0.012761316,
        0.012838066
      ],