{
  "results": [
    {
      "command": "./benchmark_masking",
      "mean": 0.22911669,
      "stddev": 0.00033567653234698965,
      "median": 0.229079091,
      "user": 0.22402331999999994,
      "system": 0.00254552,
      "min": 0.228356935,
      "max": 0.229714634,
      "times": [
        0.22966863,
        0.22905087000000002,
        0.229714634,
        0.228574725,
        0.229207072,
        0.228831539,
        0.22937510500000002,
        0.229000782,
        0.22915417100000002,
        0.229156458,
        0.228356935,
        0.229273261,
        0.22913138300000002,
        0.229678225,
        0.22881293200000002,
        0.229037287,
        0.229369822,
        0.228694786,
        0.229136008,
        0.228844345,
        0.22907866100000002,
        0.22906542600000002,
        0.22903265,
        0.229592452,
        0.229079091
      ],
      "exit_codes": [
        0,
        0,
        0,
        0,
        0,
        0,
        0,
        0,
        0,
        0,
        0,
        0,
        0,
        0,
        0,
        0,
        0,
        0,
        0,
        0,
        0,
        0,
        0,
        0,
        0
      ]
    }
  ]
}
