{
  "results": [
    {
      "command": "./benchmark_hfiemulate2",
      "mean": 3.100492250720001,
      "stddev": 0.009833319210137217,
      "median": 3.102455924,
      "user": 3.0561945199999996,
      "system": 0.013597639999999998,
      "min": 3.056376356,
      "max": 3.107879043,
      "times": [
        3.102263514,
        3.102691144,
        3.107879043,
        3.102542631,
        3.104189959,
        3.087099967,
        3.056376356,
        3.101664252,
        3.102386053,
        3.104210216,
        3.103286395,
        3.10290439,
        3.10252111,
        3.105541723,
        3.102847412,
        3.101797958,
        3.102131055,
        3.102445903,
        3.101529863,
        3.10169532,
        3.102455924,
        3.101564116,
        3.102443448,
        3.102491169,
        3.105347347
      ],
      "exit_codes": [
        0,
        0,
        0,
        0,
        0,
        0,
        0,
        0,
        0,
        0,
        0,
        0,
        0,
        0,
        0,
        0,
        0,
        0,
        0,
        0,
        0,
        0,
        0,
        0,
        0
      ]
    }
  ]
}
