{
  "results": [
    {
      "command": "./benchmark_masking",
      "mean": 0.34468740519999996,
      "stddev": 0.0006828940854421267,
      "median": 0.344696265,
      "user": 0.33818940000000003,
      "system": 0.00286404,
      "min": 0.343642701,
      "max": 0.34624810300000003,
      "times": [
        0.343796421,
        0.34474527000000005,
        0.345401695,
        0.34520688000000005,
        0.344300798,
        0.34396410600000005,
        0.344380177,
        0.344371028,
        0.343900178,
        0.345452315,
        0.344407177,
        0.344469949,
        0.34401226,
        0.345057221,
        0.343642701,
        0.34624810300000003,
        0.34389173700000003,
        0.34526158100000004,
        0.345018863,
        0.34475714,
        0.34410614500000003,
        0.344696265,
        0.345907304,
        0.34491914500000004,
        0.34527067100000003
      ],
      "exit_codes": [
        0,
        0,
        0,
        0,
        0,
        0,
        0,
        0,
        0,
        0,
        0,
        0,
        0,
        0,
        0,
        0,
        0,
        0,
        0,
        0,
        0,
        0,
        0,
        0,
        0
      ]
    }
  ]
}
