{
  "results": [
    {
      "command": "./benchmark_guardpage_asmmove",
      "mean": 0.71278027824,
      "stddev": 0.005380005218239315,
      "median": 0.7097130660000001,
      "user": 0.7026761199999999,
      "system": 0.00272544,
      "min": 0.7081345170000001,
      "max": 0.7228533300000001,
      "times": [
        0.7092643110000001,
        0.7228533300000001,
        0.7097130660000001,
        0.71952052,
        0.7094932610000001,
        0.7199561120000001,
        0.709018196,
        0.709658145,
        0.709928011,
        0.7102476870000001,
        0.709511482,
        0.722729085,
        0.7091290610000001,
        0.709403165,
        0.7081345170000001,
        0.7203019140000001,
        0.709384085,
        0.710222738,
        0.709493197,
        0.72046074,
        0.709016086,
        0.710245177,
        0.709521563,
        0.710197209,
        0.7221042980000001
      ],
      "exit_codes": [
        0,
        0,
        0,
        0,
        0,
        0,
        0,
        0,
        0,
        0,
        0,
        0,
        0,
        0,
        0,
        0,
        0,
        0,
        0,
        0,
        0,
        0,
        0,
        0,
        0
      ]
    }
  ]
}
