{
  "results": [
    {
      "command": "./benchmark_guardpage_asmmove",
      "mean": 1.5904042014400002,
      "stddev": 0.011370024932605844,
      "median": 1.594464699,
      "user": 1.5659613199999998,
      "system": 0.007674319999999999,
      "min": 1.5432770210000002,
      "max": 1.595751245,
      "times": [
        1.593924874,
        1.593346086,
        1.593057891,
        1.593353242,
        1.576936802,
        1.594608974,
        1.5948969210000001,
        1.594116262,
        1.5946217599999999,
        1.594181561,
        1.5432770210000002,
        1.595388698,
        1.595751245,
        1.594464699,
        1.595326403,
        1.593954259,
        1.593297491,
        1.580989372,
        1.594944785,
        1.5950918330000001,
        1.595479367,
        1.5945008870000001,
        1.5948284510000001,
        1.595139606,
        1.5746265460000002
      ],
      "exit_codes": [
        0,
        0,
        0,
        0,
        0,
        0,
        0,
        0,
        0,
        0,
        0,
        0,
        0,
        0,
        0,
        0,
        0,
        0,
        0,
        0,
        0,
        0,
        0,
        0,
        0
      ]
    }
  ]
}
