{
  "results": [
    {
      "command": "./benchmark_masking",
      "mean": 0.6403090209599999,
      "stddev": 0.0003509402856654668,
      "median": 0.6402265020000001,
      "user": 0.6307631600000001,
      "system": 0.0028764,
      "min": 0.639767771,
      "max": 0.6409472260000001,
      "times": [
        0.6398945420000001,
        0.639866532,
        0.640148899,
        0.639767771,
        0.640123074,
        0.6406413440000001,
        0.640916608,
        0.640293227,
        0.6401237830000001,
        0.640309627,
        0.6402265020000001,
        0.6403608860000001,
        0.640189616,
        0.6403942300000001,
        0.640155601,
        0.640492882,
        0.639845163,
        0.6400969000000001,
        0.640632941,
        0.640757821,
        0.6409472260000001,
        0.6409204860000001,
        0.6402211800000001,
        0.639843629,
        0.640555054
      ],
      "exit_codes": [
        0,
        0,
        0,
        0,
        0,
        0,
        0,
        0,
        0,
        0,
        0,
        0,
        0,
        0,
        0,
        0,
        0,
        0,
        0,
        0,
        0,
        0,
        0,
        0,
        0
      ]
    }
  ]
}
