{
  "results": [
    {
      "command": "./benchmark_hfiemulate2",
      "mean": 0.9400633676000001,
      "stddev": 0.006893693665017589,
      "median": 0.942096115,
      "user": 0.9270797199999999,
      "system": 0.0031988399999999997,
      "min": 0.9146917710000001,
      "max": 0.9453345320000001,
      "times": [
        0.9425783390000001,
        0.941173236,
        0.943022032,
        0.9416870700000001,
        0.9432085290000001,
        0.9410704660000001,
        0.9407749910000001,
        0.940793838,
        0.9411904900000001,
        0.9438517040000001,
        0.9403743090000001,
        0.942139366,
        0.9403647380000001,
        0.9408337250000001,
        0.9272264010000001,
        0.9425042450000001,
        0.9444916950000001,
        0.9453345320000001,
        0.9425872380000001,
        0.943958862,
        0.943132776,
        0.927224212,
        0.9146917710000001,
        0.942096115,
        0.94527351
      ],
      "exit_codes": [
        0,
        0,
        0,
        0,
        0,
        0,
        0,
        0,
        0,
        0,
        0,
        0,
        0,
        0,
        0,
        0,
        0,
        0,
        0,
        0,
        0,
        0,
        0,
        0,
        0
      ]
    }
  ]
}
