{
  "results": [
    {
      "command": "./benchmark_hfiemulate2",
      "mean": 0.08026707951351351,
      "stddev": 0.000573474510744986,
      "median": 0.080320129,
      "user": 0.07841816216216219,
      "system": 0.0008621891891891891,
      "min": 0.07916005000000001,
      "max": 0.08156370900000001,
      "times": [
        0.07916005000000001,
        0.07997453900000001,
        0.08003062100000001,
        0.080122364,
        0.08004299000000001,
        0.07990119000000001,
        0.079263579,
        0.08062762000000001,
        0.08080928100000001,
        0.08040061700000001,
        0.080605285,
        0.081220309,
        0.080320129,
        0.07997578500000001,
        0.080910278,
        0.08056229000000001,
        0.08078642500000001,
        0.079569154,
        0.08020497,
        0.08058243000000001,
        0.08040061700000001,
        0.08156370900000001,
        0.07967523400000001,
        0.08039742400000001,
        0.07999014900000001,
        0.07958366800000001,
        0.080376269,
        0.080964407,
        0.07969200700000001,
        0.079775527,
        0.081265006,
        0.08088938700000001,
        0.080572408,
        0.079503111,
        0.08029734300000001,
        0.08036992000000001,
        0.07949585
      ],
      "exit_codes": [
        0,
        0,
        0,
        0,
        0,
        0,
        0,
        0,
        0,
        0,
        0,
        0,
        0,
        0,
        0,
        0,
        0,
        0,
        0,
        0,
        0,
        0,
        0,
        0,
        0,
        0,
        0,
        0,
        0,
        0,
        0,
        0,
        0,
        0,
        0,
        0,
        0
      ]
    }
  ]
}
