{
  "results": [
    {
      "command": "./benchmark_boundschecks",
      "mean": 0.008642139338935578,
      "stddev": 0.00017827126999214518,
      "median": 0.008585394000000001,
      "user": 0.006908977591036419,
      "system": 0.0015047927170868342,
      "min": 0.008392574,
      "max": 0.009476150000000001,
      "times": [
        0.008392574,
        0.008665129,
        0.008468561000000001,
        0.009476150000000001,
        0.008524695,
        0.008624948,
        0.008554479,
        0.008478642,
        0.00868644,
        0.008615872,
        0.00861157,
        0.008947535000000001,
        0.008985690000000001,
        0.008484132,
        0.008610366000000001,
        0.008578699,
        0.008472103,
        0.008663517,
        0.008534203,
        0.008596132000000001,
        0.008922649000000001,
        0.00849648,
        0.008896702000000001,
        0.008579377000000001,
        0.008519009000000001,
        0.008458128,
        0.008687886,
        0.008786252000000001,
        0.008879254000000001,
        0.008498906,
        0.008616336,
        0.008555242000000001,
        0.008478401,
        0.008641531000000001,
        0.008482586,
        0.009187347,
        0.008508788,
        0.008722955000000001,
        0.008503697000000001,
        0.008580401000000001,
        0.008548159000000001,
        0.008499826,
        0.008607879,
        0.008939388000000001,
        0.008902033,
        0.008519588,
        0.008623324,
        0.00854276,
        0.008495564,
        0.008515922,
        0.008514053,
        0.009423301,
        0.008534371,
        0.008667309,
        0.008471384,
        0.00865146,
        0.008532087,
        0.008450555,
        0.008979764000000001,
        0.008511044,
        0.008820107,
        0.0084603,
        0.008698507000000001,
        0.008524995,
        0.008683206,
        0.008531885000000001,
        0.008487997,
        0.008909824,
        0.008505490000000001,
        0.008816613000000001,
        0.008472097000000001,
        0.00865876,
        0.008508557,
        0.008575691,
        0.008567596,
        0.008816424,
        0.00883413,
        0.008485803,
        0.0086748,
        0.008499806,
        0.008589738000000001,
        0.008527273,
        0.008533673,
        0.008939504000000001,
        0.008518316,
        0.008821618,
        0.008521845,
        0.008658435,
        0.008467181,
        0.008596358,
        0.008578801,
        0.008889848,
        0.008871342,
        0.008598836,
        0.008887210000000001,
        0.008512575000000001,
        0.008798619,
        0.008461771,
        0.008653969000000001,
        0.008881213,
        0.008889105000000001,
        0.008592696,
        0.008677141000000001,
        0.008469437,
        0.008579869,
        0.00853853,
        0.008503277,
        0.008677388000000001,
        0.00891887,
        0.008845532,
        0.008497856,
        0.008607562000000001,
        0.008546934,
        0.008503046,
        0.008641416,
        0.008779866,
        0.008788417,
        0.008479288,
        0.008669254000000001,
        0.008476627,
        0.008623469,
        0.008518437,
        0.00848539,
        0.009032583,
        0.008523609,
        0.008791104000000001,
        0.008465945,
        0.008667195,
        0.008469702,
        0.008621626,
        0.008575317,
        0.008953784000000001,
        0.008835462,
        0.00847719,
        0.008640411,
        0.008467478,
        0.00855618,
        0.008461208000000001,
        0.008635041000000001,
        0.009216383,
        0.008539966000000001,
        0.008712593000000001,
        0.008487406000000001,
        0.008578739,
        0.008504141,
        0.008483688000000001,
        0.008684606000000001,
        0.008552733,
        0.009162940000000001,
        0.008525786,
        0.00868052,
        0.008476423,
        0.008585946,
        0.008512822,
        0.008480626,
        0.008950664,
        0.008587585,
        0.008812431,
        0.008450464000000001,
        0.008557021,
        0.008590875000000001,
        0.008599931,
        0.008540519,
        0.008794437,
        0.008856681,
        0.008494574000000001,
        0.00871682,
        0.008766169,
        0.008827969,
        0.008498157000000001,
        0.008606861,
        0.008777638,
        0.008827058,
        0.008493315000000001,
        0.008636452000000001,
        0.008619767,
        0.008456052,
        0.008628066,
        0.008533629000000001,
        0.00933205,
        0.008532121,
        0.008660409,
        0.008453813000000001,
        0.008591663000000001,
        0.008576383,
        0.008460935000000001,
        0.008700678,
        0.008876958,
        0.008803259,
        0.008551836,
        0.008579155,
        0.008511989000000001,
        0.008627907,
        0.00856611,
        0.008502441000000001,
        0.008654425,
        0.008779636,
        0.009009098,
        0.008456614000000001,
        0.00858336,
        0.008564178,
        0.00849588,
        0.008678756000000001,
        0.008824855000000001,
        0.00881582,
        0.008481808,
        0.008659127,
        0.008484573,
        0.008580749,
        0.008579874000000001,
        0.008522743000000001,
        0.008975989,
        0.008582952000000001,
        0.008789849,
        0.00849078,
        0.008589290000000001,
        0.008468841000000001,
        0.008565380000000001,
        0.008549011,
        0.008864983,
        0.008861553000000001,
        0.008537075,
        0.008638429000000001,
        0.008509105000000001,
        0.008576140000000001,
        0.008539643000000001,
        0.008545024,
        0.009318688,
        0.008580533000000001,
        0.008655225,
        0.008546922,
        0.00865463,
        0.008567848000000001,
        0.008480631,
        0.009041174,
        0.008519174000000001,
        0.008804934,
        0.008456559,
        0.008665732,
        0.008607652,
        0.008615664,
        0.008546256,
        0.008891874000000001,
        0.008877363000000001,
        0.008600255000000001,
        0.008555684000000001,
        0.008462591,
        0.008715379,
        0.008503322,
        0.008638495000000001,
        0.008552488,
        0.008796214,
        0.008862909,
        0.008500236000000001,
        0.008672316000000001,
        0.008471618,
        0.008620925,
        0.008473946000000001,
        0.008625162,
        0.008887591,
        0.008551695,
        0.008818789,
        0.008488252,
        0.008632097,
        0.008507713,
        0.008600682,
        0.008543149,
        0.009234239,
        0.00848728,
        0.008593387000000001,
        0.008550673,
        0.008485427,
        0.008630478,
        0.008457809,
        0.008572982,
        0.008956811,
        0.008563609,
        0.008845669,
        0.008548982,
        0.008508772000000001,
        0.008479513000000001,
        0.008633658,
        0.008481190000000001,
        0.008637820000000001,
        0.008791335,
        0.008558808000000001,
        0.008805153000000001,
        0.008523407,
        0.008634666000000001,
        0.008476438000000001,
        0.008623604,
        0.008822439000000001,
        0.008819284,
        0.008581124,
        0.008636909,
        0.008544712000000001,
        0.00846626,
        0.008635419,
        0.008446171,
        0.00911348,
        0.008510386,
        0.008607035,
        0.008529523,
        0.008799051,
        0.008916104000000001,
        0.008543437000000001,
        0.008541565000000001,
        0.008812353,
        0.008810151,
        0.008500446,
        0.008660282,
        0.008561118000000001,
        0.008636189,
        0.008595953,
        0.008488963,
        0.009278286,
        0.008543393,
        0.008692161,
        0.008506959,
        0.008626883,
        0.008536705,
        0.008458452,
        0.008709871000000001,
        0.008855948,
