{
  "results": [
    {
      "command": "./benchmark_guardpage_asmmove",
      "mean": 0.007129630246376811,
      "stddev": 0.0003651665819462168,
      "median": 0.007112665000000001,
      "user": 0.005404106280193242,
      "system": 0.0015169033816425119,
      "min": 0.0037673480000000002,
      "max": 0.00799821,
      "times": [
        0.0072289270000000004,
        0.007167169,
        0.007025574000000001,
        0.007218660000000001,
        0.006366477000000001,
        0.0037673480000000002,
        0.003966683,
        0.004555054,
        0.004569917000000001,
        0.005003359000000001,
        0.00569443,
        0.006491897000000001,
        0.007037098,
        0.007131271000000001,
        0.007243596000000001,
        0.0074047390000000005,
        0.007538345,
        0.0070371,
        0.0071511230000000005,
        0.007103112000000001,
        0.007045943000000001,
        0.007154696,
        0.0070837040000000006,
        0.007084255,
        0.007178716000000001,
        0.007147795,
        0.007039012000000001,
        0.00761833,
        0.0070438620000000006,
        0.007183944,
        0.007144163,
        0.0070908510000000004,
        0.007123249000000001,
        0.007124699000000001,
        0.0070497350000000005,
        0.007150198000000001,
        0.0074887420000000005,
        0.007060079,
        0.007333796,
        0.007033803000000001,
        0.007141257000000001,
        0.007079224,
        0.0070092190000000006,
        0.007143507,
        0.007097236000000001,
        0.007445384,
        0.007425049,
        0.007086341,
        0.007069992000000001,
        0.007133894000000001,
        0.0074003210000000005,
        0.007357870000000001,
        0.007062027,
        0.007037703,
        0.007523582000000001,
        0.007115556,
        0.0073830910000000005,
        0.0070556080000000005,
        0.007112892000000001,
        0.0071990050000000005,
        0.0070218120000000005,
        0.007012258,
        0.007282256000000001,
        0.007081543,
        0.007024851,
        0.007233107000000001,
        0.0073827860000000006,
        0.007437298,
        0.007053071,
        0.007092506,
        0.007167351000000001,
        0.007042453000000001,
        0.007038871,
        0.007204063,
        0.006999363000000001,
        0.007840877000000001,
        0.007072805000000001,
        0.007040923,
        0.007189500000000001,
        0.007054131000000001,
        0.0070859880000000005,
        0.007198206,
        0.007033822,
        0.007025002000000001,
        0.007201731,
        0.006995056,
        0.007136066000000001,
        0.0077795600000000005,
        0.007085676000000001,
        0.007150330000000001,
        0.007081099,
        0.007121062,
        0.007160396,
        0.007115868,
        0.007113512000000001,
        0.00716544,
        0.007358473000000001,
        0.007119646,
        0.007344813,
        0.007083796000000001,
        0.007145360000000001,
        0.007137785000000001,
        0.007079287,
        0.007182339,
        0.007087058,
        0.007368360000000001,
        0.007339715,
        0.007075264,
        0.007162917,
        0.00707915,
        0.007047332000000001,
        0.0071733230000000005,
        0.007119395000000001,
        0.007065134000000001,
        0.007565284,
        0.007117532,
        0.0071000690000000005,
        0.007451185000000001,
        0.0070648130000000005,
        0.007241392,
        0.007060184000000001,
        0.007032022000000001,
        0.007121420000000001,
        0.007097427000000001,
        0.007154479,
        0.007160352,
        0.007420241,
        0.007075118,
        0.007435479,
        0.0070627500000000005,
        0.007161121,
        0.007104783000000001,
        0.007003204000000001,
        0.007195114000000001,
        0.007029604,
        0.007415062,
        0.007427672000000001,
        0.007045099000000001,
        0.007126155,
        0.007076724,
        0.007053388000000001,
        0.007097351000000001,
        0.007146261,
        0.007018883,
        0.007644654000000001,
        0.007118454000000001,
        0.007013862,
        0.007409858,
        0.007002558000000001,
        0.007129387,
        0.007085355000000001,
        0.007071637,
        0.007222679,
        0.006995455,
        0.007034136000000001,
        0.007241813000000001,
        0.007364969000000001,
        0.007071316,
        0.007368226,
        0.007012192,
        0.007147443000000001,
        0.0070984410000000005,
        0.00702803,
        0.0071841380000000005,
        0.007020447000000001,
        0.0073121900000000005,
        0.007403928000000001,
        0.007040712,
        0.007163872000000001,
        0.0071619480000000004,
        0.007076507,
        0.007152908,
        0.007096631000000001,
        0.007007946,
        0.00799821,
        0.0071185120000000005,
        0.007033303,
        0.007203567,
        0.007053780000000001,
        0.007018450000000001,
        0.00731794,
        0.007062198,
        0.007162275,
        0.007130610000000001,
        0.0074571360000000005,
        0.007392183,
        0.0070434550000000005,
        0.007051301,
        0.0072703130000000005,
        0.007033355000000001,
        0.007158625,
        0.007169813000000001,
        0.007059339,
        0.0077728680000000005,
        0.007148331000000001,
        0.007042550000000001,
        0.007172655000000001,
        0.007031771,
        0.007063121,
        0.007259599,
        0.006997019,
        0.007026798000000001,
        0.00726476,
        0.007071891,
        0.007666592000000001,
        0.007024362,
        0.007033765000000001,
        0.007253773000000001,
        0.007088811,
        0.007058537,
        0.007196488,
        0.007049673,
        0.007057558,
        0.00764068,
        0.007182199,
        0.0073645690000000005,
        0.006992166,
        0.007101205,
        0.007709558000000001,
        0.007054752,
        0.0071286050000000005,
        0.007086833000000001,
        0.007360368000000001,
        0.007391832,
        0.0071356100000000006,
        0.007045301,
        0.0072150700000000005,
        0.007025219,
        0.007029616000000001,
        0.007284052,
        0.007036602,
        0.007256203,
        0.007063324,
        0.007038789,
        0.007617943,
        0.0071360370000000005,
        0.007031910000000001,
        0.007237735,
        0.007043673,
        0.007154281,
        0.007115260000000001,
        0.007030700000000001,
        0.007097740000000001,
        0.007446155,
        0.007144394,
        0.007446515000000001,
        0.007127672000000001,
        0.0070470820000000005,
        0.007200401,
        0.007052074,
        0.007206744,
        0.0070952490000000005,
        0.007045048000000001,
        0.007097099000000001,
        0.0072109850000000005,
        0.007474642,
        0.0073801890000000005,
        0.007108929000000001,
        0.0071607500000000004,
        0.0071032460000000006,
        0.007041929000000001,
        0.007135918000000001,
        0.007069036000000001,
        0.007030876,
        0.007827417,
        0.007060618,
        0.0070465250000000005,
        0.007191979,
        0.007195078000000001,
        0.007130346,
        0.007100815000000001,
        0.007043328000000001,
        0.007148571,
        0.007453708000000001,
        0.007058592000000001,
        0.0073789580000000006,
        0.007051583,
        0.007124121000000001,
        0.007094439,
        0.007093409,
        0.007131116000000001,
        0.007123898,
        0.007041226,
        0.007869202,
        0.007098549000000001,
        0.007001259,
        0.007194553,
        0.007026348000000001,
        0.007152955000000001,
        0.007076847000000001,
        0.007058886,
        0.007136730000000001,
        0.007107448000000001,
        0.007013143,
        0.007760086,
        0.007081062000000001,
