{
  "results": [
    {
      "command": "./benchmark_masking",
      "mean": 0.007256314265356267,
      "stddev": 0.00037598353702951535,
      "median": 0.007236215000000001,
      "user": 0.005533090909090909,
      "system": 0.0015067125307125305,
      "min": 0.003954972,
      "max": 0.008098753,
      "times": [
        0.007356894,
        0.007342362000000001,
        0.0075096780000000005,
        0.005335898,
        0.003954972,
        0.004118152,
        0.004442851,
        0.004897631,
        0.005401615,
        0.0060587060000000005,
        0.006936905,
        0.007317747,
        0.007152217000000001,
        0.0072240740000000005,
        0.007339519,
        0.007238004,
        0.008089725,
        0.007172111,
        0.0071658270000000005,
        0.007332746,
        0.007163063000000001,
        0.007148303000000001,
        0.007323662000000001,
        0.0071756910000000005,
        0.007297097000000001,
        0.007971828,
        0.007206054000000001,
        0.007321852,
        0.007130913000000001,
        0.0071725190000000005,
        0.007315694,
        0.00712746,
        0.0071442120000000005,
        0.007370351000000001,
        0.007542898,
        0.007553202,
        0.007165562,
        0.007188748000000001,
        0.00760214,
        0.007165540000000001,
        0.0074515020000000005,
        0.007232784000000001,
        0.007184234,
        0.007692057,
        0.0071931090000000005,
        0.007168364000000001,
        0.007460850000000001,
        0.007142413,
        0.0073471610000000005,
        0.007148783000000001,
        0.007128446,
        0.007308725,
        0.007503669,
        0.007517473,
        0.007178680000000001,
        0.007161277000000001,
        0.007342588000000001,
        0.007292638000000001,
        0.0071132190000000005,
        0.007318776000000001,
        0.007167748000000001,
        0.007876813,
        0.007242687,
        0.007194711,
        0.007297756000000001,
        0.0071476560000000005,
        0.007275865,
        0.007235908,
        0.007182129000000001,
        0.0072799580000000004,
        0.007573000000000001,
        0.0071413200000000005,
        0.007492211,
        0.007180270000000001,
        0.007246839000000001,
        0.007200439,
        0.007143941000000001,
        0.007238311000000001,
        0.007208916,
        0.007566102000000001,
        0.0075106420000000005,
        0.007182453,
        0.007340845,
        0.0071900290000000006,
        0.007151468,
        0.007245726,
        0.007188624,
        0.007191235000000001,
        0.007812070000000001,
        0.007256465,
        0.007301655000000001,
        0.007229295,
        0.007160772,
        0.007286082,
        0.007180215,
        0.007128977000000001,
        0.007245187,
        0.007559871,
        0.007219965,
        0.007516,
        0.007173578000000001,
        0.00730526,
        0.007196453,
        0.007128583000000001,
        0.0072887590000000006,
        0.007219022,
        0.007462158000000001,
        0.007568249000000001,
        0.007130153,
        0.007272524000000001,
        0.007204456000000001,
        0.007238860000000001,
        0.007256001000000001,
        0.0072149860000000005,
        0.0071595040000000006,
        0.007627875,
        0.007206782,
        0.007153029000000001,
        0.007496598,
        0.007135743000000001,
        0.007925585,
        0.007174866,
        0.007337569,
        0.007210622000000001,
        0.007497101000000001,
        0.007507547000000001,
        0.007212141,
        0.007274218000000001,
        0.007203795000000001,
        0.007112988000000001,
        0.007245306000000001,
        0.007240704000000001,
        0.007140784000000001,
        0.007854107,
        0.007146622,
        0.007167126,
        0.007317877,
        0.007116954000000001,
        0.007122580000000001,
        0.007322914000000001,
        0.007150106000000001,
        0.007288009000000001,
        0.007568715,
        0.007182933000000001,
        0.0075485710000000004,
        0.007137027000000001,
        0.0071547170000000005,
        0.007321148,
        0.007162449,
        0.007300808000000001,
        0.00719978,
        0.007456193000000001,
        0.007494146,
        0.007166592,
        0.0073039490000000006,
        0.007313119000000001,
        0.007157907000000001,
        0.007248567,
        0.007207796000000001,
        0.007176251000000001,
        0.007278868000000001,
        0.008005796,
        0.007329484000000001,
        0.0073175770000000005,
        0.007127447,
        0.007153457,
        0.007380825000000001,
        0.007137028,
        0.007130864000000001,
        0.007340601,
        0.007237510000000001,
        0.007463000000000001,
        0.007160771000000001,
        0.007177813000000001,
        0.007324892,
        0.007130254000000001,
        0.00711058,
        0.007390844000000001,
        0.007166909000000001,
        0.0077769300000000005,
        0.0072110690000000005,
        0.007154357,
        0.007301002000000001,
        0.007124472000000001,
        0.0072637890000000005,
        0.007207379000000001,
        0.0071559990000000006,
        0.007252749,
        0.0077665550000000005,
        0.007195713,
        0.007497238000000001,
        0.007182057,
        0.0072494790000000005,
        0.007204636,
        0.007157607000000001,
        0.007266614,
        0.007218447,
        0.007496959,
        0.007563646,
        0.007169643000000001,
        0.007280547,
        0.00759557,
        0.0072701300000000005,
        0.007479741000000001,
        0.007146113000000001,
        0.007284269,
        0.007532400000000001,
        0.007297179000000001,
        0.007465679,
        0.007237650000000001,
        0.007262347000000001,
        0.007199479000000001,
        0.007157157000000001,
        0.007247679000000001,
        0.007182777,
        0.007632444,
        0.007529366000000001,
        0.0072074190000000005,
        0.007279175000000001,
        0.007192461000000001,
        0.007177931,
        0.007268863,
        0.007229658000000001,
        0.007153146000000001,
        0.007962799000000001,
        0.007227527,
        0.007167568,
        0.007286699000000001,
        0.007230070000000001,
        0.007143129000000001,
        0.007337662000000001,
        0.007212436,
        0.007284339000000001,
        0.007598723000000001,
        0.007216562,
        0.007486588000000001,
        0.0071084650000000004,
        0.0072043030000000004,
        0.007188772,
        0.007102391,
        0.007309108000000001,
        0.007188852000000001,
        0.007725797,
        0.0075166040000000005,
        0.007243772000000001,
        0.007301298,
        0.0072318,
        0.007129908000000001,
        0.007250171000000001,
        0.007236215000000001,
        0.007141625,
        0.007945921,
        0.007189601,
        0.007228802,
        0.007346549000000001,
        0.007142609,
        0.0071530280000000005,
        0.007311959000000001,
        0.007126962000000001,
        0.007262468,
        0.007687032000000001,
        0.007185333,
        0.007485257,
        0.007180991,
        0.007323527000000001,
        0.007240792,
        0.007149844000000001,
        0.007272083,
        0.007251104,
        0.0075862460000000005,
        0.007480898000000001,
        0.007123847000000001,
        0.007260880000000001,
        0.007191508,
        0.007198122,
        0.007303817000000001,
        0.00722187,
        0.007184393000000001,
        0.007961283000000001,
        0.007222471,
        0.007162725000000001,
        0.007348999,
        0.007145743,
        0.007795563,
        0.0071472210000000005,
        0.007237491,
        0.007339803000000001,
        0.007440326000000001,
        0.007223060000000001,
        0.0075315320000000005,
        0.007104423,
        0.007393968000000001,
        0.007173357000000001,
