{
  "results": [
    {
      "command": "./benchmark_hfiemulate2",
      "mean": 0.006905462988532112,
      "stddev": 0.00017058989862461435,
      "median": 0.006847342000000001,
      "user": 0.005149685779816512,
      "system": 0.0015452637614678903,
      "min": 0.006699082,
      "max": 0.007739738,
      "times": [
        0.0068668110000000004,
        0.006724384000000001,
        0.006978762,
        0.006767276,
        0.0067745290000000005,
        0.007263758,
        0.00684447,
        0.0068055120000000005,
        0.007109126,
        0.006744279000000001,
        0.006849016,
        0.006860037,
        0.006925082000000001,
        0.006898097000000001,
        0.007145355000000001,
        0.006812702,
        0.007150227,
        0.006774108,
        0.006739893,
        0.006825948,
        0.006794724,
        0.006730416,
        0.006986046,
        0.00686997,
        0.007392259000000001,
        0.006803707000000001,
        0.006799856000000001,
        0.006911466000000001,
        0.006779699,
        0.006740195,
        0.006956873000000001,
        0.0068156760000000005,
        0.006749272000000001,
        0.007281780000000001,
        0.006837964,
        0.006858877,
        0.0070987770000000006,
        0.006784147000000001,
        0.0068846390000000006,
        0.0068427670000000005,
        0.006744731,
        0.006855903,
        0.006800326000000001,
        0.0071510210000000005,
        0.007129187,
        0.006789178000000001,
        0.006817605,
        0.00695222,
        0.0067757220000000005,
        0.006762089000000001,
        0.00694346,
        0.006783314,
        0.006770036,
        0.007612254000000001,
        0.006776968,
        0.006978163000000001,
        0.00682079,
        0.006832159000000001,
        0.006915373000000001,
        0.006860634,
        0.0067529320000000006,
        0.006898606000000001,
        0.006844593,
        0.006774816,
        0.007278108,
        0.0069262180000000005,
        0.006758763,
        0.0071685970000000005,
        0.0068000050000000005,
        0.0069682960000000006,
        0.00683221,
        0.006799879,
        0.006893756,
        0.00682484,
        0.007146912,
        0.007076965,
        0.006838847,
        0.006787242000000001,
        0.007019715,
        0.00677753,
        0.0067504800000000005,
        0.006988999,
        0.006792169000000001,
        0.006729568,
        0.007570506,
        0.006813805,
        0.006870147,
        0.0067800790000000005,
        0.006790961000000001,
        0.006924864,
        0.006837027000000001,
        0.006763616,
        0.006921649,
        0.007234702000000001,
        0.006796469,
        0.007157823000000001,
        0.0068287470000000005,
        0.006831145,
        0.006922103000000001,
        0.006795912,
        0.006798074,
        0.006998378,
        0.00679817,
        0.00726142,
        0.007321553000000001,
        0.006796506000000001,
        0.006862986000000001,
        0.006756351000000001,
        0.006795600000000001,
        0.006891403000000001,
        0.0068228360000000005,
        0.006791686000000001,
        0.0068982850000000005,
        0.006845550000000001,
        0.006749846,
        0.007394667000000001,
        0.006880078,
        0.006886915,
        0.006815285000000001,
        0.0068002110000000004,
        0.006897898,
        0.006846249,
        0.006753398000000001,
        0.006861389000000001,
        0.00711579,
        0.0068110900000000005,
        0.007108964000000001,
        0.006825151000000001,
        0.0067499050000000005,
        0.006922598,
        0.00673406,
        0.006772872,
        0.006956702,
        0.006758401000000001,
        0.007128504000000001,
        0.007174917,
        0.00681361,
        0.006885569,
        0.006946095,
        0.007103896,
        0.007141270000000001,
        0.006787027,
        0.006857650000000001,
        0.007125284000000001,
        0.006833581,
        0.007072379,
        0.0067879690000000005,
        0.006779940000000001,
        0.006927702000000001,
        0.006768843,
        0.006830470000000001,
        0.006969642000000001,
        0.006789138,
        0.0070748370000000005,
        0.007136758000000001,
        0.006818057000000001,
        0.0069074060000000005,
        0.006818347000000001,
        0.006760132,
        0.006942299000000001,
        0.006786881000000001,
        0.006820467,
        0.0068873910000000005,
        0.006822524000000001,
        0.006783765000000001,
        0.007571851,
        0.006823318,
        0.006868609,
        0.006785768,
        0.006829894,
        0.006774785,
        0.006938013000000001,
        0.006757803000000001,
        0.0068300060000000004,
        0.007226224000000001,
        0.00677928,
        0.006799346,
        0.007197111000000001,
        0.00678015,
        0.006944904,
        0.006757364,
        0.006762881,
        0.0068735820000000005,
        0.006846738000000001,
        0.007113751000000001,
        0.0071414270000000005,
        0.006843941,
        0.0068850840000000005,
        0.006828034,
        0.0067688850000000005,
        0.006942800000000001,
        0.006785515000000001,
        0.006785129000000001,
        0.006936546,
        0.007739738,
        0.006858322,
        0.006940951000000001,
        0.006849310000000001,
        0.0067787030000000005,
        0.006891045,
        0.006789906,
        0.006779726000000001,
        0.006868008,
        0.007285275000000001,
        0.006865014,
        0.007123062,
        0.006780807000000001,
        0.006955081,
        0.0068142870000000005,
        0.006816592000000001,
        0.006913064,
        0.006791097,
        0.0067456090000000005,
        0.007128424,
        0.007148095,
        0.006844438,
        0.006948421000000001,
        0.006844104,
        0.0067502890000000005,
        0.006905642,
        0.0068322570000000004,
        0.00681989,
        0.0068440160000000005,
        0.006863711000000001,
        0.0067858810000000006,
        0.00739492,
        0.006770123,
        0.006895582000000001,
        0.006826461000000001,
        0.006808388,
        0.006934492,
        0.006820240000000001,
        0.006777785000000001,
        0.006867666000000001,
        0.007140391,
        0.006755917,
        0.007086276000000001,
        0.006774164,
        0.006769982000000001,
        0.006936864,
        0.00682198,
        0.006774069000000001,
        0.006961374,
        0.0067961950000000005,
        0.007060408000000001,
        0.00715202,
        0.006742602,
        0.006883007,
        0.006855281,
        0.006762183000000001,
        0.006924904000000001,
        0.006853988,
        0.006737202,
        0.0073222090000000005,
        0.007188913000000001,
        0.006808883000000001,
        0.006952065,
        0.006852129,
        0.006848031,
        0.006855982,
        0.006905699,
        0.006756289,
        0.006854809000000001,
        0.00735034,
        0.006819231,
        0.007172199000000001,
        0.006737056000000001,
        0.006902117,
        0.006854716,
        0.006794552000000001,
        0.006856718,
        0.006892785,
        0.006769454,
        0.006889485000000001,
        0.0068343710000000005,
        0.007131617000000001,
        0.0071759680000000005,
        0.006779943,
        0.006779093000000001,
        0.006955355000000001,
        0.006739327000000001,
        0.006699082,
        0.006915962,
        0.006760177,
        0.007076318000000001,
        0.0071032460000000006,
        0.006819938,
        0.006870513000000001,
        0.006844438,
        0.006808546,
        0.0069378700000000005,
        0.006888077,
        0.006753732,
        0.0068839290000000004,
        0.007110319,
        0.0068593000000000005,
        0.007083229000000001,
        0.006743726,
        0.006770531000000001,
        0.006980844000000001,
