{
  "results": [
    {
      "command": "./benchmark_guardpage_asmmove",
      "mean": 0.01101970192279412,
      "stddev": 0.00016756482258998735,
      "median": 0.010976746500000002,
      "user": 0.010063643382352942,
      "system": 0.0007132132352941176,
      "min": 0.010810529000000001,
      "max": 0.011592011000000001,
      "times": [
        0.011028404,
        0.011214041000000001,
        0.011164155,
        0.010957826,
        0.010926612,
        0.010950731,
        0.010925919000000001,
        0.011053049,
        0.011246372000000001,
        0.011167295,
        0.010956133,
        0.010909216000000001,
        0.010939994000000001,
        0.010888522000000001,
        0.011564656000000001,
        0.01085816,
        0.010993435000000001,
        0.010865632,
        0.011017904,
        0.010845641000000001,
        0.011308253,
        0.010865547000000001,
        0.011193105,
        0.010960679000000001,
        0.010890286,
        0.01097301,
        0.011286538,
        0.011139429000000001,
        0.010965333,
        0.01096447,
        0.010961568000000001,
        0.010897539000000001,
        0.011445952,
        0.010820456,
        0.011002824000000001,
        0.010819924,
        0.011075654,
        0.010833661000000001,
        0.011269830000000002,
        0.010871977000000001,
        0.011153977,
        0.010953002,
        0.010880963,
        0.011348274,
        0.010861066,
        0.011179161,
        0.010945294000000001,
        0.010902170000000001,
        0.010975908000000001,
        0.010930433,
        0.011193467,
        0.010966724,
        0.011146728,
        0.01084962,
        0.011006389,
        0.010932539000000002,
        0.011180523000000001,
        0.011146275,
        0.010890578000000001,
        0.010982690000000002,
        0.010859277,
        0.010992543,
        0.011117496000000001,
        0.011326466,
        0.010989916,
        0.010886843,
        0.010980948,
        0.010849498,
        0.011003783000000001,
        0.011120634,
        0.011199034,
        0.010944843000000001,
        0.010936545,
        0.010931305,
        0.010894515,
        0.011417608000000001,
        0.010958291,
        0.01091388,
        0.010951592000000001,
        0.010933553,
        0.010941718000000001,
        0.011153277000000001,
        0.011158010000000001,
        0.010862228,
        0.010992453000000001,
        0.010836070000000001,
        0.011025397000000001,
        0.011469693000000001,
        0.010847009000000001,
        0.010988792,
        0.010833839000000001,
        0.010976926000000001,
        0.010857972,
        0.011414267,
        0.010992407000000001,
        0.010916591000000002,
        0.010986342000000001,
        0.010838169,
        0.011005845,
        0.011122116000000001,
        0.011181473,
        0.010982994000000001,
        0.010904917,
        0.010957888,
        0.010884604,
        0.011490874,
        0.010857944000000001,
        0.011023052,
        0.010889333000000001,
        0.010977831,
        0.010947417000000001,
        0.011386670000000002,
        0.010970963,
        0.010905581000000001,
        0.010943974,
        0.010878969,
        0.011046147000000001,
        0.011104029000000001,
        0.011195626,
        0.010950538000000001,
        0.01089993,
        0.010959919,
        0.010909116,
        0.011592011000000001,
        0.010852403,
        0.011014634,
        0.010826201,
        0.011017021,
        0.010831865000000001,
        0.011469958,
        0.011034906,
        0.010910981,
        0.010952606,
        0.010907806,
        0.010938564000000001,
        0.011182122000000001,
        0.011145583,
        0.010882951,
        0.010911799000000002,
        0.010992852000000001,
        0.010908115000000001,
        0.011325957000000001,
        0.01092264,
        0.011160083000000001,
        0.010847246000000001,
        0.011038227000000001,
        0.010810529000000001,
        0.011477846,
        0.010978004000000001,
        0.010910791000000001,
        0.010958661000000001,
        0.010912088,
        0.010976567000000001,
        0.011186088,
        0.011197693,
        0.010955033000000001,
        0.010894502,
        0.010932595000000002,
        0.010901017,
        0.011283342,
        0.010917950000000001,
        0.011159542000000001,
        0.010836826,
        0.010982533000000001,
        0.010831567,
        0.011230578000000001,
        0.011225707000000001,
        0.01083073,
        0.010987809000000001,
        0.010844058,
        0.010997449000000001,
        0.011073482,
        0.011162427,
        0.011007815,
        0.010908799,
        0.011003827,
        0.010855062,
        0.011306106000000002,
        0.010846838000000001,
        0.011138264,
        0.010931796,
        0.010922122000000001,
        0.010988439000000001,
        0.011235777,
        0.011227137,
        0.010848031000000001,
        0.010977345000000001,
        0.010986142,
        0.010951166,
        0.011422281000000001,
        0.010849031,
        0.011012819,
        0.01085112,
        0.010990855,
        0.01082774,
        0.01129685,
        0.011195218,
        0.010841826,
        0.010998039000000001,
        0.010848316,
        0.011044683000000001,
        0.011223305000000001,
        0.011226025,
        0.010991274,
        0.010902219000000001,
        0.011000299,
        0.010820989000000001,
        0.011561991,
        0.010860928,
        0.011011521000000002,
        0.011014436,
        0.010897439,
        0.010951868,
        0.011161247000000001,
        0.0111248,
        0.010854810000000001,
        0.011043125,
        0.010869434,
        0.011023942,
        0.011292409000000002,
        0.010900046,
        0.011148206,
        0.010855656,
        0.011003482,
        0.010874626,
        0.011529833000000001,
        0.010871967000000001,
        0.011039269,
        0.010960982000000001,
        0.010955363000000001,
        0.010962738000000001,
        0.01131408,
        0.011145032000000001,
        0.010855401,
        0.010997172000000001,
        0.010853325,
        0.011011858000000001,
        0.011253742,
        0.010949658000000001,
        0.011126842000000001,
        0.010878012000000001,
        0.011002667,
        0.010817146000000001,
        0.011314315,
        0.010892209,
        0.011204263,
        0.011044121,
        0.010823364,
        0.011220651,
        0.010849507000000001,
        0.011147404000000001,
        0.010938046,
        0.010919336,
        0.011010874,
        0.011227489,
        0.011157680000000001,
        0.010831446000000002,
        0.01099495,
        0.010960471000000001,
        0.010901173,
        0.010991943,
        0.011202041000000001,
        0.011158069000000001,
        0.010851454,
        0.010978189000000001,
        0.010858236,
        0.011327794,
        0.011190167,
        0.010848171,
        0.010994813,
        0.010829584000000001,
        0.010993617
      ],