{
  "results": [
    {
      "command": "./benchmark_hfiemulate2",
      "mean": 0.6998723764999999,
      "stddev": 0.00027526011932481266,
      "median": 0.6998045390000001,
      "user": 0.6902237999999999,
      "system": 0.0027836,
      "min": 0.6994909250000001,
      "max": 0.700273806,
      "times": [
        0.700273806,
        0.6994909250000001,
        0.700195232,
        0.700123593,
        0.700081524,
        0.699592175,
        0.699702271,
        0.699791519,
        0.6998175590000001,
        0.699655161
      ],
      "exit_codes": [
        0,
        0,
        0,
        0,
        0,
        0,
        0,
        0,
        0,
        0
      ]
    }
  ]
}
