{
  "results": [
    {
      "command": "./benchmark_boundschecks",
      "mean": 1.6398513251,
      "stddev": 0.0005981406110510427,
      "median": 1.6398328590000002,
      "user": 1.6156563,
      "system": 0.007581099999999999,
      "min": 1.638634873,
      "max": 1.640617349,
      "times": [
        1.639825184,
        1.639437934,
        1.6398405340000002,
        1.639644236,
        1.638634873,
        1.640617349,
        1.640318647,
        1.640582539,
        1.6395046080000002,
        1.640107347
      ],
      "exit_codes": [
        0,
        0,
        0,
        0,
        0,
        0,
        0,
        0,
        0,
        0
      ]
    }
  ]
}
