{
  "results": [
    {
      "command": "./benchmark_masking",
      "mean": 0.9085415399000001,
      "stddev": 0.01204935750732421,
      "median": 0.912255139,
      "user": 0.8948559999999999,
      "system": 0.004385600000000001,
      "min": 0.8743149250000001,
      "max": 0.913305291,
      "times": [
        0.912946005,
        0.9119783570000001,
        0.912797203,
        0.913305291,
        0.9113720070000001,
        0.912090822,
        0.9131671490000001,
        0.8743149250000001,
        0.9110241840000001,
        0.9124194560000001
      ],
      "exit_codes": [
        0,
        0,
        0,
        0,
        0,
        0,
        0,
        0,
        0,
        0
      ]
    }
  ]
}
