{
  "results": [
    {
      "command": "./benchmark_boundschecks",
      "mean": 2.9556246334000007,
      "stddev": 0.0074808701157924986,
      "median": 2.95263892,
      "user": 2.9159573,
      "system": 0.0107818,
      "min": 2.948495037,
      "max": 2.969180129,
      "times": [
        2.969180129,
        2.965648873,
        2.953618701,
        2.949769022,
        2.963319164,
        2.948495037,
        2.9504924470000002,
        2.952850306,
        2.952427534,
        2.950445121
      ],
      "exit_codes": [
        0,
        0,
        0,
        0,
        0,
        0,
        0,
        0,
        0,
        0
      ]
    }
  ]
}
