{
  "results": [
    {
      "command": "./benchmark_hfiemulate2",
      "mean": 3.1031768812,
      "stddev": 0.0014695716020501804,
      "median": 3.1029802660000003,
      "user": 3.0598808999999996,
      "system": 0.012767,
      "min": 3.101491827,
      "max": 3.105633508,
      "times": [
        3.105104965,
        3.102476125,
        3.102944662,
        3.10301587,
        3.105633508,
        3.10455192,
        3.101572046,
        3.101491827,
        3.10314514,
        3.101832749
      ],
      "exit_codes": [
        0,
        0,
        0,
        0,
        0,
        0,
        0,
        0,
        0,
        0
      ]
    }
  ]
}
