{
  "results": [
    {
      "command": "./benchmark_guardpage_asmmove",
      "mean": 0.08512186138235298,
      "stddev": 0.0053993978558319845,
      "median": 0.0863017435,
      "user": 0.08265188235294117,
      "system": 0.0013989117647058825,
      "min": 0.05882769400000001,
      "max": 0.087428584,
      "times": [
        0.086172447,
        0.08668207600000001,
        0.086674445,
        0.08612548,
        0.086177265,
        0.08605106700000001,
        0.087428584,
        0.07060267,
        0.08618515800000001,
        0.08684336200000001,
        0.08703032100000001,
        0.086538317,
        0.086180562,
        0.087192578,
        0.086267359,
        0.08617311600000001,
        0.086443631,
        0.086391348,
        0.05882769400000001,
        0.08462620900000001,
        0.08611378900000001,
        0.086399585,
        0.08637823400000001,
        0.086098773,
        0.08607637400000001,
        0.08735886000000001,
        0.086237662,
        0.086554871,
        0.086348066,
        0.086030124,
        0.086474282,
        0.08633612800000001,
        0.08616878800000001,
        0.086954062
      ],
      "exit_codes": [
        0,
        0,
        0,
        0,
        0,
        0,
        0,
        0,
        0,
        0,
        0,
        0,
        0,
        0,
        0,
        0,
        0,
        0,
        0,
        0,
        0,
        0,
        0,
        0,
        0,
        0,
        0,
        0,
        0,
        0,
        0,
        0,
        0,
        0
      ]
    }
  ]
}
