{
  "results": [
    {
      "command": "./benchmark_masking",
      "mean": 0.22932108315384617,
      "stddev": 0.0006250190452803336,
      "median": 0.22924544100000002,
      "user": 0.22427353846153847,
      "system": 0.0024382307692307694,
      "min": 0.22837100800000001,
      "max": 0.230457406,
      "times": [
        0.22954564100000002,
        0.229124188,
        0.22897386,
        0.229600997,
        0.22837578700000002,
        0.22931253100000001,
        0.229083153,
        0.23024387100000002,
        0.230457406,
        0.228984974,
        0.22985522400000002,
        0.22837100800000001,
        0.22924544100000002
      ],
      "exit_codes": [
        0,
        0,
        0,
        0,
        0,
        0,
        0,
        0,
        0,
        0,
        0,
        0,
        0
      ]
    }
  ]
}
