{
  "results": [
    {
      "command": "./benchmark_hfiemulate2",
      "mean": 0.08019669143243244,
      "stddev": 0.0004508927112180131,
      "median": 0.08019182500000001,
      "user": 0.07714456756756757,
      "system": 0.002032540540540541,
      "min": 0.079096909,
      "max": 0.08101673200000001,
      "times": [
        0.079367399,
        0.08055867500000001,
        0.080475039,
        0.079711427,
        0.080056838,
        0.08019182500000001,
        0.080069784,
        0.08036967,
        0.080107654,
        0.080269491,
        0.080978934,
        0.07997113800000001,
        0.079779975,
        0.08050057000000001,
        0.08100045800000001,
        0.08015277500000001,
        0.08019604200000001,
        0.080477015,
        0.080850877,
        0.079814625,
        0.079408801,
        0.07999537300000001,
        0.080502869,
        0.08059685800000001,
        0.07948244,
        0.080318451,
        0.080366303,
        0.08101673200000001,
        0.079096909,
        0.07994121600000001,
        0.07991577600000001,
        0.080073829,
        0.080184582,
        0.080317253,
        0.079982012,
        0.08057494800000001,
        0.08060302000000001
      ],
      "exit_codes": [
        0,
        0,
        0,
        0,
        0,
        0,
        0,
        0,
        0,
        0,
        0,
        0,
        0,
        0,
        0,
        0,
        0,
        0,
        0,
        0,
        0,
        0,
        0,
        0,
        0,
        0,
        0,
        0,
        0,
        0,
        0,
        0,
        0,
        0,
        0,
        0,
        0
      ]
    }
  ]
}
