{
  "results": [
    {
      "command": "./benchmark_boundschecks",
      "mean": 0.26122337845454546,
      "stddev": 0.000420339995105009,
      "median": 0.261143614,
      "user": 0.2564351818181818,
      "system": 0.001829,
      "min": 0.260484908,
      "max": 0.26210388900000003,
      "times": [
        0.26210388900000003,
        0.260484908,
        0.261434524,
        0.260700049,
        0.26113600000000003,
        0.261427412,
        0.26113430800000004,
        0.261128004,
        0.261143614,
        0.26143039700000004,
        0.26133405800000004
      ],
      "exit_codes": [
        0,
        0,
        0,
        0,
        0,
        0,
        0,
        0,
        0,
        0,
        0
      ]
    }
  ]
}
