{
  "results": [
    {
      "command": "./benchmark_masking",
      "mean": 0.34480850920000006,
      "stddev": 0.0009956641776027212,
      "median": 0.344260185,
      "user": 0.33796109999999996,
      "system": 0.0032384999999999996,
      "min": 0.343958759,
      "max": 0.34660572900000003,
      "times": [
        0.344020779,
        0.343989506,
        0.34521375000000004,
        0.344048063,
        0.343958759,
        0.34660572900000003,
        0.345842596,
        0.344043821,
        0.34447230700000003,
        0.34588978200000003
      ],
      "exit_codes": [
        0,
        0,
        0,
        0,
        0,
        0,
        0,
        0,
        0,
        0
      ]
    }
  ]
}
