{
  "results": [
    {
      "command": "./benchmark_masking",
      "mean": 1.4999512277,
      "stddev": 0.00065820214925845,
      "median": 1.499912753,
      "user": 1.478534,
      "system": 0.0060015,
      "min": 1.499005402,
      "max": 1.501256127,
      "times": [
        1.49993381,
        1.499364031,
        1.499296029,
        1.499809986,
        1.500235917,
        1.499005402,
        1.500570817,
        1.501256127,
        1.500148462,
        1.4998916960000002
      ],
      "exit_codes": [
        0,
        0,
        0,
        0,
        0,
        0,
        0,
        0,
        0,
        0
      ]
    }
  ]
}
