{
  "results": [
    {
      "command": "./benchmark_hfiemulate2",
      "mean": 0.010735490014705883,
      "stddev": 0.0001858382901557946,
      "median": 0.0106913065,
      "user": 0.009550312499999996,
      "system": 0.0009459154411764703,
      "min": 0.010538909,
      "max": 0.011598724000000001,
      "times": [
        0.011007564000000001,
        0.010868304,
        0.010562345,
        0.010760979,
        0.010586927000000001,
        0.010716887000000001,
        0.010565623000000001,
        0.01077928,
        0.010627068,
        0.010998215,
        0.01093566,
        0.010564510000000001,
        0.010739976,
        0.010580773,
        0.010715169,
        0.010606695000000001,
        0.011470556000000002,
        0.010593569,
        0.010702263,
        0.010562525000000001,
        0.010729783000000001,
        0.010570238000000001,
        0.010707064,
        0.011014276,
        0.010657833,
        0.01074958,
        0.01060578,
        0.010720423000000001,
        0.010565575,
        0.010726981,
        0.010944683,
        0.010887447000000001,
        0.010696216000000001,
        0.010611088000000001,
        0.010681605,
        0.010591002,
        0.010673091000000001,
        0.010979759,
        0.010883059,
        0.010546152000000001,
        0.010725096,
        0.010658675000000001,
        0.010716562,
        0.010547883000000001,
        0.011598724000000001,
        0.010757394,
        0.010619413000000001,
        0.01067945,
        0.010619609,
        0.010642775,
        0.010613356000000001,
        0.011349773,
        0.010617165000000001,
        0.010724252,
        0.010565401,
        0.010721483,
        0.010552460000000001,
        0.010722362000000001,
        0.010561676,
        0.011041913,
        0.010849939000000001,
        0.010580292,
        0.010725921000000001,
        0.01056002,
        0.010688765000000001,
        0.010904593,
        0.010848046,
        0.010716074,
        0.010635611000000001,
        0.010666642,
        0.010621049,
        0.010677224,
        0.010615838,
        0.011121081000000001,
        0.010639135000000001,
        0.010717135000000001,
        0.010556779,
        0.010726273000000001,
        0.010558363000000001,
        0.011057335000000001,
        0.010591591000000001,
        0.010883325000000001,
        0.010753281,
        0.010574709,
        0.010723701,
        0.010557790000000001,
        0.010722836000000001,
        0.010951702,
        0.010908981,
        0.010716438,
        0.010629174,
        0.010676885,
        0.010616651000000001,
        0.011223157000000001,
        0.010598536,
        0.010721606,
        0.010562955,
        0.010771475,
        0.010570383000000001,
        0.011133121000000001,
        0.010587652000000001,
        0.010878726,
        0.010667267000000001,
        0.010628968,
        0.01076736,
        0.010551171,
        0.010697836,
        0.010845644000000002,
        0.010901200000000002,
        0.010565725000000002,
        0.010752525,
        0.010654224,
        0.010664142000000001,
        0.011180327,
        0.010576427000000001,
        0.010745261,
        0.010589546,
        0.010717033,
        0.010623439,
        0.010763284000000001,
        0.010561403,
        0.011278669,
        0.010671015,
        0.010628235000000002,
        0.010700552,
        0.010628932,
        0.010700631,
        0.010959683000000001,
        0.010959297000000002,
        0.010574410000000001,
        0.010749675,
        0.010570692000000001,
        0.010708004,
        0.010563845,
        0.010818566,
        0.010847528,
        0.010970691000000001,
        0.010745153,
        0.010564347,
        0.010716455000000001,
        0.010559449,
        0.011096825000000001,
        0.01058511,
        0.010852279000000001,
        0.010697943000000001,
        0.010629156,
        0.010673433000000001,
        0.010636073000000001,
        0.010924041,
        0.010981228,
        0.010712151000000001,
        0.01058884,
        0.010702893000000002,
        0.010567459000000001,
        0.010733765000000001,
        0.010884805000000001,
        0.010934479,
        0.010694835000000001,
        0.010633775,
        0.010647883,
        0.010622398,
        0.010657678,
        0.010935875000000001,
        0.010950438,
        0.010570515,
        0.010723079,
        0.010552571,
        0.010718519000000001,
        0.010549048,
        0.011033063000000001,
        0.010577281000000001,
        0.010909841,
        0.010723749000000001,
        0.010571838,
        0.010727170000000001,
        0.010538909,
        0.011024481000000001,
        0.010558694,
        0.010954746000000001,
        0.010658948000000001,
        0.010619076,
        0.010686816,
        0.010636685,
        0.010688653000000001,
        0.010926076,
        0.01086985,
        0.010641664,
        0.010720163000000001,
        0.010554995000000001,
        0.01070624,
        0.010953073,
        0.010886997,
        0.010661069,
        0.010682775,
        0.01071888,
        0.010550170000000001,
        0.010703812,
        0.010584535,
        0.011176506000000001,
        0.010574434,
        0.010743523000000001,
        0.010636418,
        0.010613571,
        0.010668770000000001,
        0.010965648000000001,
        0.010873353,
        0.010570821000000001,
        0.010728919,
        0.010610433,
        0.010721905,
        0.010554727,
        0.011242976,
        0.010577900000000001,
        0.010860889,
        0.010671861000000001,
        0.010661495,
        0.010678644000000001,
        0.010615316000000001,
        0.011307013000000001,
        0.010578740000000001,
        0.010725957000000001,
        0.010564425,
        0.01072067,
        0.010598361,
        0.01103875,
        0.010895336,
        0.010644571,
        0.010750671,
        0.010543551,
        0.01074598,
        0.010606926000000001,
        0.010721142000000001,
        0.010837187,
        0.010853267000000002,
        0.010707868,
        0.010620880000000001,
        0.010685294000000001,
        0.010619618,
        0.011392083,
        0.010558141,
        0.010735838000000001,
        0.010588995,
        0.010710544,
        0.010561988000000001,
        0.010693848,
        0.010600312,
        0.011353142,
        0.010673621000000001,
        0.010629870000000001,
        0.010678824,
        0.010611007,
        0.010679836,
        0.010949282000000001,
        0.0109174,
        0.010576915000000001,
        0.010715968000000001,
        0.010563556,
        0.01073668,
        0.010559433,
        0.010736281,
        0.011271369000000002,
        0.010561324,
        0.010733089000000001,
        0.0105745,
        0.010720545000000001,
        0.010553377000000001,
        0.01110007,
        0.010614843,
        0.010954157,
        0.010677377,
        0.010644554,
        0.01067151
      ],