{
  "results": [
    {
      "command": "./benchmark_masking",
      "mean": 0.26112222263636364,
      "stddev": 0.00028422097801966847,
      "median": 0.26118167200000003,
      "user": 0.2564362727272727,
      "system": 0.001829363636363636,
      "min": 0.260573155,
      "max": 0.261542642,
      "times": [
        0.26142300700000004,
        0.26119828100000003,
        0.260951931,
        0.261313722,
        0.260573155,
        0.261542642,
        0.26104007,
        0.26115662700000003,
        0.26074013,
        0.26118167200000003,
        0.26122321200000004
      ],
      "exit_codes": [
        0,
        0,
        0,
        0,
        0,
        0,
        0,
        0,
        0,
        0,
        0
      ]
    }
  ]
}
