{
  "results": [
    {
      "command": "./benchmark_hfiemulate2",
      "mean": 0.7478912712000001,
      "stddev": 0.0005656554421382295,
      "median": 0.7480528740000001,
      "user": 0.7375082,
      "system": 0.0028060999999999997,
      "min": 0.7469231230000001,
      "max": 0.748650833,
      "times": [
        0.748324367,
        0.748650833,
        0.7470540760000001,
        0.747779712,
        0.748119239,
        0.7469231230000001,
        0.748110524,
        0.7475662780000001,
        0.7479952240000001,
        0.748389336
      ],
      "exit_codes": [
        0,
        0,
        0,
        0,
        0,
        0,
        0,
        0,
        0,
        0
      ]
    }
  ]
}
