{
  "results": [
    {
      "command": "./benchmark_hfiemulate2",
      "mean": 0.8832097664999999,
      "stddev": 0.0020012241874434677,
      "median": 0.8828478995,
      "user": 0.8684552,
      "system": 0.005979199999999999,
      "min": 0.881507993,
      "max": 0.8883928200000001,
      "times": [
        0.8883928200000001,
        0.881639481,
        0.8825757500000001,
        0.8830731730000001,
        0.8817885790000001,
        0.8831893120000001,
        0.882667787,
        0.883028012,
        0.881507993,
        0.8842347580000001
      ],
      "exit_codes": [
        0,
        0,
        0,
        0,
        0,
        0,
        0,
        0,
        0,
        0
      ]
    }
  ]
}
