{
  "results": [
    {
      "command": "./benchmark_boundschecks",
      "mean": 0.05131741391228069,
      "stddev": 0.00048827801348647266,
      "median": 0.051274257000000004,
      "user": 0.04918829824561402,
      "system": 0.0014380526315789476,
      "min": 0.05079795,
      "max": 0.054440561000000005,
      "times": [
        0.05183763,
        0.051230846000000003,
        0.051274257000000004,
        0.051385724,
        0.05079795,
        0.051315910000000006,
        0.051078554000000005,
        0.051100195,
        0.051487225000000005,
        0.051836882,
        0.051482051,
        0.051402683000000005,
        0.050836386000000004,
        0.051372535000000004,
        0.051384580000000006,
        0.050943623,
        0.051228300000000004,
        0.05083772,
        0.051299324,
        0.051597564000000005,
        0.051727303,
        0.051145001,
        0.05121014300000001,
        0.050867316,
        0.051141691,
        0.051899556000000006,
        0.051106843000000006,
        0.051327948000000005,
        0.050986481,
        0.051478143000000004,
        0.051339837000000006,
        0.051144689,
        0.051089307,
        0.051184413000000005,
        0.051216221000000006,
        0.051408095,
        0.051287084000000004,
        0.050976240000000006,
        0.051268484,
        0.051456311000000005,
        0.051207503,
        0.051278447000000005,
        0.051347215,
        0.051219572000000005,
        0.051528759,
        0.051182688000000004,
        0.051120994,
        0.051407125000000005,
        0.050838524,
        0.054440561000000005,
        0.051411107000000004,
        0.050977664000000006,
        0.051158198,
        0.051401655000000004,
        0.050911776000000006,
        0.051278608,
        0.051391152
      ],
      "exit_codes": [
        0,
        0,
        0,
        0,
        0,
        0,
        0,
        0,
        0,
        0,
        0,
        0,
        0,
        0,
        0,
        0,
        0,
        0,
        0,
        0,
        0,
        0,
        0,
        0,
        0,
        0,
        0,
        0,
        0,
        0,
        0,
        0,
        0,
        0,
        0,
        0,
        0,
        0,
        0,
        0,
        0,
        0,
        0,
        0,
        0,
        0,
        0,
        0,
        0,
        0,
        0,
        0,
        0,
        0,
        0,
        0,
        0
      ]
    }
  ]
}
