{
  "results": [
    {
      "command": "./benchmark_hfiemulate2",
      "mean": 0.22427086869230772,
      "stddev": 0.0004162856541645757,
      "median": 0.22417650900000002,
      "user": 0.2209180769230769,
      "system": 0.0009323076923076922,
      "min": 0.22342075300000003,
      "max": 0.22501484500000002,
      "times": [
        0.22417650900000002,
        0.22414054600000002,
        0.22376124100000003,
        0.22501484500000002,
        0.224107405,
        0.22410869700000002,
        0.22414777800000002,
        0.22342075300000003,
        0.224339051,
        0.224685866,
        0.22472792300000002,
        0.22440727600000002,
        0.22448340300000003
      ],
      "exit_codes": [
        0,
        0,
        0,
        0,
        0,
        0,
        0,
        0,
        0,
        0,
        0,
        0,
        0
      ]
    }
  ]
}
