{
  "results": [
    {
      "command": "./benchmark_boundschecks",
      "mean": 0.4563071498000001,
      "stddev": 0.00037992491148523366,
      "median": 0.456265746,
      "user": 0.44776239999999995,
      "system": 0.0036169,
      "min": 0.45567598800000003,
      "max": 0.456836228,
      "times": [
        0.456509616,
        0.45600169700000004,
        0.456100155,
        0.456396132,
        0.45601686500000005,
        0.45613536000000005,
        0.456782571,
        0.456836228,
        0.45567598800000003,
        0.45661688600000006
      ],
      "exit_codes": [
        0,
        0,
        0,
        0,
        0,
        0,
        0,
        0,
        0,
        0
      ]
    }
  ]
}
