{
  "results": [
    {
      "command": "./benchmark_guardpage_asmmove",
      "mean": 0.26178799990909096,
      "stddev": 0.0006944467064315863,
      "median": 0.262056638,
      "user": 0.2574371818181818,
      "system": 0.001437,
      "min": 0.26064911700000004,
      "max": 0.262699876,
      "times": [
        0.262411817,
        0.26127584400000003,
        0.26261617000000004,
        0.260958943,
        0.26148529000000004,
        0.262699876,
        0.26126259700000004,
        0.26064911700000004,
        0.262150343,
        0.262101364,
        0.262056638
      ],
      "exit_codes": [
        0,
        0,
        0,
        0,
        0,
        0,
        0,
        0,
        0,
        0,
        0
      ]
    }
  ]
}
