{
  "results": [
    {
      "command": "./benchmark_guardpage_asmmove",
      "mean": 0.6035720724000001,
      "stddev": 0.0189966408519098,
      "median": 0.606382857,
      "user": 0.5947254000000001,
      "system": 0.0023907999999999998,
      "min": 0.553527254,
      "max": 0.629283094,
      "times": [
        0.606491295,
        0.6059908500000001,
        0.629283094,
        0.608766851,
        0.606274419,
        0.605627813,
        0.6072738590000001,
        0.553527254,
        0.60709612,
        0.6053891690000001
      ],
      "exit_codes": [
        0,
        0,
        0,
        0,
        0,
        0,
        0,
        0,
        0,
        0
      ]
    }
  ]
}
