{
  "results": [
    {
      "command": "./benchmark_boundschecks",
      "mean": 1.5117649615000004,
      "stddev": 0.016559559620713264,
      "median": 1.5158665425,
      "user": 1.4907064,
      "system": 0.005606999999999999,
      "min": 1.467476617,
      "max": 1.524715462,
      "times": [
        1.524715462,
        1.5159945320000001,
        1.5076837360000002,
        1.515738553,
        1.512543943,
        1.467476617,
        1.5243716680000001,
        1.52222423,
        1.51608191,
        1.510818964
      ],
      "exit_codes": [
        0,
        0,
        0,
        0,
        0,
        0,
        0,
        0,
        0,
        0
      ]
    }
  ]
}
