{
  "results": [
    {
      "command": "./benchmark_guardpage_asmmove",
      "mean": 0.22408308630769233,
      "stddev": 0.0004414454666993355,
      "median": 0.22400102000000002,
      "user": 0.2202823076923077,
      "system": 0.0012334615384615385,
      "min": 0.22327987200000002,
      "max": 0.224946485,
      "times": [
        0.224335155,
        0.22429040600000003,
        0.22327987200000002,
        0.224332046,
        0.22390873100000003,
        0.22400102000000002,
        0.224946485,
        0.223742407,
        0.22463201000000002,
        0.22372101900000002,
        0.224242294,
        0.22395572100000002,
        0.22369295600000003
      ],
      "exit_codes": [
        0,
        0,
        0,
        0,
        0,
        0,
        0,
        0,
        0,
        0,
        0,
        0,
        0
      ]
    }
  ]
}
