{
  "results": [
    {
      "command": "./benchmark_guardpage_asmmove",
      "mean": 0.6450143287000001,
      "stddev": 0.004325312779678245,
      "median": 0.646294795,
      "user": 0.6353712,
      "system": 0.0031776,
      "min": 0.6327346420000001,
      "max": 0.647050895,
      "times": [
        0.6460359750000001,
        0.6461700180000001,
        0.646028134,
        0.6327346420000001,
        0.646645119,
        0.6464428240000001,
        0.646306707,
        0.646282883,
        0.6464460900000001,
        0.647050895
      ],
      "exit_codes": [
        0,
        0,
        0,
        0,
        0,
        0,
        0,
        0,
        0,
        0
      ]
    }
  ]
}
