{
  "results": [
    {
      "command": "./benchmark_guardpage_asmmove",
      "mean": 1.5943504002000002,
      "stddev": 0.0009280830005490445,
      "median": 1.5943148,
      "user": 1.5715016999999998,
      "system": 0.0063933,
      "min": 1.5929150619999999,
      "max": 1.5962649240000002,
      "times": [
        1.59423935,
        1.593454204,
        1.59439025,
        1.5962649240000002,
        1.5929150619999999,
        1.594626289,
        1.5950940390000001,
        1.594739882,
        1.593841973,
        1.593938029
      ],
      "exit_codes": [
        0,
        0,
        0,
        0,
        0,
        0,
        0,
        0,
        0,
        0
      ]
    }
  ]
}
