{
  "results": [
    {
      "command": "./benchmark_boundschecks",
      "mean": 1.0359086354000002,
      "stddev": 0.0018449475269173429,
      "median": 1.03533103,
      "user": 1.0211801,
      "system": 0.0040014,
      "min": 1.033862083,
      "max": 1.039680395,
      "times": [
        1.039680395,
        1.035381841,
        1.0352802190000001,
        1.03446445,
        1.038655189,
        1.035742494,
        1.035120487,
        1.03610078,
        1.033862083,
        1.034798416
      ],
      "exit_codes": [
        0,
        0,
        0,
        0,
        0,
        0,
        0,
        0,
        0,
        0
      ]
    }
  ]
}
