{
  "results": [
    {
      "command": "./benchmark_boundschecks",
      "mean": 1.0761697215,
      "stddev": 0.010667728578901333,
      "median": 1.0810976124999998,
      "user": 1.0598994000000002,
      "system": 0.0056088,
      "min": 1.051286115,
      "max": 1.081690913,
      "times": [
        1.051286115,
        1.081115541,
        1.080964241,
        1.081690913,
        1.081385396,
        1.081082105,
        1.081253839,
        1.08111312,
        1.080121986,
        1.061683959
      ],
      "exit_codes": [
        0,
        0,
        0,
        0,
        0,
        0,
        0,
        0,
        0,
        0
      ]
    }
  ]
}
