{
  "results": [
    {
      "command": "./benchmark_guardpage_asmmove",
      "mean": 3.0411505385,
      "stddev": 0.020645365990330875,
      "median": 3.042049176,
      "user": 2.9991974,
      "system": 0.0119723,
      "min": 2.999343439,
      "max": 3.073179378,
      "times": [
        3.042979065,
        3.073179378,
        3.037020794,
        3.041681643,
        2.999343439,
        3.066938648,
        3.027926068,
        3.03006998,
        3.049949661,
        3.042416709
      ],
      "exit_codes": [
        0,
        0,
        0,
        0,
        0,
        0,
        0,
        0,
        0,
        0
      ]
    }
  ]
}
