{
  "results": [
    {
      "command": "./benchmark_boundschecks",
      "mean": 0.22740327561538468,
      "stddev": 0.0003077159203614985,
      "median": 0.227386518,
      "user": 0.2232784615384615,
      "system": 0.0015443846153846152,
      "min": 0.22688907100000003,
      "max": 0.22795599200000002,
      "times": [
        0.227889464,
        0.227269507,
        0.226951334,
        0.227607674,
        0.227386518,
        0.22795599200000002,
        0.22732616700000002,
        0.227243997,
        0.22746685600000002,
        0.22688907100000003,
        0.22743833800000002,
        0.227288138,
        0.227529527
      ],
      "exit_codes": [
        0,
        0,
        0,
        0,
        0,
        0,
        0,
        0,
        0,
        0,
        0,
        0,
        0
      ]
    }
  ]
}
