{
  "results": [
    {
      "command": "./benchmark_hfiemulate2",
      "mean": 0.04703489614285716,
      "stddev": 0.0002627484938557767,
      "median": 0.047057267,
      "user": 0.04483438095238094,
      "system": 0.0015389999999999998,
      "min": 0.046598598000000005,
      "max": 0.047611737,
      "times": [
        0.047288626,
        0.04725999,
        0.047211911,
        0.046731028,
        0.04718531,
        0.046676978,
        0.046996708000000005,
        0.047196034000000005,
        0.046783947000000006,
        0.04703828,
        0.046771622000000006,
        0.047101853000000006,
        0.047611737,
        0.04700213,
        0.047226038000000005,
        0.046771249,
        0.047194717000000004,
        0.047370664,
        0.046695469,
        0.047038554,
        0.046753374,
        0.047109656,
        0.046734909000000005,
        0.046975768,
        0.047283445,
        0.046653308000000004,
        0.047172616,
        0.047503109,
        0.046837569,
        0.047221208,
        0.04668407,
        0.047180423000000006,
        0.046682131,
        0.047271032000000004,
        0.047511181,
        0.046598598000000005,
        0.047521455000000004,
        0.046710796000000006,
        0.047020941000000004,
        0.047190874,
        0.046963403,
        0.047273140000000005,
        0.046876636000000006,
        0.047057267,
        0.046839490000000004,
        0.047102408000000005,
        0.047211055,
        0.046816846,
        0.047041574,
        0.046680572000000004,
        0.0471653,
        0.046981435,
        0.047465689000000005,
        0.047227162,
        0.046732818,
        0.047164195000000006,
        0.046720523,
        0.047241595000000004,
        0.047338797,
        0.04664225,
        0.047152112,
        0.046661144,
        0.047073738000000004
      ],
      "exit_codes": [
        0,
        0,
        0,
        0,
        0,
        0,
        0,
        0,
        0,
        0,
        0,
        0,
        0,
        0,
        0,
        0,
        0,
        0,
        0,
        0,
        0,
        0,
        0,
        0,
        0,
        0,
        0,
        0,
        0,
        0,
        0,
        0,
        0,
        0,
        0,
        0,
        0,
        0,
        0,
        0,
        0,
        0,
        0,
        0,
        0,
        0,
        0,
        0,
        0,
        0,
        0,
        0,
        0,
        0,
        0,
        0,
        0,
        0,
        0,
        0,
        0,
        0,
        0
      ]
    }
  ]
}
