{
  "results": [
    {
      "command": "./benchmark_masking",
      "mean": 0.9199172027000001,
      "stddev": 0.013757256765061988,
      "median": 0.9237540005,
      "user": 0.9043234,
      "system": 0.0064121,
      "min": 0.881038795,
      "max": 0.9279077480000001,
      "times": [
        0.9223881620000001,
        0.923940014,
        0.9254012220000001,
        0.9235679870000001,
        0.9279077480000001,
        0.881038795,
        0.9225959890000001,
        0.9245834350000001,
        0.9248795310000001,
        0.9228691440000001
      ],
      "exit_codes": [
        0,
        0,
        0,
        0,
        0,
        0,
        0,
        0,
        0,
        0
      ]
    }
  ]
}
