{
  "results": [
    {
      "command": "./benchmark_masking",
      "mean": 0.011131744675572512,
      "stddev": 0.00017762174991762289,
      "median": 0.0110916035,
      "user": 0.009931137404580149,
      "system": 0.0009487671755725191,
      "min": 0.010921623,
      "max": 0.011848635000000001,
      "times": [
        0.011437065000000001,
        0.011323657,
        0.011029262000000001,
        0.011274609000000001,
        0.010942014,
        0.011163649000000001,
        0.011055446,
        0.010977128000000001,
        0.011095293,
        0.011338471000000001,
        0.011234005,
        0.010953704,
        0.011083041,
        0.011043881,
        0.011025994,
        0.011499626,
        0.010967000000000001,
        0.011100977000000001,
        0.010952040000000001,
        0.011158121,
        0.010938223,
        0.011585611,
        0.01111517,
        0.011005231,
        0.011056123000000001,
        0.010999962,
        0.011092966000000001,
        0.011281007000000001,
        0.011250524000000001,
        0.011133463000000001,
        0.011019858,
        0.011054635,
        0.010971815000000001,
        0.011542551,
        0.010983398,
        0.011101963000000001,
        0.011092332,
        0.010999649,
        0.011058638,
        0.011283894000000001,
        0.011217052,
        0.010967784000000001,
        0.011646076,
        0.011116937,
        0.011010953,
        0.011304271000000001,
        0.010979540000000001,
        0.011094357000000001,
        0.011050015,
        0.010984962000000001,
        0.011306081,
        0.0110372,
        0.011242888000000001,
        0.010955793,
        0.011086465,
        0.011040214000000001,
        0.011238152000000001,
        0.011259429000000001,
        0.01100924,
        0.011104947,
        0.010929076000000001,
        0.011107296000000001,
        0.011223032,
        0.011446630000000001,
        0.011110145,
        0.010986663,
        0.011096906,
        0.01094693,
        0.011375911,
        0.010960004,
        0.011224148000000001,
        0.011135177000000001,
        0.010998081,
        0.011091239000000001,
        0.011214346,
        0.011284125,
        0.011065343,
        0.010983691,
        0.011076287,
        0.011039624000000001,
        0.011704047,
        0.010979175,
        0.011077527,
        0.010938796,
        0.011084853,
        0.010951145,
        0.01149837,
        0.011259675,
        0.010964217,
        0.011086336,
        0.010921623,
        0.011059872,
        0.011248207000000001,
        0.011316166,
        0.011148008000000001,
        0.011236526,
        0.011319244000000001,
        0.01105744,
        0.011247837,
        0.011350541,
        0.010951359,
        0.011127141,
        0.010945339,
        0.011093842000000001,
        0.011637637000000001,
        0.010945543,
        0.01109832,
        0.010945034000000001,
        0.01119319,
        0.010946683,
        0.011415856,
        0.010968411,
        0.011251246000000001,
        0.01110466,
        0.010931630000000001,
        0.011124422,
        0.011285475000000001,
        0.011268128,
        0.011039761,
        0.011013536,
        0.011051928,
        0.010969796,
        0.011755446000000001,
        0.010997012,
        0.011146489,
        0.011056739000000001,
        0.011017198,
        0.011055307,
        0.011340023000000001,
        0.011317435,
        0.010941347,
        0.011108188000000001,
        0.010944229000000001,
        0.011089407,
        0.011617122,
        0.01096132,
        0.011175242,
        0.010957285,
        0.011091373,
        0.010962499,
        0.011526039,
        0.011264886,
        0.010934828,
        0.011140456,
        0.010948099000000001,
        0.011091834,
        0.011275529000000001,
        0.011250847000000001,
        0.011117222000000001,
        0.011338914,
        0.011259155,
        0.011118633000000001,
        0.011289489000000002,
        0.011261904000000001,
        0.010981577000000001,
        0.011104582,
        0.010928798,
        0.011102948000000001,
        0.011641552000000001,
        0.01097246,
        0.011104657,
        0.010947566,
        0.011096907000000001,
        0.010926894000000001,
        0.011425852,
        0.011010641,
        0.011237387000000001,
        0.011088068000000001,
        0.010931864000000001,
        0.011090824,
        0.011332940000000001,
        0.011265355000000001,
        0.011104342000000001,
        0.011011145,
        0.011046068000000001,
        0.011025243,
        0.011848635000000001,
        0.011057644,
        0.011001461,
        0.011104592,
        0.011021326000000001,
        0.011063199000000001,
        0.010988524000000001,
        0.011699479,
        0.010949416,
        0.011109696,
        0.011156153,
        0.011023129000000001,
        0.011035921,
        0.011324341,
        0.011359510000000001,
        0.010961998,
        0.011091836,
        0.010993614,
        0.011117779000000001,
        0.011460514000000002,
        0.010956185,
        0.011134271000000001,
        0.010952925,
        0.011091955,
        0.010929829,
        0.011653333,
        0.011068953000000001,
        0.011023754,
        0.011064985000000001,
        0.011004497,
        0.011055325000000001,
        0.011328174,
        0.011283715000000001,
        0.011051894000000001,
        0.010998989,
        0.011052629000000001,
        0.011060949,
        0.011479887000000001,
        0.010942476000000001,
        0.011170606000000001,
        0.010945885,
        0.011093365,
        0.011078909000000001,
        0.011245593,
        0.011279824,
        0.010942197,
        0.011141047000000001,
        0.010940932,
        0.011094883,
        0.011238049,
        0.011250268,
        0.011101673000000001,
        0.01095658,
        0.011137638,
        0.010940217,
        0.011551648000000001,
        0.011046691,
        0.011000945,
        0.011107642000000001,
        0.010951534,
        0.011118753,
        0.011213529,
        0.011246309000000001,
        0.01105819,
        0.011007562,
        0.011028356000000001,
        0.011272148000000001,
        0.011287593,
        0.010985217,
        0.011096976000000001,
        0.01107108,
        0.010980809000000001,
        0.01132286,
        0.011038364,
        0.011245078,
        0.010972634,
        0.011116545,
        0.011066862,
        0.01127092,
        0.011242924000000001,
        0.010935969,
        0.011073152000000001,
        0.011009639,
        0.011084887,
        0.011281139,
        0.011113278
      ],