{
  "results": [
    {
      "command": "./benchmark_masking",
      "mean": 0.6380678209,
      "stddev": 0.006846827295735241,
      "median": 0.6401486895,
      "user": 0.6275454,
      "system": 0.0039842,
      "min": 0.618608798,
      "max": 0.6409829920000001,
      "times": [
        0.640413714,
        0.640502746,
        0.6401065960000001,
        0.6400656730000001,
        0.6402995530000001,
        0.6409829920000001,
        0.6396916610000001,
        0.640190783,
        0.6398156930000001,
        0.618608798
      ],
      "exit_codes": [
        0,
        0,
        0,
        0,
        0,
        0,
        0,
        0,
        0,
        0
      ]
    }
  ]
}
