{
  "results": [
    {
      "command": "./benchmark_guardpage_asmmove",
      "mean": 0.048745430508196734,
      "stddev": 0.0007123664971718943,
      "median": 0.048627481,
      "user": 0.046402442622950825,
      "system": 0.0016893770491803275,
      "min": 0.047991214000000004,
      "max": 0.051371889000000004,
      "times": [
        0.048769084000000004,
        0.04826007,
        0.048562997000000004,
        0.048115798,
        0.048627481,
        0.048529746000000006,
        0.049014786000000005,
        0.04865759,
        0.048350135,
        0.048449932,
        0.048401577,
        0.048064361,
        0.048508158,
        0.04961374,
        0.048063237,
        0.049215868,
        0.048254718,
        0.048993084000000006,
        0.048883216,
        0.048728533000000004,
        0.051371889000000004,
        0.048230928000000006,
        0.048673606,
        0.048917089000000004,
        0.050894039,
        0.048845912000000005,
        0.048396463,
        0.048479057000000006,
        0.048430702000000006,
        0.048131776,
        0.048695442000000005,
        0.048412932000000006,
        0.048907540000000006,
        0.051341125,
        0.04811903,
        0.048805382,
        0.050561737,
        0.048657912000000005,
        0.048814051000000004,
        0.048585917000000006,
        0.048014524,
        0.049113182000000005,
        0.048130376,
        0.048827898,
        0.048465725,
        0.049250491,
        0.048546450000000005,
        0.048071476,
        0.048901493000000004,
        0.048813472000000004,
        0.047991214000000004,
        0.048945619,
        0.048104535000000004,
        0.049156731,
        0.048551199,
        0.048078647,
        0.048470528000000006,
        0.048301021,
        0.048801710000000005,
        0.048924104,
        0.048674226
      ],
      "exit_codes": [
        0,
        0,
        0,
        0,
        0,
        0,
        0,
        0,
        0,
        0,
        0,
        0,
        0,
        0,
        0,
        0,
        0,
        0,
        0,
        0,
        0,
        0,
        0,
        0,
        0,
        0,
        0,
        0,
        0,
        0,
        0,
        0,
        0,
        0,
        0,
        0,
        0,
        0,
        0,
        0,
        0,
        0,
        0,
        0,
        0,
        0,
        0,
        0,
        0,
        0,
        0,
        0,
        0,
        0,
        0,
        0,
        0,
        0,
        0,
        0,
        0
      ]
    }
  ]
}
