{
  "results": [
    {
      "command": "./benchmark_masking",
      "mean": 0.08669349335294117,
      "stddev": 0.0002198573117867905,
      "median": 0.08664801150000001,
      "user": 0.08481529411764707,
      "system": 0.0008233529411764706,
      "min": 0.08628898800000001,
      "max": 0.08730127600000001,
      "times": [
        0.08730127600000001,
        0.086511662,
        0.086642756,
        0.086611617,
        0.086506152,
        0.087240496,
        0.08661213000000001,
        0.08707511300000001,
        0.08649211100000001,
        0.08660277300000001,
        0.08674077200000001,
        0.086653267,
        0.08671002500000001,
        0.086656278,
        0.08703105800000001,
        0.08649746000000001,
        0.08683541,
        0.086819088,
        0.08628898800000001,
        0.086432093,
        0.086834201,
        0.08671690900000001,
        0.086584353,
        0.086532539,
        0.08665965,
        0.086757523,
        0.086803241,
        0.08663892200000001,
        0.0866066,
        0.086815845,
        0.08650160900000001,
        0.08683665,
        0.086501518,
        0.086528689
      ],
      "exit_codes": [
        0,
        0,
        0,
        0,
        0,
        0,
        0,
        0,
        0,
        0,
        0,
        0,
        0,
        0,
        0,
        0,
        0,
        0,
        0,
        0,
        0,
        0,
        0,
        0,
        0,
        0,
        0,
        0,
        0,
        0,
        0,
        0,
        0,
        0
      ]
    }
  ]
}
