{
  "results": [
    {
      "command": "./benchmark_hfiemulate2",
      "mean": 0.6756516703,
      "stddev": 0.00043902942455603926,
      "median": 0.6757707960000001,
      "user": 0.6661063999999999,
      "system": 0.002397,
      "min": 0.674670913,
      "max": 0.676109096,
      "times": [
        0.676109096,
        0.6760212710000001,
        0.676026738,
        0.67585808,
        0.675628077,
        0.675791624,
        0.6753919700000001,
        0.674670913,
        0.6752689660000001,
        0.6757499680000001
      ],
      "exit_codes": [
        0,
        0,
        0,
        0,
        0,
        0,
        0,
        0,
        0,
        0
      ]
    }
  ]
}
