{
  "results": [
    {
      "command": "./benchmark_hfiemulate2",
      "mean": 0.9362903532000001,
      "stddev": 0.011615392870215898,
      "median": 0.941859432,
      "user": 0.9219523000000001,
      "system": 0.004802599999999999,
      "min": 0.9107600180000001,
      "max": 0.9432610020000001,
      "times": [
        0.940917336,
        0.9107600180000001,
        0.918717305,
        0.937724957,
        0.9432610020000001,
        0.9419575130000001,
        0.9427224110000001,
        0.9424131870000001,
        0.942668452,
        0.941761351
      ],
      "exit_codes": [
        0,
        0,
        0,
        0,
        0,
        0,
        0,
        0,
        0,
        0
      ]
    }
  ]
}
