{
  "results": [
    {
      "command": "./benchmark_boundschecks",
      "mean": 0.5971824962,
      "stddev": 0.0002736559036802736,
      "median": 0.59722071,
      "user": 0.5881847,
      "system": 0.0027956,
      "min": 0.596536571,
      "max": 0.597560865,
      "times": [
        0.597560865,
        0.5972656230000001,
        0.5971923010000001,
        0.597198613,
        0.5969666920000001,
        0.59718159,
        0.596536571,
        0.597242807,
        0.597397163,
        0.597282737
      ],
      "exit_codes": [
        0,
        0,
        0,
        0,
        0,
        0,
        0,
        0,
        0,
        0
      ]
    }
  ]
}
