{
  "results": [
    {
      "command": "./benchmark_boundschecks",
      "mean": 0.012896047148471618,
      "stddev": 0.00019242322526259745,
      "median": 0.012839589,
      "user": 0.011602899563318775,
      "system": 0.0010253711790393007,
      "min": 0.012667985000000001,
      "max": 0.013633901,
      "times": [
        0.013067958000000001,
        0.012769830000000001,
        0.013038317,
        0.013031563000000001,
        0.01285462,
        0.012763081,
        0.012896419000000001,
        0.012690319,
        0.013079972,
        0.013002147,
        0.012807944000000002,
        0.012772108,
        0.012835352000000001,
        0.012731183,
        0.013430624,
        0.012867117,
        0.012700527000000001,
        0.012849716,
        0.012863288,
        0.012730355,
        0.013528365,
        0.012869648000000001,
        0.012694105,
        0.012839777,
        0.012781262000000002,
        0.012785602,
        0.01310965,
        0.012995847000000001,
        0.012695835,
        0.012839589,
        0.012796441,
        0.012802608,
        0.013331931,
        0.012857141,
        0.013058789000000001,
        0.013097623000000001,
        0.013100376,
        0.012813576,
        0.013004900000000002,
        0.012854817000000001,
        0.012686176,
        0.01282987,
        0.012803733000000001,
        0.012801727,
        0.013383240000000001,
        0.012801299,
        0.012759785000000001,
        0.012848483,
        0.012699619,
        0.012827573,
        0.013407912000000001,
        0.012697414,
        0.012894654,
        0.012843197,
        0.012684412,
        0.012861356000000001,
        0.01333483,
        0.012724550000000001,
        0.012838983,
        0.012792620000000001,
        0.012755773000000001,
        0.012832105000000002,
        0.013296026,
        0.012699642,
        0.012856595,
        0.0128292,
        0.012719330000000001,
        0.012849025,
        0.013071069000000001,
        0.013013733000000001,
        0.012829001000000001,
        0.012793843000000001,
        0.012756177,
        0.012841737,
        0.013160212000000001,
        0.013008058000000001,
        0.012851455000000001,
        0.012680493000000001,
        0.012846022,
        0.012789156000000001,
        0.013131352,
        0.013002613000000001,
        0.012846822,
        0.012975946,
        0.012986071,
        0.013186424,
        0.012689859000000001,
        0.013045368000000002,
        0.012841878000000001,
        0.012801841000000001,
        0.012751079,
        0.012828247000000001,
        0.013097061,
        0.013030767,
        0.012863076000000001,
        0.012667985000000001,
        0.012855992,
        0.012783759,
        0.013051391,
        0.013044846,
        0.012835747000000002,
        0.012674939000000001,
        0.012828418000000001,
        0.012794065,
        0.013156333000000001,
        0.013050307,
        0.012787052,
        0.012767204,
        0.012836236000000001,
        0.012773783,
        0.01311731,
        0.013252350000000001,
        0.012790135000000001,
        0.012761061,
        0.012845664000000001,
        0.012695538000000001,
        0.013101873,
        0.01301759,
        0.012860745000000002,
        0.012756047000000001,
        0.012829344000000001,
        0.012682807,
        0.013426084000000001,
        0.012870407,
        0.012719604,
        0.012852816000000001,
        0.012837265,
        0.012687225000000002,
        0.013516374000000001,
        0.012851062000000002,
        0.01273462,
        0.012857041000000001,
        0.012786503000000001,
        0.012758206000000001,
        0.013399412000000001,
        0.012802520000000001,
        0.012819985,
        0.012834909,
        0.012695624,
        0.012857394000000001,
        0.012789965,
        0.013102474000000001,
        0.013098085,
        0.012801935,
        0.012746559000000001,
        0.012844890000000001,
        0.013276838000000001,
        0.012716234000000002,
        0.012894300000000001,
        0.012789575000000001,
        0.012752301,
        0.012857447000000001,
        0.012968978,
        0.013004939,
        0.012834164,
        0.012842601,
        0.012738142000000001,
        0.013319101000000002,
        0.012691166,
        0.012830139,
        0.012779337,
        0.012787689000000001,
        0.012841305,
        0.013325435,
        0.012707745000000001,
        0.012843862000000001,
        0.012816965000000001,
        0.012782233,
        0.012841130000000001,
        0.012996547,
        0.013014458000000001,
        0.012856471000000001,
        0.012783812,
        0.012791279000000001,
        0.013633901,
        0.012876768,
        0.012774510000000001,
        0.012849190000000002,
        0.012674589,
        0.012883678,
        0.012792562,
        0.013072704000000001,
        0.013014352000000002,
        0.012837298,
        0.012681650000000001,
        0.01283509,
        0.012838947000000002,
        0.013062654000000002,
        0.013070323,
        0.012803425,
        0.012761575,
        0.012870483,
        0.012703144000000001,
        0.013172137,
        0.012985907000000001,
        0.012796723000000001,
        0.012749197,
        0.012839994,
        0.012725219000000001,
        0.013556482000000002,
        0.012857942,
        0.012703706,
        0.012848843,
        0.012797544000000001,
        0.012777145,
        0.013330860000000002,
        0.012815555000000001,
        0.012756353000000002,
        0.012859586000000001,
        0.01279073,
        0.012771492,
        0.01309365,
        0.012700834000000001,
        0.012963516000000001,
        0.012846659000000002,
        0.012687777,
        0.012921468,
        0.013292787,
        0.01280332,
        0.013077330000000002,
        0.013003198,
        0.01279541,
        0.012751134,
        0.013384361000000001,
        0.012846526,
        0.012741761,
        0.01284115,
        0.012775822000000001,
        0.012783352000000001
      ],