{
  "results": [
    {
      "command": "./benchmark_hfiemulate2",
      "mean": 0.24478726291666664,
      "stddev": 0.0002632751303251448,
      "median": 0.2447365795,
      "user": 0.2400723333333333,
      "system": 0.001967833333333333,
      "min": 0.24448150300000002,
      "max": 0.24543503700000002,
      "times": [
        0.244545797,
        0.244615839,
        0.24498708700000002,
        0.244985468,
        0.24487143600000003,
        0.244698936,
        0.244774223,
        0.24543503700000002,
        0.24448150300000002,
        0.24483210000000002,
        0.244644771,
        0.244574958
      ],
      "exit_codes": [
        0,
        0,
        0,
        0,
        0,
        0,
        0,
        0,
        0,
        0,
        0,
        0
      ]
    }
  ]
}
