{
  "results": [
    {
      "command": "./benchmark_masking",
      "mean": 0.588134049,
      "stddev": 0.01754202058440711,
      "median": 0.581154457,
      "user": 0.5794876999999999,
      "system": 0.0023842,
      "min": 0.5604379300000001,
      "max": 0.6133562290000001,
      "times": [
        0.5604379300000001,
        0.580266299,
        0.5809723910000001,
        0.581336523,
        0.5818601200000001,
        0.6115313250000001,
        0.58068386,
        0.580321989,
        0.610573824,
        0.6133562290000001
      ],
      "exit_codes": [
        0,
        0,
        0,
        0,
        0,
        0,
        0,
        0,
        0,
        0
      ]
    }
  ]
}
