{
  "results": [
    {
      "command": "./benchmark_guardpage_asmmove",
      "mean": 0.4200607465000001,
      "stddev": 0.00047705830413232077,
      "median": 0.419864137,
      "user": 0.41041979999999995,
      "system": 0.005212499999999999,
      "min": 0.419563283,
      "max": 0.42081381300000004,
      "times": [
        0.41995635600000003,
        0.420599151,
        0.419771918,
        0.419563283,
        0.419744033,
        0.41962835600000004,
        0.42081381300000004,
        0.41960492000000005,
        0.420587547,
        0.420338088
      ],
      "exit_codes": [
        0,
        0,
        0,
        0,
        0,
        0,
        0,
        0,
        0,
        0
      ]
    }
  ]
}
