{
  "results": [
    {
      "command": "./benchmark_masking",
      "mean": 3.0516199749,
      "stddev": 0.012459266167180922,
      "median": 3.0475662135,
      "user": 3.0085484,
      "system": 0.012399499999999997,
      "min": 3.033839597,
      "max": 3.078843329,
      "times": [
        3.033839597,
        3.043972973,
        3.0489246740000002,
        3.054784278,
        3.078843329,
        3.046207753,
        3.056060286,
        3.045853938,
        3.063125588,
        3.044587333
      ],
      "exit_codes": [
        0,
        0,
        0,
        0,
        0,
        0,
        0,
        0,
        0,
        0
      ]
    }
  ]
}
