{
  "results": [
    {
      "command": "./benchmark_guardpage_asmmove",
      "mean": 0.8840188201,
      "stddev": 0.0010001888710530237,
      "median": 0.8835702540000001,
      "user": 0.871513,
      "system": 0.0036079999999999992,
      "min": 0.88305387,
      "max": 0.885697931,
      "times": [
        0.885697931,
        0.88340057,
        0.883487208,
        0.883521913,
        0.8836747410000001,
        0.88305387,
        0.885093961,
        0.88315233,
        0.885487082,
        0.8836185950000001
      ],
      "exit_codes": [
        0,
        0,
        0,
        0,
        0,
        0,
        0,
        0,
        0,
        0
      ]
    }
  ]
}
