{
  "results": [
    {
      "command": "./benchmark_boundschecks",
      "mean": 0.09558744632258066,
      "stddev": 0.00027878054338845,
      "median": 0.09550616,
      "user": 0.09323193548387095,
      "system": 0.001170322580645161,
      "min": 0.09527776900000001,
      "max": 0.096466908,
      "times": [
        0.09546865,
        0.09555630400000001,
        0.095865818,
        0.095354161,
        0.09550616,
        0.09600480700000001,
        0.095535412,
        0.095388396,
        0.09583419500000001,
        0.09545318800000001,
        0.095422272,
        0.09565694400000001,
        0.09563600000000001,
        0.095812294,
        0.095383513,
        0.09550282900000001,
        0.095308296,
        0.09532831300000001,
        0.09616917500000001,
        0.095713698,
        0.095341985,
        0.095341388,
        0.095561303,
        0.096466908,
        0.09535679500000001,
        0.09527776900000001,
        0.095326931,
        0.09574812,
        0.095885705,
        0.095438639,
        0.09556486800000001
      ],
      "exit_codes": [
        0,
        0,
        0,
        0,
        0,
        0,
        0,
        0,
        0,
        0,
        0,
        0,
        0,
        0,
        0,
        0,
        0,
        0,
        0,
        0,
        0,
        0,
        0,
        0,
        0,
        0,
        0,
        0,
        0,
        0,
        0
      ]
    }
  ]
}
