{
  "results": [
    {
      "command": "./benchmark_hfiemulate2",
      "mean": 0.2603693095454545,
      "stddev": 0.0003427197527880131,
      "median": 0.260325741,
      "user": 0.25497299999999995,
      "system": 0.0025381818181818183,
      "min": 0.259838463,
      "max": 0.26106096900000003,
      "times": [
        0.260563129,
        0.260162028,
        0.26039075,
        0.26051694200000003,
        0.260266832,
        0.260724288,
        0.259838463,
        0.26106096900000003,
        0.259974001,
        0.260239262,
        0.260325741
      ],
      "exit_codes": [
        0,
        0,
        0,
        0,
        0,
        0,
        0,
        0,
        0,
        0,
        0
      ]
    }
  ]
}
