{
  "results": [
    {
      "command": "./benchmark_masking",
      "mean": 0.051900706754385975,
      "stddev": 0.0002793471770248629,
      "median": 0.051953465000000004,
      "user": 0.05007787719298247,
      "system": 0.0011104385964912282,
      "min": 0.051317345,
      "max": 0.052470458000000005,
      "times": [
        0.052043885000000005,
        0.051962356,
        0.052007329000000005,
        0.051965119000000004,
        0.052349935,
        0.051932634000000005,
        0.052396694,
        0.051594310000000004,
        0.051953465000000004,
        0.051869085,
        0.051708016,
        0.051956351000000005,
        0.051654302000000006,
        0.052278129000000007,
        0.052363399000000005,
        0.051738953000000004,
        0.052169600000000003,
        0.052147891,
        0.051538110000000005,
        0.051879451,
        0.052014896000000005,
        0.051890122000000004,
        0.051636776,
        0.051585126,
        0.051965372,
        0.052123257000000006,
        0.052381775000000005,
        0.05146835,
        0.052260545000000005,
        0.052470458000000005,
        0.05134434,
        0.05178396800000001,
        0.051435196,
        0.052027212,
        0.051935054,
        0.051464965,
        0.052121163000000005,
        0.051959719,
        0.051317345,
        0.051995452000000004,
        0.052115289,
        0.051686273000000005,
        0.051894312000000005,
        0.052060156,
        0.051389432000000006,
        0.052080881,
        0.051979979,
        0.051964704,
        0.051782889000000006,
        0.051766152,
        0.051894212,
        0.051758363,
        0.052163723,
        0.05175997500000001,
        0.052001258,
        0.0514483,
        0.051904282
      ],
      "exit_codes": [
        0,
        0,
        0,
        0,
        0,
        0,
        0,
        0,
        0,
        0,
        0,
        0,
        0,
        0,
        0,
        0,
        0,
        0,
        0,
        0,
        0,
        0,
        0,
        0,
        0,
        0,
        0,
        0,
        0,
        0,
        0,
        0,
        0,
        0,
        0,
        0,
        0,
        0,
        0,
        0,
        0,
        0,
        0,
        0,
        0,
        0,
        0,
        0,
        0,
        0,
        0,
        0,
        0,
        0,
        0,
        0,
        0
      ]
    }
  ]
}
