{
  "results": [
    {
      "command": "./benchmark_guardpage_asmmove",
      "mean": 0.7116906512000001,
      "stddev": 0.005447002439629779,
      "median": 0.7092690990000001,
      "user": 0.7020321,
      "system": 0.0023925,
      "min": 0.708410881,
      "max": 0.7227137690000001,
      "times": [
        0.7093946320000001,
        0.709484619,
        0.7089594450000001,
        0.708410881,
        0.709526666,
        0.7227137690000001,
        0.721260027,
        0.7091435660000001,
        0.7090821810000001,
        0.7089307260000001
      ],
      "exit_codes": [
        0,
        0,
        0,
        0,
        0,
        0,
        0,
        0,
        0,
        0
      ]
    }
  ]
}
