{
  "results": [
    {
      "command": "./benchmark_boundschecks",
      "mean": 0.008643663454802265,
      "stddev": 0.0001823237348429943,
      "median": 0.008584651,
      "user": 0.006874816384180785,
      "system": 0.0015419971751412433,
      "min": 0.008445845,
      "max": 0.009497536,
      "times": [
        0.008470979,
        0.008615477,
        0.00861312,
        0.008812345000000001,
        0.008677409,
        0.008559085000000001,
        0.008792779,
        0.008523005,
        0.0086545,
        0.008484351000000001,
        0.008718969,
        0.008816046000000001,
        0.008543457,
        0.008795276000000001,
        0.008516565,
        0.008664844000000001,
        0.008480788000000001,
        0.00854944,
        0.008547599000000001,
        0.009202473000000001,
        0.008548932,
        0.008550806000000001,
        0.008531161,
        0.008484382,
        0.008649753000000001,
        0.008479613,
        0.008968132,
        0.008913379,
        0.008548358,
        0.008639465,
        0.008482721,
        0.008662969000000001,
        0.008464391,
        0.008576861,
        0.008574329,
        0.008846112,
        0.008861654,
        0.008573274,
        0.008703944,
        0.008507974,
        0.008598474,
        0.008472213000000001,
        0.008587609000000001,
        0.008570692000000001,
        0.008892877,
        0.008840083,
        0.008477990000000001,
        0.008702890000000001,
        0.008486296,
        0.008555718,
        0.00855183,
        0.008813661,
        0.008797776,
        0.008595024,
        0.008544587000000001,
        0.008492985,
        0.008686026000000001,
        0.008455201,
        0.008615222,
        0.008911728,
        0.008479002000000001,
        0.008822187,
        0.008465803000000001,
        0.008653627,
        0.008474278,
        0.008695650000000001,
        0.008457246,
        0.009382575,
        0.008535177,
        0.008592432,
        0.008534262,
        0.008504218000000001,
        0.008645655,
        0.008483807000000001,
        0.008660323000000001,
        0.008917518000000001,
        0.008820839,
        0.008478850000000001,
        0.008606948,
        0.008541294000000001,
        0.008445845,
        0.008640072,
        0.008490993,
        0.008670088000000001,
        0.008845476,
        0.008530398,
        0.008841462000000001,
        0.008615886,
        0.008565518000000001,
        0.008456393000000001,
        0.008665952000000001,
        0.008451203000000001,
        0.009171802,
        0.008613357,
        0.008636795000000001,
        0.008912629,
        0.00880026,
        0.008477776000000001,
        0.008589205,
        0.008953813,
        0.008561550000000001,
        0.008854780000000001,
        0.008523010000000001,
        0.008645085,
        0.008503121,
        0.008577414,
        0.008557884,
        0.009110279,
        0.008527151,
        0.008593004000000001,
        0.008573658000000001,
        0.008542205,
        0.008676376000000001,
        0.0084697,
        0.008591857000000001,
        0.009013721,
        0.00850881,
        0.008816195,
        0.008581686,
        0.008537665,
        0.008521016000000001,
        0.008646039000000001,
        0.008484671000000001,
        0.009119948000000001,
        0.008491996,
        0.008623926,
        0.008574031000000001,
        0.008457459,
        0.008681992000000001,
        0.008528578,
        0.008674841,
        0.008470739,
        0.009201251,
        0.008528698000000001,
        0.008583703,
        0.008553648,
        0.00850699,
        0.008667537000000001,
        0.008485647,
        0.008984677,
        0.008652025,
        0.0087912,
        0.008519945000000001,
        0.008661006,
        0.008534238000000001,
        0.008496743000000001,
        0.00865785,
        0.008889968,
        0.008895466000000001,
        0.008493703,
        0.008590222,
        0.008597858,
        0.008554427,
        0.008548877,
        0.008496268000000001,
        0.009315386,
        0.0085422,
        0.008726464,
        0.008526123,
        0.008622375,
        0.008548859,
        0.008517148,
        0.008680086,
        0.009074561,
        0.008896896000000001,
        0.008519053,
        0.008727588000000001,
        0.008507543000000001,
        0.008609224,
        0.00850619,
        0.008476821,
        0.008692911000000001,
        0.008810606,
        0.008902603,
        0.008480097,
        0.00871027,
        0.008484342,
        0.008609449,
        0.008540682,
        0.008500491,
        0.009159282000000001,
        0.008512885000000001,
        0.00866764,
        0.008488141000000001,
        0.008647706,
        0.00846465,
        0.008591272,
        0.008831479,
        0.008542357,
        0.008850124000000001,
        0.008462709,
        0.008632735,
        0.008479722,
        0.008592492,
        0.008572369,
        0.008929941,
        0.008514854,
        0.008585031,
        0.008523124,
        0.0084693,
        0.008680287,
        0.008459588,
        0.008584364,
        0.009004891000000001,
        0.008545965,
        0.0088175,
        0.008454834000000001,
        0.008656622000000001,
        0.008468339,
        0.008625562,
        0.008456856,
        0.009158007000000001,
        0.008598957,
        0.008612422,
        0.008558393000000001,
        0.008473999000000001,
        0.008646951,
        0.008513030000000001,
        0.008577454,
        0.008587942000000001,
        0.009057205,
        0.008579309,
        0.008584938,
        0.008559762,
        0.008480693000000001,
        0.008646539,
        0.008493677,
        0.008949441,
        0.008574181,
        0.008538854,
        0.008834036,
        0.008898340000000001,
        0.008614071000000001,
        0.008501475000000001,
        0.008798024,
        0.008781936,
        0.008907704,
        0.008490079000000001,
        0.008653392000000001,
        0.0085293,
        0.008631034000000001,
        0.00853052,
        0.008475554,
        0.009497536,
        0.008511743,
        0.008713839000000001,
        0.008498571,
        0.008640484,
        0.008470955,
        0.008681571,
        0.008546309,
        0.00885155,
        0.008846205000000001,
        0.008488331,
        0.008641155000000001,
        0.008495251,
        0.008568134,
        0.00856838,
        0.008653976,
        0.008640762,
        0.008823137,
        0.008852011,
        0.008483944,
        0.008633813,
        0.0085106,
        0.008600207,
        0.008611283,
        0.008522308000000001,
        0.009245851000000001,
        0.008492653000000001,
        0.008651373,
        0.008473595,
        0.008604957,
        0.008565151,
        0.008477387000000001,
        0.008864425,
        0.008639356,
        0.008867325,
        0.008517068000000001,
        0.008654526000000001,
        0.00848233,
        0.008579133000000001,
        0.00854305,
        0.008842977,
        0.008840562,
        0.00857417,
        0.008572184,
        0.008470391,
        0.008646382000000001,
        0.008472760000000001,
        0.008575860000000001,
        0.008928183000000001,
        0.008515783,
        0.008821554,
        0.008472958000000001,
        0.008726637,
        0.008472674000000001,
        0.008659544,
        0.008501685,
        0.009244548,
        0.008476418000000001,
        0.008634219,
        0.008943751,
        0.008533719,
        0.008849612,
        0.008503086,
        0.008997084,
        0.008531427000000001,
        0.008826756,
        0.008514535,
        0.008636006,
        0.008520659,
        0.008572489,
        0.00864754,
        0.008471137,
        0.008943633000000001,
        0.008521289000000001,
        0.008837541,
        0.008468285,
        0.008649037,
        0.008467445,
        0.008584248000000001,
        0.008651211,
        0.008839703,
