{
  "results": [
    {
      "command": "./benchmark_guardpage_asmmove",
      "mean": 0.00714414931690141,
      "stddev": 0.00032145992433851346,
      "median": 0.007116447500000001,
      "user": 0.005444415492957746,
      "system": 0.0014882441314553985,
      "min": 0.004079454000000001,
      "max": 0.008082759,
      "times": [
        0.007037556,
        0.007240734,
        0.007102932,
        0.007514717000000001,
        0.0075575930000000005,
        0.007106991000000001,
        0.0070152800000000005,
        0.007235709000000001,
        0.007042893000000001,
        0.007011720000000001,
        0.007198438000000001,
        0.007045465000000001,
        0.007290813,
        0.007456009,
        0.0050913,
        0.004079454000000001,
        0.004600578,
        0.0047148400000000005,
        0.005235414000000001,
        0.006037721,
        0.0068224010000000005,
        0.0070330060000000005,
        0.007162046,
        0.007156437000000001,
        0.0074781430000000005,
        0.007541870000000001,
        0.007026933000000001,
        0.007092046,
        0.007085645000000001,
        0.006996989,
        0.007176386000000001,
        0.007127654000000001,
        0.007030614,
        0.007150944,
        0.007075565000000001,
        0.0074007000000000005,
        0.007451214,
        0.007039780000000001,
        0.0072456230000000005,
        0.007085012000000001,
        0.007112719000000001,
        0.00711712,
        0.007115866,
        0.007107314000000001,
        0.007541359,
        0.007119952000000001,
        0.0070703020000000005,
        0.007249988000000001,
        0.007021559,
        0.007052895000000001,
        0.007205622,
        0.007041253000000001,
        0.007118622000000001,
        0.007222418,
        0.007034875,
        0.007510687,
        0.007342417,
        0.007089805,
        0.007466232000000001,
        0.007026293,
        0.007110412000000001,
        0.007193308000000001,
        0.007066342000000001,
        0.00717876,
        0.0071069950000000005,
        0.007317548,
        0.007399725,
        0.00709547,
        0.007161657,
        0.007178488,
        0.007049403,
        0.007120533,
        0.007132837,
        0.0071008550000000005,
        0.007849351000000001,
        0.0071143050000000005,
        0.007019735,
        0.007239485,
        0.007104174,
        0.007003842000000001,
        0.007254881,
        0.007009916000000001,
        0.007166776000000001,
        0.007101827000000001,
        0.0074195400000000005,
        0.007527062,
        0.007103098,
        0.0070130340000000005,
        0.007289559,
        0.007035648,
        0.00712674,
        0.0071447590000000005,
        0.006994913,
        0.007923532,
        0.007083303000000001,
        0.0070614070000000004,
        0.007220806000000001,
        0.007080375000000001,
        0.007027705,
        0.0072217520000000006,
        0.006999691000000001,
        0.007171888,
        0.007109823,
        0.007019468,
        0.007680623,
        0.007073331,
        0.007073269,
        0.007256724000000001,
        0.007022635,
        0.0070699230000000005,
        0.007221426,
        0.007053084,
        0.00713304,
        0.007447437,
        0.007047981,
        0.007443959000000001,
        0.00703273,
        0.007032930000000001,
        0.007160103,
        0.007132039000000001,
        0.007077548,
        0.007205304,
        0.007062074000000001,
        0.007865116,
        0.0071280250000000005,
        0.007047455,
        0.007203816,
        0.0070614630000000005,
        0.0070238570000000005,
        0.007157651,
        0.007035694,
        0.007116954000000001,
        0.007066803000000001,
        0.007021432,
        0.007731759,
        0.007163096000000001,
        0.007113875,
        0.007243922000000001,
        0.00708734,
        0.007006816000000001,
        0.007190191,
        0.007023674000000001,
        0.007096779,
        0.007643373,
        0.007101131,
        0.007360203,
        0.007087145,
        0.007097204,
        0.007484906,
        0.007061467,
        0.0073263320000000005,
        0.007044221000000001,
        0.007416211000000001,
        0.007407137,
        0.007049739,
        0.007143148,
        0.007083222,
        0.007054548000000001,
        0.007222756,
        0.007034058,
        0.007007625000000001,
        0.0072245320000000005,
        0.007030133,
        0.007038036,
        0.007804159000000001,
        0.007101502000000001,
        0.007071081000000001,
        0.007210264,
        0.007089165000000001,
        0.007207600000000001,
        0.0071667810000000005,
        0.007061217000000001,
        0.007145364,
        0.007537851000000001,
        0.007088663,
        0.007381338,
        0.007069854,
        0.007149738,
        0.007088111,
        0.007091067,
        0.007166368,
        0.007065028,
        0.006991674000000001,
        0.007826607000000001,
        0.007070042,
        0.0070374700000000005,
        0.007303624000000001,
        0.007061838000000001,
        0.007142474,
        0.007124595,
        0.007121965,
        0.0071410480000000005,
        0.007445124000000001,
        0.0070479340000000005,
        0.007430689000000001,
        0.007037598000000001,
        0.007016723000000001,
        0.007164107,
        0.007011300000000001,
        0.007149771,
        0.007182949,
        0.0070537740000000005,
        0.0071586670000000005,
        0.007402031000000001,
        0.00707021,
        0.007389733000000001,
        0.007036559,
        0.007042517000000001,
        0.007175258,
        0.007048829,
        0.007156794,
        0.007073337000000001,
        0.007457301,
        0.00741012,
        0.007087432,
        0.007042517000000001,
        0.007204312,
        0.007084864000000001,
        0.007126568000000001,
        0.007102182,
        0.007025932,
        0.007142176,
        0.007472562,
        0.007075463000000001,
        0.007482255,
        0.007080749000000001,
        0.007060876000000001,
        0.0070822030000000005,
        0.006998590000000001,
        0.007143966000000001,
        0.007118523000000001,
        0.007436061000000001,
        0.007404075,
        0.007050929,
        0.007093078,
        0.007296510000000001,
        0.007022825000000001,
        0.007150862,
        0.007197997,
        0.0070114570000000005,
        0.007169448,
        0.007073825000000001,
        0.007447186000000001,
        0.007379239,
        0.007077527,
        0.0071538090000000006,
        0.007222877000000001,
        0.007055872,
        0.007138081,
        0.007103511000000001,
        0.007024935,
        0.007128501000000001,
        0.0074547910000000005,
        0.007071358000000001,
        0.007322179000000001,
        0.007062632,
        0.0071666310000000006,
        0.007145208,
        0.007095298000000001,
        0.007184001000000001,
        0.007047479000000001,
        0.007002032,
        0.0071358540000000005,
        0.007426389,
        0.007126541,
        0.007352113,
        0.007068573000000001,
        0.007225011000000001,
        0.007172662000000001,
        0.0070501420000000006,
        0.007117523000000001,
        0.00712659,
        0.007356756000000001,
        0.007398911,
        0.007153119,
        0.007176092,
        0.007075334000000001,
        0.007015234,
        0.007144119000000001,
        0.007160603000000001,
        0.007033205000000001,
        0.007522804,
        0.0074515020000000005,
        0.007120859,
        0.0072452160000000005,
        0.00704296,
        0.007027631,
        0.007236154000000001,
        0.007049275000000001,
        0.007019946000000001,
        0.007259726,
        0.00751717,
        0.0073826410000000006,
        0.007021222000000001,
        0.007016665,
        0.0072422170000000004,
        0.007007829,
        0.007036898000000001,
        0.007196658000000001,
