{
  "results": [
    {
      "command": "./benchmark_boundschecks",
      "mean": 1.5154376738,
      "stddev": 0.0059753926829529186,
      "median": 1.5153241190000002,
      "user": 1.4933470800000002,
      "system": 0.006561599999999998,
      "min": 1.4935207400000001,
      "max": 1.530806143,
      "times": [
        1.4935207400000001,
        1.5151027460000002,
        1.513423327,
        1.51429448,
        1.5153241190000002,
        1.5170391360000002,
        1.530806143,
        1.5159070030000001,
        1.516153056,
        1.5167060810000002,
        1.516385912,
        1.517984226,
        1.52463459,
        1.513275341,
        1.514749821,
        1.514767664,
        1.514736005,
        1.511659119,
        1.5158152390000001,
        1.518863254,
        1.515428419,
        1.515187118,
        1.5134257830000002,
        1.5144650849999999,
        1.516287438
      ],
      "exit_codes": [
        0,
        0,
        0,
        0,
        0,
        0,
        0,
        0,
        0,
        0,
        0,
        0,
        0,
        0,
        0,
        0,
        0,
        0,
        0,
        0,
        0,
        0,
        0,
        0,
        0
      ]
    }
  ]
}
