{
  "results": [
    {
      "command": "./benchmark_boundschecks",
      "mean": 1.07814148504,
      "stddev": 0.008469335047500543,
      "median": 1.081489149,
      "user": 1.0607897999999998,
      "system": 0.006566999999999998,
      "min": 1.049052641,
      "max": 1.082839982,
      "times": [
        1.081661794,
        1.06580794,
        1.081489149,
        1.080677655,
        1.080477632,
        1.080644136,
        1.081517179,
        1.082053045,
        1.080756312,
        1.081482482,
        1.081973252,
        1.08177256,
        1.08115337,
        1.082606475,
        1.064763832,
        1.082839982,
        1.082223999,
        1.081886709,
        1.049052641,
        1.08195194,
        1.081906148,
        1.080789569,
        1.082063716,
        1.080864098,
        1.061121511
      ],
      "exit_codes": [
        0,
        0,
        0,
        0,
        0,
        0,
        0,
        0,
        0,
        0,
        0,
        0,
        0,
        0,
        0,
        0,
        0,
        0,
        0,
        0,
        0,
        0,
        0,
        0,
        0
      ]
    }
  ]
}
