{
  "results": [
    {
      "command": "./benchmark_hfiemulate2",
      "mean": 0.22430204008000001,
      "stddev": 0.00043212947813434544,
      "median": 0.224202009,
      "user": 0.21964128000000002,
      "system": 0.0022333599999999998,
      "min": 0.223537804,
      "max": 0.22527637700000003,
      "times": [
        0.225233611,
        0.224142572,
        0.223537804,
        0.224202009,
        0.22396422500000002,
        0.224176323,
        0.22457404800000003,
        0.223941768,
        0.223803792,
        0.223917458,
        0.22472555200000002,
        0.22527637700000003,
        0.22429670200000001,
        0.224143203,
        0.22454109700000002,
        0.224591333,
        0.22425882200000002,
        0.22378797,
        0.22416638400000002,
        0.22412566,
        0.22460897300000002,
        0.224383145,
        0.224741938,
        0.223792227,
        0.224618009
      ],
      "exit_codes": [
        0,
        0,
        0,
        0,
        0,
        0,
        0,
        0,
        0,
        0,
        0,
        0,
        0,
        0,
        0,
        0,
        0,
        0,
        0,
        0,
        0,
        0,
        0,
        0,
        0
      ]
    }
  ]
}
