{
  "results": [
    {
      "command": "./benchmark_guardpage_asmmove",
      "mean": 0.4206004776000001,
      "stddev": 0.0018351690271502482,
      "median": 0.420163547,
      "user": 0.41373408,
      "system": 0.00240776,
      "min": 0.419329194,
      "max": 0.42872556300000003,
      "times": [
        0.42872556300000003,
        0.419931845,
        0.419329194,
        0.42059762700000003,
        0.41974484900000003,
        0.420474718,
        0.420163547,
        0.420339958,
        0.419561473,
        0.419402698,
        0.42020629400000004,
        0.42001171000000004,
        0.420865576,
        0.42213248800000003,
        0.42019510600000004,
        0.419820634,
        0.41958950700000003,
        0.42173414400000003,
        0.42113087600000004,
        0.41975020500000004,
        0.41980118000000005,
        0.420145998,
        0.419533123,
        0.421062164,
        0.420761463
      ],
      "exit_codes": [
        0,
        0,
        0,
        0,
        0,
        0,
        0,
        0,
        0,
        0,
        0,
        0,
        0,
        0,
        0,
        0,
        0,
        0,
        0,
        0,
        0,
        0,
        0,
        0,
        0
      ]
    }
  ]
}
