{
  "results": [
    {
      "command": "./benchmark_masking",
      "mean": 0.9065514684000001,
      "stddev": 0.010250602226600614,
      "median": 0.9114284600000001,
      "user": 0.8936382799999998,
      "system": 0.00368172,
      "min": 0.8766924300000001,
      "max": 0.9142471010000001,
      "times": [
        0.9067985220000001,
        0.913549927,
        0.9114284600000001,
        0.912655427,
        0.9112393520000001,
        0.9080294910000001,
        0.9059575280000001,
        0.8975162910000001,
        0.9119127650000001,
        0.91140608,
        0.911810077,
        0.911880334,
        0.8835576310000001,
        0.8766924300000001,
        0.9142471010000001,
        0.9113346320000001,
        0.9138574920000001,
        0.88954522,
        0.9114731,
        0.893163828,
        0.9054207910000001,
        0.9127077250000001,
        0.9136029520000001,
        0.912506479,
        0.9114930750000001
      ],
      "exit_codes": [
        0,
        0,
        0,
        0,
        0,
        0,
        0,
        0,
        0,
        0,
        0,
        0,
        0,
        0,
        0,
        0,
        0,
        0,
        0,
        0,
        0,
        0,
        0,
        0,
        0
      ]
    }
  ]
}
