{
  "results": [
    {
      "command": "./benchmark_masking",
      "mean": 0.22921931884000002,
      "stddev": 0.00041742820884960565,
      "median": 0.22919983800000002,
      "user": 0.22485963999999994,
      "system": 0.00177008,
      "min": 0.22849845000000002,
      "max": 0.230466669,
      "times": [
        0.22935728000000002,
        0.22896913000000002,
        0.229171001,
        0.228900812,
        0.229354368,
        0.22931078100000002,
        0.22873578900000002,
        0.229269738,
        0.229972891,
        0.230466669,
        0.22919983800000002,
        0.22893747,
        0.22888924100000002,
        0.22927497900000002,
        0.229280543,
        0.22895749,
        0.22943137800000002,
        0.228921812,
        0.22968032400000002,
        0.22849845000000002,
        0.22887574700000002,
        0.22970098600000002,
        0.229010963,
        0.22935627900000002,
        0.22895901200000002
      ],
      "exit_codes": [
        0,
        0,
        0,
        0,
        0,
        0,
        0,
        0,
        0,
        0,
        0,
        0,
        0,
        0,
        0,
        0,
        0,
        0,
        0,
        0,
        0,
        0,
        0,
        0,
        0
      ]
    }
  ]
}
