{
  "results": [
    {
      "command": "./benchmark_guardpage_asmmove",
      "mean": 0.70890829472,
      "stddev": 0.007083403325058803,
      "median": 0.709418611,
      "user": 0.6974752399999998,
      "system": 0.004010839999999999,
      "min": 0.688256725,
      "max": 0.7234021900000001,
      "times": [
        0.7234021900000001,
        0.7100739410000001,
        0.709389079,
        0.7101209190000001,
        0.723098982,
        0.709618144,
        0.708832487,
        0.709124724,
        0.688256725,
        0.709101769,
        0.708440995,
        0.7096844750000001,
        0.709707321,
        0.709403149,
        0.709418611,
        0.7102390190000001,
        0.709736809,
        0.7090569870000001,
        0.690048832,
        0.708920263,
        0.7088034870000001,
        0.709780057,
        0.710079067,
        0.7088826500000001,
        0.7094866860000001
      ],
      "exit_codes": [
        0,
        0,
        0,
        0,
        0,
        0,
        0,
        0,
        0,
        0,
        0,
        0,
        0,
        0,
        0,
        0,
        0,
        0,
        0,
        0,
        0,
        0,
        0,
        0,
        0
      ]
    }
  ]
}
