{
  "results": [
    {
      "command": "./benchmark_hfiemulate2",
      "mean": 3.10052405748,
      "stddev": 0.008067843243167812,
      "median": 3.102826874,
      "user": 3.05736836,
      "system": 0.012322719999999995,
      "min": 3.06786882,
      "max": 3.106135105,
      "times": [
        3.10597494,
        3.101136014,
        3.102095333,
        3.103704439,
        3.102826874,
        3.06786882,
        3.102984924,
        3.106135105,
        3.085812239,
        3.103138035,
        3.100696844,
        3.102353532,
        3.105924243,
        3.100445669,
        3.103586853,
        3.102762901,
        3.102385225,
        3.1035457810000002,
        3.103136117,
        3.102778827,
        3.091303423,
        3.104396527,
        3.101821577,
        3.103418238,
        3.102868957
      ],
      "exit_codes": [
        0,
        0,
        0,
        0,
        0,
        0,
        0,
        0,
        0,
        0,
        0,
        0,
        0,
        0,
        0,
        0,
        0,
        0,
        0,
        0,
        0,
        0,
        0,
        0,
        0
      ]
    }
  ]
}
