{
  "results": [
    {
      "command": "./benchmark_boundschecks",
      "mean": 0.05112681617543859,
      "stddev": 0.002027449886464135,
      "median": 0.051358305,
      "user": 0.04904980701754387,
      "system": 0.0013772631578947367,
      "min": 0.036468207,
      "max": 0.054004435,
      "times": [
        0.05173205,
        0.051947622000000006,
        0.050883777000000005,
        0.054004435,
        0.050986051000000004,
        0.051200592,
        0.051371064,
        0.051196199000000005,
        0.051482069000000005,
        0.051813526000000006,
        0.050818536000000004,
        0.051555375,
        0.05140966,
        0.051190209,
        0.051704703000000005,
        0.05079633,
        0.051550982,
        0.051054092,
        0.05119043,
        0.051405571000000004,
        0.051044075,
        0.051122528,
        0.051201036000000005,
        0.050858507000000004,
        0.051804907000000004,
        0.051200338000000005,
        0.051417528000000004,
        0.051437236000000004,
        0.051523035,
        0.050911817000000005,
        0.051247703000000006,
        0.051792170000000005,
        0.036468207,
        0.051168094000000004,
        0.051114647000000006,
        0.051664962,
        0.051867361,
        0.051070123,
        0.051358305,
        0.05102025,
        0.051505488,
        0.051424228,
        0.051426418,
        0.051652077000000005,
        0.051539071000000006,
        0.050980752000000004,
        0.051482361000000004,
        0.051460540000000006,
        0.051771454,
        0.051141157000000007,
        0.051180242,
        0.051204156,
        0.051642587000000004,
        0.0511804,
        0.051408010000000004,
        0.051352458000000004,
        0.051291021000000006
      ],
      "exit_codes": [
        0,
        0,
        0,
        0,
        0,
        0,
        0,
        0,
        0,
        0,
        0,
        0,
        0,
        0,
        0,
        0,
        0,
        0,
        0,
        0,
        0,
        0,
        0,
        0,
        0,
        0,
        0,
        0,
        0,
        0,
        0,
        0,
        0,
        0,
        0,
        0,
        0,
        0,
        0,
        0,
        0,
        0,
        0,
        0,
        0,
        0,
        0,
        0,
        0,
        0,
        0,
        0,
        0,
        0,
        0,
        0,
        0
      ]
    }
  ]
}
