{
  "results": [
    {
      "command": "./benchmark_hfiemulate2",
      "mean": 0.7476571541600001,
      "stddev": 0.0039267317756364545,
      "median": 0.748285097,
      "user": 0.7373265999999998,
      "system": 0.00256908,
      "min": 0.7290845770000001,
      "max": 0.749787981,
      "times": [
        0.7290845770000001,
        0.7493449080000001,
        0.7493975390000001,
        0.7470200100000001,
        0.7479609730000001,
        0.74838503,
        0.747973973,
        0.7483657570000001,
        0.7483160600000001,
        0.747482438,
        0.7481017640000001,
        0.7478052150000001,
        0.7491687170000001,
        0.7495078390000001,
        0.748145179,
        0.748713085,
        0.7491857160000001,
        0.748181207,
        0.748133067,
        0.749787981,
        0.7486610920000001,
        0.7476532140000001,
        0.7485023820000001,
        0.748266034,
        0.748285097
      ],
      "exit_codes": [
        0,
        0,
        0,
        0,
        0,
        0,
        0,
        0,
        0,
        0,
        0,
        0,
        0,
        0,
        0,
        0,
        0,
        0,
        0,
        0,
        0,
        0,
        0,
        0,
        0
      ]
    }
  ]
}
