{
  "results": [
    {
      "command": "./benchmark_guardpage_asmmove",
      "mean": 1.59658847372,
      "stddev": 0.012956681671146646,
      "median": 1.594401549,
      "user": 1.5724442399999998,
      "system": 0.0073561600000000005,
      "min": 1.56675379,
      "max": 1.635650282,
      "times": [
        1.56675379,
        1.5944684709999999,
        1.5935429060000001,
        1.594401549,
        1.5939755400000002,
        1.5940633640000001,
        1.595145777,
        1.594656673,
        1.594890901,
        1.5957283160000002,
        1.594671925,
        1.593022163,
        1.596569946,
        1.593620063,
        1.5939909380000001,
        1.635650282,
        1.59483807,
        1.595445872,
        1.594451499,
        1.594181709,
        1.5943869689999999,
        1.593271765,
        1.593989497,
        1.593746225,
        1.635247633
      ],
      "exit_codes": [
        0,
        0,
        0,
        0,
        0,
        0,
        0,
        0,
        0,
        0,
        0,
        0,
        0,
        0,
        0,
        0,
        0,
        0,
        0,
        0,
        0,
        0,
        0,
        0,
        0
      ]
    }
  ]
}
