{
  "results": [
    {
      "command": "./benchmark_masking",
      "mean": 0.34485452351999996,
      "stddev": 0.0009756145612844986,
      "median": 0.34454884900000005,
      "user": 0.33948483999999995,
      "system": 0.0017595199999999999,
      "min": 0.343562754,
      "max": 0.346447359,
      "times": [
        0.344729867,
        0.34584894600000005,
        0.343869079,
        0.343917395,
        0.346447359,
        0.34410315900000005,
        0.34430159200000005,
        0.34454884900000005,
        0.346031851,
        0.34394776400000004,
        0.34489740100000005,
        0.34566372700000003,
        0.34598316300000004,
        0.345656153,
        0.344225999,
        0.343883838,
        0.343562754,
        0.344217657,
        0.343820935,
        0.345189522,
        0.34633939700000005,
        0.346137466,
        0.34611183700000003,
        0.34374353900000004,
        0.34418383900000005
      ],
      "exit_codes": [
        0,
        0,
        0,
        0,
        0,
        0,
        0,
        0,
        0,
        0,
        0,
        0,
        0,
        0,
        0,
        0,
        0,
        0,
        0,
        0,
        0,
        0,
        0,
        0,
        0
      ]
    }
  ]
}
