{
  "results": [
    {
      "command": "./benchmark_hfiemulate2",
      "mean": 0.22636171884000003,
      "stddev": 0.04934336731299085,
      "median": 0.26003148200000004,
      "user": 0.2224942,
      "system": 0.00142796,
      "min": 0.135747753,
      "max": 0.26065863300000003,
      "times": [
        0.19556648000000001,
        0.13639506,
        0.135747753,
        0.13656542600000002,
        0.13640411700000002,
        0.15378344800000002,
        0.181248464,
        0.257201622,
        0.26023126700000004,
        0.259969184,
        0.260599694,
        0.260377303,
        0.26007618,
        0.260048852,
        0.26003148200000004,
        0.26065863300000003,
        0.260378161,
        0.260168559,
        0.260540331,
        0.22498985400000002,
        0.210584456,
        0.260058593,
        0.260347133,
        0.260531771,
        0.246539148
      ],
      "exit_codes": [
        0,
        0,
        0,
        0,
        0,
        0,
        0,
        0,
        0,
        0,
        0,
        0,
        0,
        0,
        0,
        0,
        0,
        0,
        0,
        0,
        0,
        0,
        0,
        0,
        0
      ]
    }
  ]
}
