{
  "results": [
    {
      "command": "./benchmark_hfiemulate2",
      "mean": 0.01073293302592593,
      "stddev": 0.00017325566245621126,
      "median": 0.010696453500000001,
      "user": 0.009679518518518521,
      "system": 0.000816751851851852,
      "min": 0.010543974000000001,
      "max": 0.011434263,
      "times": [
        0.011094346000000001,
        0.010873606000000001,
        0.010579823,
        0.010736470000000001,
        0.010555827,
        0.010712006000000001,
        0.010571299000000001,
        0.010795818,
        0.010558349,
        0.010750972000000001,
        0.010839842,
        0.010885418000000001,
        0.010690928,
        0.010621858000000001,
        0.010675762,
        0.010668720000000001,
        0.011434263,
        0.010581272000000001,
        0.010731935000000001,
        0.010584912,
        0.010707148000000001,
        0.010567913,
        0.010780858,
        0.010554168000000001,
        0.011215279,
        0.010685273,
        0.010626093000000001,
        0.010650574000000001,
        0.010627894,
        0.010697512000000001,
        0.010948552,
        0.010895111,
        0.010573524,
        0.010759325,
        0.010663966,
        0.010630163000000001,
        0.010655048,
        0.010665661,
        0.010925068000000001,
        0.010575599000000001,
        0.010740384,
        0.010564742,
        0.010729892000000001,
        0.010578228,
        0.011117938,
        0.010624688,
        0.010864002000000001,
        0.010681235,
        0.010630091000000001,
        0.010693842,
        0.010618627,
        0.01105859,
        0.010649967000000002,
        0.010958152,
        0.010564006,
        0.010736962000000001,
        0.010683952,
        0.010629196,
        0.010675459,
        0.010992101,
        0.010904510000000001,
        0.010614390000000001,
        0.010726304,
        0.010575314,
        0.010711007,
        0.010915997,
        0.010874037000000001,
        0.010696708000000001,
        0.010635218,
        0.010668894,
        0.010603413,
        0.010664933000000001,
        0.010657194,
        0.011135757000000001,
        0.010634533,
        0.010740187,
        0.010618772,
        0.010719442000000001,
        0.010558596,
        0.011125013000000001,
        0.010565942,
        0.010871299000000001,
        0.010781824,
        0.010575274,
        0.010733565,
        0.010548690000000001,
        0.010743945000000001,
        0.01087278,
        0.010902064000000001,
        0.010718259,
        0.010618518,
        0.010660638,
        0.010637416,
        0.011242746000000001,
        0.010573091000000001,
        0.010716213,
        0.010604587,
        0.010709648,
        0.010573041,
        0.010720225,
        0.010916036,
        0.010875409,
        0.010709194,
        0.010633845000000001,
        0.01077285,
        0.010567825000000001,
        0.010716434,
        0.010848588000000001,
        0.010884494000000002,
        0.010661712,
        0.010628043,
        0.010731969000000001,
        0.010606256000000001,
        0.011387030000000001,
        0.010595393,
        0.010732059,
        0.010543974000000001,
        0.010697536,
        0.010551932,
        0.010731890000000001,
        0.010568056000000001,
        0.011233108,
        0.010591797,
        0.010759661,
        0.010562589,
        0.010617462000000001,
        0.010701437000000001,
        0.010967158000000001,
        0.010907361,
        0.010584911,
        0.010712629000000001,
        0.010572228000000001,
        0.010728406000000001,
        0.010609315000000001,
        0.010717826000000001,
        0.010819700000000002,
        0.010872055,
        0.010637282000000001,
        0.010662452000000001,
        0.010684107,
        0.010628834,
        0.011005886000000001,
        0.010590986,
        0.010866602000000001,
        0.010569022,
        0.010696199,
        0.010567463000000001,
        0.010733011,
        0.010726831000000001,
        0.010872938,
        0.010853904000000001,
        0.010578732,
        0.010709266,
        0.010605427,
        0.010721873,
        0.011012560000000001,
        0.010926962,
        0.010677352000000001,
        0.010616885000000001,
        0.010641309,
        0.01062825,
        0.010650592,
        0.010614524,
        0.01129157,
        0.010570033000000001,
        0.010723141,
        0.010551373000000001,
        0.010741556000000001,
        0.010548195,
        0.011103016,
        0.010858933000000001,
        0.010631576,
        0.010734676,
        0.010564272000000001,
        0.010718038000000001,
        0.01059154,
        0.011017684000000002,
        0.010554513000000001,
        0.010974272,
        0.010681799,
        0.010620207000000001,
        0.01067803,
        0.01061248,
        0.01140051,
        0.01057427,
        0.010773266,
        0.010581111,
        0.010725264,
        0.010564893,
        0.010719311,
        0.01082257,
        0.010959641000000001,
        0.010728442000000001,
        0.010616577,
        0.010712104,
        0.010562356,
        0.01071994,
        0.010560932,
        0.011267583000000001,
        0.010590568,
        0.010757511,
        0.010561607,
        0.01072198,
        0.010571959,
        0.011069261,
        0.010595362,
        0.01085401,
        0.010739862000000001,
        0.010628035000000001,
        0.010715659,
        0.010890107000000001,
        0.010761531000000001,
        0.010571686,
        0.010856231000000001,
        0.010679959000000001,
        0.010668018000000001,
        0.010663115,
        0.010942224,
        0.010854179,
        0.010580524000000001,
        0.010717809,
        0.010563116,
        0.010763167,
        0.010567047000000001,
        0.011037005,
        0.010574535000000001,
        0.010856818,
        0.010700471000000001,
        0.010638135,
        0.010711695,
        0.010578884,
        0.01073981,
        0.010873569000000001,
        0.010887709,
        0.010710845,
        0.010638896,
        0.010669699000000001,
        0.010644855,
        0.011196721000000001,
        0.01057694,
        0.010726121,
        0.010574746000000001,
        0.010726898,
        0.010561257000000001,
        0.010713224,
        0.010604578,
        0.011027888000000001,
        0.010572317000000001,
        0.010869731,
        0.010676608,
        0.010624822,
        0.010718243,
        0.010931894000000001,
        0.010875447,
        0.010589494000000001,
        0.010742828000000001,
        0.010664243,
        0.010612546,
        0.010703669,
        0.010607494,
        0.011205935,
        0.010612684,
        0.010773549,
        0.010554177000000001,
        0.010728369000000001,
        0.010548373000000002,
        0.011046312,
        0.010633277,
        0.010938915,
        0.01066188
      ],