{
  "results": [
    {
      "command": "./benchmark_boundschecks",
      "mean": 0.5955792099999999,
      "stddev": 0.00703385360067353,
      "median": 0.597445863,
      "user": 0.5859773599999999,
      "system": 0.0035222400000000003,
      "min": 0.5662055570000001,
      "max": 0.5985326280000001,
      "times": [
        0.597426054,
        0.5976987930000001,
        0.597190277,
        0.59833439,
        0.597445863,
        0.5662055570000001,
        0.5982989780000001,
        0.597499964,
        0.5975381630000001,
        0.597586311,
        0.5977020430000001,
        0.5970795750000001,
        0.597466805,
        0.59736769,
        0.5985326280000001,
        0.597438805,
        0.580289269,
        0.5973324050000001,
        0.597236722,
        0.597613229,
        0.5969902300000001,
        0.5979045350000001,
        0.596748491,
        0.597494651,
        0.597058822
      ],
      "exit_codes": [
        0,
        0,
        0,
        0,
        0,
        0,
        0,
        0,
        0,
        0,
        0,
        0,
        0,
        0,
        0,
        0,
        0,
        0,
        0,
        0,
        0,
        0,
        0,
        0,
        0
      ]
    }
  ]
}
