{
  "results": [
    {
      "command": "./benchmark_hfiemulate2",
      "mean": 0.9403796144400001,
      "stddev": 0.007418363345786475,
      "median": 0.941908311,
      "user": 0.9258551199999999,
      "system": 0.0047988,
      "min": 0.909741106,
      "max": 0.946373851,
      "times": [
        0.9436759910000001,
        0.9408202120000001,
        0.9434372630000001,
        0.9398507960000001,
        0.946373851,
        0.9426919290000001,
        0.944766863,
        0.9413588380000001,
        0.9432166190000001,
        0.940619422,
        0.941908311,
        0.9449431370000001,
        0.9406805770000001,
        0.942924343,
        0.9252741600000001,
        0.943420055,
        0.9436060610000001,
        0.943157192,
        0.909741106,
        0.940904677,
        0.9404508250000001,
        0.9418975780000001,
        0.9422470850000001,
        0.940501341,
        0.941022129
      ],
      "exit_codes": [
        0,
        0,
        0,
        0,
        0,
        0,
        0,
        0,
        0,
        0,
        0,
        0,
        0,
        0,
        0,
        0,
        0,
        0,
        0,
        0,
        0,
        0,
        0,
        0,
        0
      ]
    }
  ]
}
