{
  "results": [
    {
      "command": "./benchmark_boundschecks",
      "mean": 0.01290039177253219,
      "stddev": 0.00017216412702252028,
      "median": 0.012850987000000001,
      "user": 0.011761952789699565,
      "system": 0.0008721459227467808,
      "min": 0.012650235000000001,
      "max": 0.01357288,
      "times": [
        0.01284711,
        0.013092621,
        0.013078675000000001,
        0.012838327,
        0.012681015,
        0.012847845,
        0.012838008000000001,
        0.012768975,
        0.013154276000000001,
        0.012687984000000001,
        0.013018927000000001,
        0.012870036000000001,
        0.012795301,
        0.012782466000000001,
        0.013316547000000001,
        0.012823801000000001,
        0.012752884,
        0.012843504,
        0.012679754000000001,
        0.012900061,
        0.013256390000000002,
        0.012811563000000002,
        0.012751,
        0.012844288,
        0.012703480000000001,
        0.0128816,
        0.013056349,
        0.013032696000000002,
        0.012837462000000001,
        0.012774889000000001,
        0.012751131,
        0.012889657,
        0.013055122,
        0.013001221,
        0.013123581,
        0.012705155000000001,
        0.013010688000000001,
        0.013458942000000002,
        0.012849148000000001,
        0.012716159000000001,
        0.012841951,
        0.012793273,
        0.012754550000000002,
        0.012889596000000001,
        0.013034084000000001,
        0.013046448,
        0.012898947000000001,
        0.012780187,
        0.012735741,
        0.012847916000000001,
        0.013065453000000001,
        0.013008214,
        0.012865351,
        0.012650235000000001,
        0.012852385000000001,
        0.01282549,
        0.013030285,
        0.013024419,
        0.012850987000000001,
        0.012691830000000001,
        0.012898668,
        0.012789594000000001,
        0.013051526,
        0.013007195000000001,
        0.012846842,
        0.012696984000000001,
        0.012835255,
        0.012807175,
        0.013078658,
        0.013001906,
        0.012783587,
        0.012734194,
        0.012847295000000002,
        0.012792032,
        0.013061746,
        0.013058572000000001,
        0.012780114,
        0.012736684000000002,
        0.012863404,
        0.013040728000000001,
        0.013124687000000001,
        0.012885174000000001,
        0.012806782000000001,
        0.012750078000000001,
        0.012850479000000001,
        0.012703325000000001,
        0.013443354000000001,
        0.012900886,
        0.012681809,
        0.012839649000000002,
        0.012809830000000001,
        0.012750077,
        0.013362328000000001,
        0.012873214000000001,
        0.012747203,
        0.012853749000000001,
        0.012674134,
        0.012839439000000001,
        0.013114444000000001,
        0.013129646,
        0.012843217,
        0.012789981,
        0.012754964,
        0.012840847,
        0.013025617000000001,
        0.013045015,
        0.012840793000000001,
        0.01267326,
        0.012857013,
        0.012838169,
        0.012947191,
        0.013149382000000001,
        0.012851012,
        0.012689118000000001,
        0.012832043000000001,
        0.012812615000000001,
        0.013139383000000001,
        0.012978213,
        0.012897512000000002,
        0.012689192,
        0.012882565,
        0.012787922,
        0.013069872000000001,
        0.013005618,
        0.013174825000000001,
        0.012762440000000002,
        0.012987057000000002,
        0.012837529,
        0.012951036,
        0.012975766000000001,
        0.012896751000000001,
        0.012687748,
        0.012857469000000002,
        0.012772,
        0.013089605,
        0.013412719,
        0.012912287000000001,
        0.012724547000000001,
        0.012841724,
        0.012798163000000001,
        0.013095887,
        0.012987976,
        0.01284478,
        0.012737919,
        0.012843667000000001,
        0.013201368000000002,
        0.012999288000000001,
        0.012988161000000002,
        0.012833180000000001,
        0.012753564,
        0.012855998,
        0.012673619,
        0.013081783000000001,
        0.013028134,
        0.012782337000000001,
        0.012794660000000001,
        0.012821440000000002,
        0.012690104,
        0.013446434,
        0.012882351,
        0.012694394000000001,
        0.012904966,
        0.012792217000000002,
        0.013066089000000001,
        0.013021721,
        0.012855127000000001,
        0.012688344,
        0.012886872,
        0.012800496000000001,
        0.013039123000000001,
        0.012996872000000001,
        0.012855405,
        0.013064537000000001,
        0.013191947,
        0.013121938000000001,
        0.012696098000000001,
        0.012991889000000001,
        0.012858416000000001,
        0.012689474000000001,
        0.012893963000000001,
        0.012823594,
        0.013058725,
        0.012982239000000001,
        0.012857379,
        0.012686505,
        0.01285898,
        0.012858481000000001,
        0.012999392,
        0.012995744,
        0.012867461,
        0.012688484000000002,
        0.012833230000000001,
        0.012834203,
        0.013080796,
        0.013019299000000002,
        0.012792825,
        0.012746365,
        0.012836551000000002,
        0.012846524000000002,
        0.013057124000000002,
        0.012997551000000001,
        0.012845209000000002,
        0.012753594,
        0.012846969000000001,
        0.012722458,
        0.013156675000000001,
        0.012989076,
        0.012788833000000001,
        0.012731472,
        0.012835742,
        0.012736517000000001,
        0.013409483000000002,
        0.012850936,
        0.012690952,
        0.012857773000000001,
        0.012813692000000002,
        0.012720314,
        0.013419888000000001,
        0.012875145000000001,
        0.012994237,
        0.013379208,
        0.012843660000000002,
        0.012964635,
        0.013082154,
        0.012838991000000001,
        0.012789333,
        0.012758219000000001,
        0.012863094,
        0.012672011,
        0.01357288,
        0.012864854,
        0.012703781,
        0.012854902000000001
      ],