{
  "results": [
    {
      "command": "./benchmark_masking",
      "mean": 0.261102082,
      "stddev": 0.00021501840733004093,
      "median": 0.26114043400000003,
      "user": 0.2555282,
      "system": 0.0027317199999999995,
      "min": 0.26075193,
      "max": 0.261617747,
      "times": [
        0.261066162,
        0.261007386,
        0.26086933500000004,
        0.261617747,
        0.260787687,
        0.261385643,
        0.26114043400000003,
        0.26115918,
        0.261219441,
        0.261200246,
        0.261171349,
        0.261145566,
        0.261294906,
        0.261333959,
        0.26075193,
        0.26080980000000004,
        0.261308081,
        0.261076659,
        0.26091952900000004,
        0.261245451,
        0.261212451,
        0.261120693,
        0.26106016000000004,
        0.260838665,
        0.26080959000000004
      ],
      "exit_codes": [
        0,
        0,
        0,
        0,
        0,
        0,
        0,
        0,
        0,
        0,
        0,
        0,
        0,
        0,
        0,
        0,
        0,
        0,
        0,
        0,
        0,
        0,
        0,
        0,
        0
      ]
    }
  ]
}
