{
  "results": [
    {
      "command": "./benchmark_masking",
      "mean": 0.051905672596491224,
      "stddev": 0.0005736011729898368,
      "median": 0.051809403000000004,
      "user": 0.04953463157894738,
      "system": 0.0016520526315789471,
      "min": 0.051216313000000006,
      "max": 0.054270956,
      "times": [
        0.05261362,
        0.051580808000000006,
        0.051683434,
        0.051767442000000004,
        0.051216313000000006,
        0.051758895000000006,
        0.051814111,
        0.051226444,
        0.051783891000000006,
        0.051809403000000004,
        0.051278304000000004,
        0.052318773000000006,
        0.052005592,
        0.052197842,
        0.051776651,
        0.051304419000000004,
        0.052088340000000004,
        0.051866204000000006,
        0.051445707,
        0.052033238,
        0.052031771000000004,
        0.051476949,
        0.051707145,
        0.051874418000000005,
        0.052043879,
        0.051912102,
        0.051707501,
        0.051530554000000006,
        0.052052728000000006,
        0.051447243000000004,
        0.051753407,
        0.051874228,
        0.051459855000000006,
        0.051704822000000004,
        0.05178544,
        0.052044318000000006,
        0.051824510000000004,
        0.052625302000000006,
        0.051660691,
        0.052352299000000005,
        0.052154149000000004,
        0.051386535000000004,
        0.051952705,
        0.052539131,
        0.051328848,
        0.051842134000000005,
        0.051454408,
        0.052675791000000007,
        0.051815962,
        0.051526157,
        0.052365321000000006,
        0.054242646000000005,
        0.051899448,
        0.051550656,
        0.054270956,
        0.051373404000000004,
        0.051806494
      ],
      "exit_codes": [
        0,
        0,
        0,
        0,
        0,
        0,
        0,
        0,
        0,
        0,
        0,
        0,
        0,
        0,
        0,
        0,
        0,
        0,
        0,
        0,
        0,
        0,
        0,
        0,
        0,
        0,
        0,
        0,
        0,
        0,
        0,
        0,
        0,
        0,
        0,
        0,
        0,
        0,
        0,
        0,
        0,
        0,
        0,
        0,
        0,
        0,
        0,
        0,
        0,
        0,
        0,
        0,
        0,
        0,
        0,
        0,
        0
      ]
    }
  ]
}
