{
  "results": [
    {
      "command": "./benchmark_boundschecks",
      "mean": 1.63753806328,
      "stddev": 0.007698336195807701,
      "median": 1.6397278000000002,
      "user": 1.6148992400000004,
      "system": 0.00624768,
      "min": 1.6091701980000002,
      "max": 1.644167945,
      "times": [
        1.64079093,
        1.623356218,
        1.639958829,
        1.640274099,
        1.6091701980000002,
        1.6405430710000002,
        1.6402175360000002,
        1.639602434,
        1.6222969200000001,
        1.639531647,
        1.641296379,
        1.639488724,
        1.639624435,
        1.641454392,
        1.638956403,
        1.639959127,
        1.639746911,
        1.639157674,
        1.6397278000000002,
        1.639132862,
        1.642033814,
        1.640076494,
        1.63962328,
        1.644167945,
        1.6382634600000001
      ],
      "exit_codes": [
        0,
        0,
        0,
        0,
        0,
        0,
        0,
        0,
        0,
        0,
        0,
        0,
        0,
        0,
        0,
        0,
        0,
        0,
        0,
        0,
        0,
        0,
        0,
        0,
        0
      ]
    }
  ]
}
