{
  "results": [
    {
      "command": "./benchmark_hfiemulate2",
      "mean": 0.7001068108799999,
      "stddev": 0.0003212746150633554,
      "median": 0.700201419,
      "user": 0.6893322000000002,
      "system": 0.0036847599999999996,
      "min": 0.6995427160000001,
      "max": 0.700759079,
      "times": [
        0.700474197,
        0.6997674530000001,
        0.700219177,
        0.700759079,
        0.700479756,
        0.6995427160000001,
        0.7004466330000001,
        0.7003095330000001,
        0.700201419,
        0.699618888,
        0.699761308,
        0.699845209,
        0.7004459420000001,
        0.699850596,
        0.700319738,
        0.6999251160000001,
        0.700362789,
        0.70018744,
        0.700057915,
        0.700235017,
        0.7002322480000001,
        0.6995964530000001,
        0.69981561,
        0.699986681,
        0.700229359
      ],
      "exit_codes": [
        0,
        0,
        0,
        0,
        0,
        0,
        0,
        0,
        0,
        0,
        0,
        0,
        0,
        0,
        0,
        0,
        0,
        0,
        0,
        0,
        0,
        0,
        0,
        0,
        0
      ]
    }
  ]
}
