{
  "results": [
    {
      "command": "./benchmark_guardpage_asmmove",
      "mean": 0.6099933122800001,
      "stddev": 0.0100354596218296,
      "median": 0.6062676680000001,
      "user": 0.599962,
      "system": 0.00367228,
      "min": 0.592050391,
      "max": 0.6307065930000001,
      "times": [
        0.606351297,
        0.605608495,
        0.6061964860000001,
        0.605821747,
        0.6062676680000001,
        0.6307065930000001,
        0.592050391,
        0.628584468,
        0.606360027,
        0.6067289690000001,
        0.605601802,
        0.605385619,
        0.606015845,
        0.6046147820000001,
        0.6269373540000001,
        0.605917889,
        0.60757444,
        0.6059781320000001,
        0.60499441,
        0.606388891,
        0.606276613,
        0.629307022,
        0.605220242,
        0.628607025,
        0.6063366
      ],
      "exit_codes": [
        0,
        0,
        0,
        0,
        0,
        0,
        0,
        0,
        0,
        0,
        0,
        0,
        0,
        0,
        0,
        0,
        0,
        0,
        0,
        0,
        0,
        0,
        0,
        0,
        0
      ]
    }
  ]
}
