{
  "results": [
    {
      "command": "./benchmark_hfiemulate2",
      "mean": 0.24479081888000004,
      "stddev": 0.00042309801895426595,
      "median": 0.244613084,
      "user": 0.24045488000000004,
      "system": 0.0015902799999999997,
      "min": 0.24421413700000003,
      "max": 0.245995388,
      "times": [
        0.24439795800000003,
        0.24510419600000002,
        0.244613084,
        0.245586395,
        0.244545275,
        0.244748452,
        0.24483295200000002,
        0.24457782800000002,
        0.245995388,
        0.24451566700000002,
        0.24448982600000002,
        0.245436333,
        0.24438579200000002,
        0.245340422,
        0.24455203700000003,
        0.244527139,
        0.24490614500000002,
        0.244545006,
        0.24504032900000003,
        0.24421413700000003,
        0.244920619,
        0.244782774,
        0.24450000300000002,
        0.244555032,
        0.24465768300000001
      ],
      "exit_codes": [
        0,
        0,
        0,
        0,
        0,
        0,
        0,
        0,
        0,
        0,
        0,
        0,
        0,
        0,
        0,
        0,
        0,
        0,
        0,
        0,
        0,
        0,
        0,
        0,
        0
      ]
    }
  ]
}
