{
  "results": [
    {
      "command": "./benchmark_masking",
      "mean": 0.9242139794399999,
      "stddev": 0.004605877709706811,
      "median": 0.9251024240000001,
      "user": 0.9094951599999999,
      "system": 0.005433919999999998,
      "min": 0.903541031,
      "max": 0.927933482,
      "times": [
        0.9257902130000001,
        0.9214873450000001,
        0.924550046,
        0.9250245920000001,
        0.9266742760000001,
        0.9258232220000001,
        0.9235750130000001,
        0.903541031,
        0.9271265870000001,
        0.9257105720000001,
        0.9266431140000001,
        0.9246504000000001,
        0.9277601780000001,
        0.925773142,
        0.923367806,
        0.9253240720000001,
        0.925506657,
        0.9231454560000001,
        0.927933482,
        0.923496238,
        0.922848725,
        0.923314092,
        0.9251024240000001,
        0.924204047,
        0.9269767560000001
      ],
      "exit_codes": [
        0,
        0,
        0,
        0,
        0,
        0,
        0,
        0,
        0,
        0,
        0,
        0,
        0,
        0,
        0,
        0,
        0,
        0,
        0,
        0,
        0,
        0,
        0,
        0,
        0
      ]
    }
  ]
}
