{
  "results": [
    {
      "command": "./benchmark_guardpage_asmmove",
      "mean": 0.011043910321167883,
      "stddev": 0.00021008826328371323,
      "median": 0.010983432500000001,
      "user": 0.009913437956204372,
      "system": 0.0008654562043795618,
      "min": 0.010810157,
      "max": 0.011759959,
      "times": [
        0.010920507000000001,
        0.011031391000000002,
        0.011136941000000001,
        0.011282440000000001,
        0.010947651000000001,
        0.010908317,
        0.011014255,
        0.010886116000000001,
        0.011759959,
        0.010851423,
        0.010985872,
        0.010960411000000001,
        0.010911480000000001,
        0.010987907,
        0.011290077,
        0.011274322000000002,
        0.010840644,
        0.011021729000000001,
        0.010850096,
        0.010975075,
        0.011598247,
        0.010904077,
        0.011027111000000001,
        0.010842027,
        0.01099695,
        0.010852387000000002,
        0.011363001000000001,
        0.010860119000000001,
        0.011177578,
        0.011039319,
        0.010842240000000001,
        0.010991358000000001,
        0.011158492,
        0.011175509,
        0.010960335,
        0.010893848000000001,
        0.010982751,
        0.010887774000000001,
        0.011622151,
        0.010878436,
        0.011025046,
        0.011480811,
        0.010852349,
        0.011065168,
        0.011233166000000001,
        0.011162503,
        0.010944459,
        0.010915207000000001,
        0.010974404,
        0.010894785,
        0.011631057,
        0.010857072,
        0.010907584000000001,
        0.010945743,
        0.010894757000000001,
        0.010951575,
        0.011308523000000001,
        0.011202535000000001,
        0.010842033000000001,
        0.011005335000000002,
        0.010842325,
        0.011012858,
        0.011565718000000001,
        0.010857532000000001,
        0.011008729,
        0.010886922,
        0.010995714,
        0.010835641,
        0.011323674,
        0.010859464000000001,
        0.011139930000000001,
        0.011007757,
        0.010878421000000001,
        0.010984114000000001,
        0.011207754,
        0.011243398,
        0.010950047000000001,
        0.010888968,
        0.010936998,
        0.010957024000000001,
        0.011636001,
        0.010845746,
        0.011017016000000001,
        0.010976880000000001,
        0.010899958000000001,
        0.010949537,
        0.011287505000000001,
        0.011151675000000002,
        0.010908769,
        0.010993067,
        0.010840833000000001,
        0.011018658,
        0.011541095000000001,
        0.010857613,
        0.011036395000000001,
        0.011182845,
        0.011168195,
        0.010971469000000001,
        0.011256863,
        0.011141340000000001,
        0.010863600000000001,
        0.011061164,
        0.010826432,
        0.01104397,
        0.011460653000000001,
        0.010851136,
        0.01102327,
        0.010839081,
        0.011030514,
        0.010838248,
        0.011637397,
        0.010972181000000001,
        0.010918534,
        0.010945358,
        0.010902805000000002,
        0.011016610000000001,
        0.011315069,
        0.011167997,
        0.010848782000000001,
        0.010997553,
        0.010847557,
        0.010999482000000001,
        0.011520696,
        0.0108555,
        0.011002525,
        0.010844397,
        0.010975507,
        0.010819477000000001,
        0.011417328000000001,
        0.010870105000000001,
        0.011188047000000001,
        0.011030110000000001,
        0.010849375000000001,
        0.011000701,
        0.011237287,
        0.01117077,
        0.010958708000000001,
        0.010952056,
        0.010939778,
        0.010903759,
        0.011596852000000001,
        0.010861243000000001,
        0.011005405000000001,
        0.010836434,
        0.010955211000000001,
        0.010939452,
        0.011239551,
        0.011196296000000001,
        0.010844509,
        0.011457484,
        0.010972641,
        0.010955944,
        0.011567935000000001,
        0.010832936000000001,
        0.011018205000000001,
        0.010825153,
        0.01100454,
        0.010911518,
        0.01126212,
        0.011138962,
        0.010880997,
        0.011017687,
        0.010834019,
        0.010992833,
        0.011207163000000001,
        0.011156731000000001,
        0.011045563000000001,
        0.010870823,
        0.010993781000000001,
        0.010839815000000001,
        0.011757039,
        0.010846444,
        0.011022503000000001,
        0.010980337000000001,
        0.010884246,
        0.010913412,
        0.011232565,
        0.011140815,
        0.010951170000000001,
        0.010999931000000001,
        0.010878702,
        0.011050089,
        0.011511594,
        0.0108585,
        0.010976094,
        0.010830239,
        0.011035036000000002,
        0.01090202,
        0.011683331,
        0.010863802,
        0.01091015,
        0.010956011,
        0.010886465000000001,
        0.010975261,
        0.011268699,
        0.011183408,
        0.010866295000000002,
        0.011003714000000001,
        0.010837403,
        0.011004682,
        0.01157563,
        0.010872845,
        0.011033744,
        0.011220851,
        0.011146983000000001,
        0.010952304000000001,
        0.011237127000000001,
        0.011215243000000001,
        0.010846801000000001,
        0.011034430000000001,
        0.010955672000000001,
        0.010897945000000001,
        0.011496984,
        0.010859772,
        0.011017645000000001,
        0.010831142,
        0.011048769,
        0.010853006,
        0.0113735,
        0.011089712,
        0.010810157,
        0.010987224,
        0.010876249000000001,
        0.011055981000000001,
        0.011183654000000001,
        0.011202363,
        0.010951027,
        0.010927287,
        0.010903857000000001,
        0.01090841,
        0.011564885,
        0.010909541,
        0.011014900000000001,
        0.010942031000000001,
        0.010903620000000001,
        0.010917287000000001,
        0.011244547,
        0.011149550000000001,
        0.010879799,
        0.011008985,
        0.010869997000000001,
        0.011019692000000001,
        0.011442959,
        0.010875552,
        0.01100483,
        0.010897173000000001,
        0.010978116000000001,
        0.010827186,
        0.011596479000000002,
        0.010847354,
        0.011043490000000001,
        0.010960919000000001,
        0.010941795,
        0.010942149,
        0.011252400000000001,
        0.011151242,
        0.010847829000000002,
        0.011312776,
        0.010847458,
        0.011214244,
        0.011553898,
        0.010866804,
        0.011020701,
        0.010841766000000001,
        0.011005987,
        0.010969998,
        0.011240904000000001,
        0.011196731000000001,
        0.010905014000000001,
        0.010993158000000001,
        0.010839884000000001,
        0.010978835000000001,
        0.011197559000000001,
        0.011180928000000001
      ],