{
  "results": [
    {
      "command": "./benchmark_guardpage_asmmove",
      "mean": 0.0863852541470588,
      "stddev": 0.000372907434629328,
      "median": 0.08627830850000001,
      "user": 0.08426217647058827,
      "system": 0.0010426470588235292,
      "min": 0.08597334100000001,
      "max": 0.08730657700000001,
      "times": [
        0.086111224,
        0.086969213,
        0.086301151,
        0.08679312,
        0.08597334100000001,
        0.086019711,
        0.08615249500000001,
        0.086996686,
        0.086125933,
        0.086230206,
        0.086762798,
        0.08634282800000001,
        0.086404961,
        0.086059832,
        0.086037529,
        0.086245021,
        0.086077078,
        0.08726857,
        0.08605522900000001,
        0.08641649900000001,
        0.086452598,
        0.08693107300000001,
        0.086255466,
        0.08631538700000001,
        0.086406044,
        0.08685086800000001,
        0.08624567200000001,
        0.08604263000000001,
        0.08637860900000001,
        0.086092398,
        0.08608417700000001,
        0.08730657700000001,
        0.08608291900000001,
        0.08631079800000001
      ],
      "exit_codes": [
        0,
        0,
        0,
        0,
        0,
        0,
        0,
        0,
        0,
        0,
        0,
        0,
        0,
        0,
        0,
        0,
        0,
        0,
        0,
        0,
        0,
        0,
        0,
        0,
        0,
        0,
        0,
        0,
        0,
        0,
        0,
        0,
        0,
        0
      ]
    }
  ]
}
