{
  "results": [
    {
      "command": "./benchmark_guardpage_asmmove",
      "mean": 3.0409037494,
      "stddev": 0.02366125281114178,
      "median": 3.043626738,
      "user": 2.99950908,
      "system": 0.01119928,
      "min": 2.988702781,
      "max": 3.072389542,
      "times": [
        3.037292431,
        3.055070531,
        3.051484485,
        3.064411242,
        3.032929084,
        3.050370332,
        3.055412511,
        3.071077448,
        3.006825532,
        2.989312253,
        3.034542145,
        3.017556319,
        3.010805293,
        3.047231016,
        3.043626738,
        3.072389542,
        3.043303417,
        2.988702781,
        3.06013744,
        3.026171716,
        3.069048955,
        3.03913821,
        3.035041714,
        3.056705882,
        3.064006718
      ],
      "exit_codes": [
        0,
        0,
        0,
        0,
        0,
        0,
        0,
        0,
        0,
        0,
        0,
        0,
        0,
        0,
        0,
        0,
        0,
        0,
        0,
        0,
        0,
        0,
        0,
        0,
        0
      ]
    }
  ]
}
