{
  "results": [
    {
      "command": "./benchmark_hfiemulate2",
      "mean": 0.88259706212,
      "stddev": 0.0029042183600437007,
      "median": 0.881798937,
      "user": 0.8710205999999999,
      "system": 0.0027242000000000004,
      "min": 0.880543654,
      "max": 0.8946215430000001,
      "times": [
        0.8831085240000001,
        0.8877478950000001,
        0.880592343,
        0.8814993950000001,
        0.8946215430000001,
        0.88082987,
        0.881314848,
        0.882260064,
        0.8817003160000001,
        0.881798937,
        0.8824416930000001,
        0.882885256,
        0.8840630930000001,
        0.882757805,
        0.881431586,
        0.880543654,
        0.8823001070000001,
        0.8811627660000001,
        0.881972423,
        0.8820226390000001,
        0.881083418,
        0.880945411,
        0.883189768,
        0.881026493,
        0.881626706
      ],
      "exit_codes": [
        0,
        0,
        0,
        0,
        0,
        0,
        0,
        0,
        0,
        0,
        0,
        0,
        0,
        0,
        0,
        0,
        0,
        0,
        0,
        0,
        0,
        0,
        0,
        0,
        0
      ]
    }
  ]
}
