{
  "results": [
    {
      "command": "./benchmark_boundschecks",
      "mean": 0.22751585128000001,
      "stddev": 0.00047643098651190723,
      "median": 0.227438156,
      "user": 0.22339483999999998,
      "system": 0.0016137199999999997,
      "min": 0.22668358900000002,
      "max": 0.228664482,
      "times": [
        0.227438156,
        0.227206226,
        0.22755092000000002,
        0.22700840200000003,
        0.228664482,
        0.227231398,
        0.227677924,
        0.22798321600000002,
        0.227970949,
        0.226884214,
        0.227142702,
        0.227456654,
        0.22726886200000002,
        0.22779606600000002,
        0.227009545,
        0.227289863,
        0.22731257000000002,
        0.22747465700000002,
        0.228075245,
        0.228187714,
        0.227287393,
        0.22668358900000002,
        0.228297253,
        0.227295467,
        0.227702815
      ],
      "exit_codes": [
        0,
        0,
        0,
        0,
        0,
        0,
        0,
        0,
        0,
        0,
        0,
        0,
        0,
        0,
        0,
        0,
        0,
        0,
        0,
        0,
        0,
        0,
        0,
        0,
        0
      ]
    }
  ]
}
