{
  "results": [
    {
      "command": "./benchmark_boundschecks",
      "mean": 0.09556990987096771,
      "stddev": 0.0002951219714010619,
      "median": 0.095486175,
      "user": 0.09275196774193546,
      "system": 0.0016550645161290322,
      "min": 0.09523403000000001,
      "max": 0.096381095,
      "times": [
        0.095515295,
        0.095501112,
        0.096381095,
        0.095539494,
        0.09525934700000001,
        0.095375818,
        0.095297053,
        0.096110386,
        0.09542626300000001,
        0.09527340000000001,
        0.095454883,
        0.09552711300000001,
        0.09624644900000001,
        0.09532687100000001,
        0.09552613500000001,
        0.095733047,
        0.095440062,
        0.095698689,
        0.095486175,
        0.09538808500000001,
        0.09573582800000001,
        0.095318937,
        0.09523403000000001,
        0.09582910400000001,
        0.095452177,
        0.09539850100000001,
        0.09530192600000001,
        0.096090083,
        0.095741112,
        0.095614156,
        0.09544458
      ],
      "exit_codes": [
        0,
        0,
        0,
        0,
        0,
        0,
        0,
        0,
        0,
        0,
        0,
        0,
        0,
        0,
        0,
        0,
        0,
        0,
        0,
        0,
        0,
        0,
        0,
        0,
        0,
        0,
        0,
        0,
        0,
        0,
        0
      ]
    }
  ]
}
