{
  "results": [
    {
      "command": "./benchmark_boundschecks",
      "mean": 2.9516379254000005,
      "stddev": 0.009428288996483685,
      "median": 2.951644475,
      "user": 2.9110015600000003,
      "system": 0.01169204,
      "min": 2.928024031,
      "max": 2.966757057,
      "times": [
        2.949218417,
        2.953069873,
        2.951546534,
        2.951373326,
        2.950329643,
        2.949152907,
        2.962950569,
        2.951626345,
        2.935372403,
        2.948964445,
        2.9486409360000003,
        2.965971788,
        2.928024031,
        2.9492613700000003,
        2.931593744,
        2.965346377,
        2.961915565,
        2.953342868,
        2.952600342,
        2.966757057,
        2.95292038,
        2.952875162,
        2.951644475,
        2.951775069,
        2.954674509
      ],
      "exit_codes": [
        0,
        0,
        0,
        0,
        0,
        0,
        0,
        0,
        0,
        0,
        0,
        0,
        0,
        0,
        0,
        0,
        0,
        0,
        0,
        0,
        0,
        0,
        0,
        0,
        0
      ]
    }
  ]
}
