{
  "results": [
    {
      "command": "./benchmark_guardpage_asmmove",
      "mean": 0.2240708638,
      "stddev": 0.00035477743161804563,
      "median": 0.22412780200000001,
      "user": 0.2194386,
      "system": 0.00207996,
      "min": 0.22338642900000003,
      "max": 0.22469034000000002,
      "times": [
        0.224401756,
        0.22460664500000002,
        0.223469143,
        0.224404761,
        0.22380749800000002,
        0.22389530300000002,
        0.224490465,
        0.22356724300000003,
        0.224230443,
        0.22378144600000002,
        0.224167896,
        0.224145755,
        0.22362915600000002,
        0.224418833,
        0.22412780200000001,
        0.22382425800000003,
        0.224259901,
        0.22338642900000003,
        0.22469034000000002,
        0.224380504,
        0.22385253400000002,
        0.224075022,
        0.223853969,
        0.22426300400000002,
        0.224041489
      ],
      "exit_codes": [
        0,
        0,
        0,
        0,
        0,
        0,
        0,
        0,
        0,
        0,
        0,
        0,
        0,
        0,
        0,
        0,
        0,
        0,
        0,
        0,
        0,
        0,
        0,
        0,
        0
      ]
    }
  ]
}
