{
  "results": [
    {
      "command": "./benchmark_masking",
      "mean": 0.63922913436,
      "stddev": 0.004227122914153086,
      "median": 0.639984483,
      "user": 0.62920232,
      "system": 0.00351712,
      "min": 0.6190504680000001,
      "max": 0.641181444,
      "times": [
        0.639815624,
        0.639874001,
        0.640505167,
        0.640440318,
        0.641181444,
        0.639905614,
        0.64026386,
        0.6190504680000001,
        0.6402766940000001,
        0.640123075,
        0.6398620030000001,
        0.6398031510000001,
        0.639984483,
        0.6404944730000001,
        0.6391621550000001,
        0.640255368,
        0.639491818,
        0.640372983,
        0.6408775120000001,
        0.640217402,
        0.639874807,
        0.639538911,
        0.639637816,
        0.639672078,
        0.640047134
      ],
      "exit_codes": [
        0,
        0,
        0,
        0,
        0,
        0,
        0,
        0,
        0,
        0,
        0,
        0,
        0,
        0,
        0,
        0,
        0,
        0,
        0,
        0,
        0,
        0,
        0,
        0,
        0
      ]
    }
  ]
}
