{
  "results": [
    {
      "command": "./benchmark_hfiemulate2",
      "mean": 0.67477717208,
      "stddev": 0.003807096904950122,
      "median": 0.675494853,
      "user": 0.6637742,
      "system": 0.004001919999999999,
      "min": 0.6565949480000001,
      "max": 0.676276161,
      "times": [
        0.6565949480000001,
        0.676276161,
        0.6749520210000001,
        0.6756456540000001,
        0.675648978,
        0.675494853,
        0.675913677,
        0.6749365810000001,
        0.6760287540000001,
        0.675520968,
        0.675827417,
        0.675987106,
        0.6759333660000001,
        0.675889921,
        0.6750999040000001,
        0.6754439710000001,
        0.675142529,
        0.6752299970000001,
        0.674995188,
        0.6753967700000001,
        0.6760138240000001,
        0.6753958130000001,
        0.675480682,
        0.6750402090000001,
        0.6755400100000001
      ],
      "exit_codes": [
        0,
        0,
        0,
        0,
        0,
        0,
        0,
        0,
        0,
        0,
        0,
        0,
        0,
        0,
        0,
        0,
        0,
        0,
        0,
        0,
        0,
        0,
        0,
        0,
        0
      ]
    }
  ]
}
