{
  "results": [
    {
      "command": "./benchmark_boundschecks",
      "mean": 0.26117739544000007,
      "stddev": 0.0003590962409785428,
      "median": 0.26111863,
      "user": 0.25618828,
      "system": 0.0020688399999999997,
      "min": 0.260590103,
      "max": 0.261921611,
      "times": [
        0.261498355,
        0.261402662,
        0.261207144,
        0.261556927,
        0.260993388,
        0.261883447,
        0.26065967,
        0.26111863,
        0.26086521300000004,
        0.261921611,
        0.26065756900000003,
        0.261031907,
        0.261456768,
        0.26123977400000004,
        0.261573531,
        0.260953091,
        0.26145892200000004,
        0.261116108,
        0.261352756,
        0.26098902500000004,
        0.260906242,
        0.260961155,
        0.260800599,
        0.260590103,
        0.261240289
      ],
      "exit_codes": [
        0,
        0,
        0,
        0,
        0,
        0,
        0,
        0,
        0,
        0,
        0,
        0,
        0,
        0,
        0,
        0,
        0,
        0,
        0,
        0,
        0,
        0,
        0,
        0,
        0
      ]
    }
  ]
}
