{
  "results": [
    {
      "command": "./benchmark_masking",
      "mean": 0.011136075402985073,
      "stddev": 0.0001951863056269993,
      "median": 0.011078481000000001,
      "user": 0.009861138059701503,
      "system": 0.0010152425373134326,
      "min": 0.010918722,
      "max": 0.011922475,
      "times": [
        0.011165142000000001,
        0.011287160000000001,
        0.011290582,
        0.011044788,
        0.011062466,
        0.011049051,
        0.010997963000000001,
        0.011064954,
        0.011391674000000001,
        0.011310268,
        0.010947816,
        0.011094551000000001,
        0.011054372000000002,
        0.011011876,
        0.011868103000000001,
        0.010961761,
        0.011110731,
        0.010935109,
        0.011104811000000001,
        0.011010535,
        0.011304217,
        0.011257698,
        0.010971044000000001,
        0.011122910000000001,
        0.010940163000000001,
        0.011137587000000001,
        0.011274592,
        0.011042524000000001,
        0.011101709000000001,
        0.010992588000000001,
        0.011097307,
        0.010949682,
        0.011481071,
        0.010928765,
        0.011234987,
        0.011116477000000001,
        0.010989546000000001,
        0.011084451,
        0.011260308,
        0.011290883000000002,
        0.011056458,
        0.011307791000000001,
        0.011239541,
        0.010979637,
        0.011434178000000001,
        0.011261753000000001,
        0.010947960000000001,
        0.011104297,
        0.010944422,
        0.011079411,
        0.011335109000000001,
        0.011250062,
        0.011087211000000001,
        0.011051304000000001,
        0.011108658,
        0.010943391,
        0.011659861,
        0.011005789,
        0.011094372,
        0.011062220000000001,
        0.011010878,
        0.011021239,
        0.011415395,
        0.011254567,
        0.011002102000000001,
        0.011104948,
        0.010960210000000001,
        0.011059611,
        0.011732793,
        0.010945635,
        0.011117635,
        0.010952737,
        0.011153235000000001,
        0.01092162,
        0.011391916,
        0.011281054,
        0.010960113,
        0.011085211000000001,
        0.010956720000000001,
        0.011107797,
        0.011324881,
        0.011372843,
        0.011059009,
        0.010982859000000001,
        0.011099381,
        0.010933525000000001,
        0.011922475,
        0.011057343,
        0.010992730000000001,
        0.011072426000000002,
        0.011002046000000001,
        0.011023423000000001,
        0.011364045000000001,
        0.011286498,
        0.010924087,
        0.01143922,
        0.011228906,
        0.010949453000000001,
        0.011718195,
        0.011054344,
        0.011077003,
        0.011043963,
        0.011006825000000001,
        0.011017146,
        0.011002558,
        0.011645378000000001,
        0.010961514,
        0.011169575000000001,
        0.011029297,
        0.01098119,
        0.011056606,
        0.011325949,
        0.011324267,
        0.010926877000000002,
        0.011148098,
        0.011032899,
        0.010993374,
        0.011499277,
        0.010944601,
        0.011112811,
        0.010953284,
        0.011070666,
        0.010964098,
        0.011609012,
        0.011053004,
        0.011027948000000001,
        0.011034298000000001,
        0.010975984000000001,
        0.011036956,
        0.011371772,
        0.011291745,
        0.011062882000000001,
        0.011001358000000001,
        0.011041436,
        0.011000128000000001,
        0.011522284,
        0.011016923000000001,
        0.011081378000000001,
        0.010935299,
        0.011082416000000001,
        0.011068955,
        0.011486983000000001,
        0.011103476000000001,
        0.011036971000000001,
        0.01110556,
        0.010936646000000001,
        0.011100790000000001,
        0.011266786,
        0.01123612,
        0.011039559000000001,
        0.011323674,
        0.011226177,
        0.011134989000000001,
        0.011329147000000001,
        0.011111062000000001,
        0.010947380000000001,
        0.01108832,
        0.011017043,
        0.011357868,
        0.010932801,
        0.011266665,
        0.011029824,
        0.011000631,
        0.011130568,
        0.011282316,
        0.011310283,
        0.011064263000000001,
        0.010989419,
        0.011051655,
        0.011008358000000001,
        0.01136754,
        0.011013392,
        0.011281365000000002,
        0.010944378000000001,
        0.011013617,
        0.011064958000000001,
        0.011254997000000001,
        0.011268448,
        0.010948590000000001,
        0.011152295000000001,
        0.010929865,
        0.011077551000000001,
        0.011680353000000001,
        0.010956037,
        0.011118348,
        0.010923276,
        0.011157660000000002,
        0.01094757,
        0.011407491,
        0.010964877000000001,
        0.011264401,
        0.011087589,
        0.010935642,
        0.011135718000000001,
        0.011281951,
        0.011397015,
        0.01107731,
        0.010998941,
        0.011098827,
        0.010937931000000001,
        0.011669021,
        0.01096921,
        0.011081474000000001,
        0.0112271,
        0.011289847,
        0.01110274,
        0.011217048,
        0.011347485000000001,
        0.011052124,
        0.011005643,
        0.011065598000000001,
        0.010997101,
        0.011629502,
        0.010930334,
        0.011100646,
        0.011007228,
        0.011118696,
        0.011026064,
        0.011329651000000001,
        0.011287021000000001,
        0.010935278000000001,
        0.011072264,
        0.010975049,
        0.011091912,
        0.011593889000000001,
        0.010952728,
        0.011114958000000001,
        0.010918722,
        0.011083232,
        0.010982445,
        0.011749421000000001,
        0.011116436,
        0.01099875,
        0.011023539,
        0.011016553,
        0.011034231,
        0.011400231,
        0.011238159000000001,
        0.01093852,
        0.011120836,
        0.011031172,
        0.010976566,
        0.011661114,
        0.01100603,
        0.011117922,
        0.010951263000000001,
        0.011159075000000001,
        0.010928404000000001,
        0.011468882000000001,
        0.011251750000000001,
        0.010989748,
        0.011097719,
        0.010935687000000001,
        0.011102089,
        0.011289988,
        0.011277821,
        0.011105398,
        0.010929921,
        0.011169674000000001,
        0.01095548,
        0.011767711,
        0.011065008000000001,
        0.011004081,
        0.011064646000000001,
        0.010995356000000001,
        0.011097422000000001,
        0.011365624000000001,
        0.011248918
      ],