{
  "results": [
    {
      "command": "./benchmark_hfiemulate2",
      "mean": 0.04680562546031745,
      "stddev": 0.0017693637609116305,
      "median": 0.04702386,
      "user": 0.044989539682539686,
      "system": 0.001170873015873016,
      "min": 0.033140183000000004,
      "max": 0.047505006,
      "times": [
        0.047369896,
        0.046789828000000006,
        0.046976521,
        0.033140183000000004,
        0.046986068000000006,
        0.046700166,
        0.047257061,
        0.046973739,
        0.046919105,
        0.047205357,
        0.046622086,
        0.04713131,
        0.046691926,
        0.047132485,
        0.047423433,
        0.047429673000000006,
        0.046841614000000004,
        0.046715393,
        0.047227108000000004,
        0.047324314000000006,
        0.046732220000000005,
        0.046812497,
        0.046980275,
        0.046971661000000005,
        0.047325413000000004,
        0.046632481,
        0.047332678,
        0.046806799,
        0.04717409,
        0.047330994,
        0.047204297000000006,
        0.047131061,
        0.046678473000000005,
        0.047281001,
        0.046696917000000004,
        0.047333686,
        0.047326472,
        0.046703153000000004,
        0.047142098,
        0.046762024000000006,
        0.047468477,
        0.047309065000000004,
        0.046604824,
        0.047308418000000005,
        0.046644939,
        0.04710027,
        0.046743975,
        0.047007298,
        0.047238132,
        0.046778588,
        0.047173284,
        0.046707153,
        0.047158460000000006,
        0.047505006,
        0.04667174,
        0.047122922000000005,
        0.046731928000000006,
        0.0472758,
        0.04702386,
        0.04695462,
        0.047124937000000006,
        0.046641477,
        0.047243675000000006
      ],
      "exit_codes": [
        0,
        0,
        0,
        0,
        0,
        0,
        0,
        0,
        0,
        0,
        0,
        0,
        0,
        0,
        0,
        0,
        0,
        0,
        0,
        0,
        0,
        0,
        0,
        0,
        0,
        0,
        0,
        0,
        0,
        0,
        0,
        0,
        0,
        0,
        0,
        0,
        0,
        0,
        0,
        0,
        0,
        0,
        0,
        0,
        0,
        0,
        0,
        0,
        0,
        0,
        0,
        0,
        0,
        0,
        0,
        0,
        0,
        0,
        0,
        0,
        0,
        0,
        0
      ]
    }
  ]
}
