{
  "results": [
    {
      "command": "./benchmark_guardpage_asmmove",
      "mean": 0.8858307193200001,
      "stddev": 0.007614745399250013,
      "median": 0.8849890410000001,
      "user": 0.8728728000000002,
      "system": 0.00382976,
      "min": 0.8656541170000001,
      "max": 0.915591625,
      "times": [
        0.885025064,
        0.8845599700000001,
        0.8849890410000001,
        0.885144636,
        0.8656541170000001,
        0.884018849,
        0.8835334530000001,
        0.8914460310000001,
        0.887722922,
        0.8851912340000001,
        0.8890437590000001,
        0.88885093,
        0.8848318730000001,
        0.885839617,
        0.883538656,
        0.8863614550000001,
        0.8829074450000001,
        0.884905041,
        0.884012294,
        0.915591625,
        0.885721642,
        0.885108722,
        0.8836178370000001,
        0.8833628530000001,
        0.8847889170000001
      ],
      "exit_codes": [
        0,
        0,
        0,
        0,
        0,
        0,
        0,
        0,
        0,
        0,
        0,
        0,
        0,
        0,
        0,
        0,
        0,
        0,
        0,
        0,
        0,
        0,
        0,
        0,
        0
      ]
    }
  ]
}
