{
  "results": [
    {
      "command": "./benchmark_masking",
      "mean": 1.50914011048,
      "stddev": 0.02895296756240314,
      "median": 1.500374021,
      "user": 1.4878029599999993,
      "system": 0.005597440000000001,
      "min": 1.4991022950000001,
      "max": 1.606400057,
      "times": [
        1.4993709480000001,
        1.4991022950000001,
        1.499985132,
        1.502847507,
        1.500374021,
        1.499647454,
        1.503855797,
        1.503501559,
        1.5010020000000002,
        1.606400057,
        1.500226154,
        1.604041936,
        1.502730434,
        1.5035645610000001,
        1.500794395,
        1.500942523,
        1.500591935,
        1.499833517,
        1.499980945,
        1.4997795790000001,
        1.500975836,
        1.5001941429999999,
        1.499680943,
        1.499386699,
        1.499692392
      ],
      "exit_codes": [
        0,
        0,
        0,
        0,
        0,
        0,
        0,
        0,
        0,
        0,
        0,
        0,
        0,
        0,
        0,
        0,
        0,
        0,
        0,
        0,
        0,
        0,
        0,
        0,
        0
      ]
    }
  ]
}
