{
  "results": [
    {
      "command": "./benchmark_hfiemulate2",
      "mean": 0.08023494478378379,
      "stddev": 0.0004832545274815304,
      "median": 0.080226142,
      "user": 0.07782829729729729,
      "system": 0.001408891891891892,
      "min": 0.079303475,
      "max": 0.081435608,
      "times": [
        0.079977089,
        0.08061440900000001,
        0.080177989,
        0.07988416100000001,
        0.081435608,
        0.08044287600000001,
        0.08109469600000001,
        0.07982116900000001,
        0.079303475,
        0.08050206600000001,
        0.08076380300000001,
        0.080078524,
        0.08049023400000001,
        0.08033128,
        0.079569547,
        0.08012235200000001,
        0.07976406400000001,
        0.080247471,
        0.079409799,
        0.08038969400000001,
        0.080502219,
        0.080226142,
        0.08082095900000001,
        0.080198273,
        0.079887257,
        0.07979931100000001,
        0.079638974,
        0.07944087600000001,
        0.080193843,
        0.08031513800000001,
        0.07992381300000001,
        0.080802996,
        0.080332661,
        0.080562297,
        0.08095688100000001,
        0.08003789,
        0.080633121
      ],
      "exit_codes": [
        0,
        0,
        0,
        0,
        0,
        0,
        0,
        0,
        0,
        0,
        0,
        0,
        0,
        0,
        0,
        0,
        0,
        0,
        0,
        0,
        0,
        0,
        0,
        0,
        0,
        0,
        0,
        0,
        0,
        0,
        0,
        0,
        0,
        0,
        0,
        0,
        0
      ]
    }
  ]
}
