{
  "results": [
    {
      "command": "./benchmark_masking",
      "mean": 0.08671581073529412,
      "stddev": 0.00021833204639324334,
      "median": 0.0866457065,
      "user": 0.0837766176470588,
      "system": 0.0018586764705882353,
      "min": 0.086415635,
      "max": 0.087397153,
      "times": [
        0.08673860600000001,
        0.08665211,
        0.08646528,
        0.08711186900000001,
        0.086918729,
        0.086911295,
        0.086518123,
        0.086554922,
        0.086634771,
        0.08666142,
        0.086639303,
        0.086577253,
        0.086546225,
        0.086601591,
        0.08687153,
        0.086636768,
        0.08673340800000001,
        0.087397153,
        0.08654954000000001,
        0.08682565,
        0.086464818,
        0.086608476,
        0.086502621,
        0.086415635,
        0.087065158,
        0.08649097400000001,
        0.086623425,
        0.08673069500000001,
        0.08700368800000001,
        0.086534681,
        0.08695032400000001,
        0.08682817100000001,
        0.086852304,
        0.08672104900000001
      ],
      "exit_codes": [
        0,
        0,
        0,
        0,
        0,
        0,
        0,
        0,
        0,
        0,
        0,
        0,
        0,
        0,
        0,
        0,
        0,
        0,
        0,
        0,
        0,
        0,
        0,
        0,
        0,
        0,
        0,
        0,
        0,
        0,
        0,
        0,
        0,
        0
      ]
    }
  ]
}
