{
  "results": [
    {
      "command": "./benchmark_boundschecks",
      "mean": 1.03456030668,
      "stddev": 0.0014841282035851795,
      "median": 1.034310654,
      "user": 1.0176673999999999,
      "system": 0.006391160000000002,
      "min": 1.032807113,
      "max": 1.039444936,
      "times": [
        1.035005212,
        1.032807113,
        1.033830154,
        1.034929567,
        1.033856404,
        1.039444936,
        1.033117496,
        1.035319112,
        1.037048403,
        1.033015099,
        1.033935291,
        1.0348111,
        1.034310654,
        1.03306331,
        1.035502725,
        1.034302103,
        1.035951484,
        1.035192261,
        1.03479758,
        1.035492892,
        1.033659907,
        1.033904174,
        1.032901404,
        1.034772367,
        1.033036919
      ],
      "exit_codes": [
        0,
        0,
        0,
        0,
        0,
        0,
        0,
        0,
        0,
        0,
        0,
        0,
        0,
        0,
        0,
        0,
        0,
        0,
        0,
        0,
        0,
        0,
        0,
        0,
        0
      ]
    }
  ]
}
