{
  "results": [
    {
      "command": "./benchmark_boundschecks",
      "mean": 0.006226172470212766,
      "stddev": 0.00029087729277088077,
      "median": 0.006200942000000001,
      "user": 0.005234980851063832,
      "system": 0.0007945382978723404,
      "min": 0.0035352150000000004,
      "max": 0.007084114000000001,
      "times": [
        0.0063710400000000006,
        0.006204968000000001,
        0.006153495,
        0.006266172,
        0.006545287,
        0.006136585,
        0.006513612,
        0.006152395000000001,
        0.006124577,
        0.006256216,
        0.006220355,
        0.006125532,
        0.0062219960000000005,
        0.006348161000000001,
        0.006132653,
        0.006593899,
        0.0041996,
        0.0035352150000000004,
        0.003743997,
        0.004066833000000001,
        0.004462113,
        0.004886937,
        0.005462524000000001,
        0.006001411000000001,
        0.006243532,
        0.0062036470000000005,
        0.0061200080000000006,
        0.006273443,
        0.006542948000000001,
        0.006133819,
        0.0061348,
        0.006473442,
        0.006195089,
        0.00620325,
        0.006200324,
        0.006125074,
        0.006163597000000001,
        0.006310125000000001,
        0.0061124180000000005,
        0.0061148570000000005,
        0.00652663,
        0.006245957000000001,
        0.006168229000000001,
        0.006545086,
        0.006152014000000001,
        0.006137133,
        0.006237796,
        0.006185707,
        0.006137043,
        0.006307277,
        0.006194263,
        0.006479469000000001,
        0.006147533,
        0.006523827,
        0.006135387,
        0.00623116,
        0.006177487000000001,
        0.006097793000000001,
        0.006213351000000001,
        0.006178991,
        0.006138363,
        0.006115563,
        0.006844973000000001,
        0.006188067,
        0.006153616000000001,
        0.006346654,
        0.0061632300000000004,
        0.006180964000000001,
        0.006219327,
        0.0062013350000000005,
        0.006135907,
        0.006213846,
        0.006565026000000001,
        0.006163097,
        0.006390926000000001,
        0.006124635000000001,
        0.006161433,
        0.006636044000000001,
        0.006421787,
        0.00617058,
        0.00625529,
        0.006179994,
        0.00616153,
        0.006492844,
        0.006476329,
        0.006144037000000001,
        0.006264031000000001,
        0.006231016000000001,
        0.006132322000000001,
        0.006139714,
        0.006180119,
        0.006190829,
        0.006146960000000001,
        0.006373950000000001,
        0.006492675000000001,
        0.006156717000000001,
        0.0064550350000000005,
        0.006123112,
        0.006143998,
        0.006326610000000001,
        0.00612921,
        0.0061312860000000005,
        0.006222095,
        0.006223256000000001,
        0.006171646,
        0.006248231000000001,
        0.006443213000000001,
        0.006161112000000001,
        0.006159599,
        0.006451204,
        0.006134782,
        0.006208937,
        0.006229178,
        0.006142866,
        0.006188942,
        0.006347177000000001,
        0.006132156000000001,
        0.006500143000000001,
        0.00657116,
        0.006223057000000001,
        0.0061496630000000005,
        0.006251916000000001,
        0.006168275,
        0.0061328400000000005,
        0.006250871000000001,
        0.006108612,
        0.006137662,
        0.006244155,
        0.006506392000000001,
        0.006213317,
        0.0064087580000000005,
        0.006184029000000001,
        0.006151849,
        0.006252568,
        0.006202979,
        0.006119922000000001,
        0.006266378,
        0.006192818,
        0.006463409000000001,
        0.006207214,
        0.00642588,
        0.006124872,
        0.006339476,
        0.006256805000000001,
        0.006121273,
        0.006191047000000001,
        0.006286648000000001,
        0.006110372,
        0.00615775,
        0.0070107730000000005,
        0.006168846,
        0.006176232,
        0.006215640000000001,
        0.006150639,
        0.0061233170000000005,
        0.0063588180000000005,
        0.006157649,
        0.006127197,
        0.0062500310000000005,
        0.006167945,
        0.006604538,
        0.006462189,
        0.006197490000000001,
        0.0062236470000000006,
        0.006294470000000001,
        0.006221455000000001,
        0.006108854,
        0.0063121670000000005,
        0.006158823000000001,
        0.006173499000000001,
        0.006124713,
        0.006335847,
        0.006518674,
        0.006125449000000001,
        0.0064538930000000005,
        0.006137063000000001,
        0.006506032,
        0.006463186,
        0.006121372000000001,
        0.0062746550000000005,
        0.006246757,
        0.006444016,
        0.006476454,
        0.0061772680000000005,
        0.00617629,
        0.006264611000000001,
        0.0062232550000000005,
        0.006116733,
        0.006237562,
        0.006186626000000001,
        0.006186584,
        0.0061315020000000005,
        0.006286176,
        0.006454251,
        0.0061947190000000004,
        0.006454489000000001,
        0.00616079,
        0.006107772,
        0.006323233,
        0.00614265,
        0.00613322,
        0.006255529,
        0.006187926000000001,
        0.006169040000000001,
        0.006847088,
        0.006229571000000001,
        0.006157709000000001,
        0.006219184,
        0.006188876,
        0.006183806,
        0.006267547,
        0.006196484,
        0.006163465000000001,
        0.00610747,
        0.006327982,
        0.006486166000000001,
        0.006166339000000001,
        0.006489246000000001,
        0.006180527000000001,
        0.006252692000000001,
        0.0062005490000000005,
        0.006160683,
        0.006125758,
        0.006277357000000001,
        0.006163555,
        0.006155379000000001,
        0.006901876,
        0.006170083000000001,
        0.006112478,
        0.006300613,
        0.006096304,
        0.00620025,
        0.006228333,
        0.006193614,
        0.006163246000000001,
        0.006221920000000001,
        0.0062943140000000005,
        0.006109631000000001,
        0.006415304,
        0.006556679,
        0.006159563000000001,
        0.006229051,
        0.006261379,
        0.00621924,
        0.006149085,
        0.006327257,
        0.00614281,
        0.00611317,
        0.006265365,
        0.006515814,
        0.006163355000000001,
        0.006503613,
        0.006157917000000001,
        0.006158070000000001,
        0.0062344720000000005,
        0.006222612000000001,
        0.006166956,
        0.006261864000000001,
        0.006186672000000001,
        0.0065198190000000005,
        0.006499822000000001,
        0.0061723540000000006,
        0.006143129000000001,
        0.006243551,
        0.006228826000000001,
        0.006145062000000001,
        0.006336795,
        0.006204702,
        0.006123796000000001,
        0.00621804,
        0.007084114000000001,
        0.006125398000000001,
        0.006137462000000001,
        0.006297805,
        0.00616357,
        0.0061270890000000005,
        0.00623117,
        0.006202234,
        0.006189790000000001,
        0.0063143470000000005,
        0.006192825000000001,
        0.006543201,
        0.00616547,
        0.006416105,
        0.0061561490000000005,
        0.006247585000000001,
        0.006214478000000001,
        0.006111855,
        0.006161557000000001,
        0.006317619,
        0.006179409,
        0.00615205,
        0.006913039,
        0.006197076,
        0.0062116,
        0.0063113150000000005,
        0.006139525000000001,
        0.00610118,
        0.006247912,
        0.006212601000000001,
        0.0061430140000000005,
        0.006228900000000001,
        0.006190668000000001,
        0.006156353000000001,
        0.006413694,
