{
  "results": [
    {
      "command": "./benchmark_boundschecks",
      "mean": 0.45610601712,
      "stddev": 0.0003640170478088144,
      "median": 0.45601091200000005,
      "user": 0.4488249200000001,
      "system": 0.0025637999999999993,
      "min": 0.455404723,
      "max": 0.45697302100000003,
      "times": [
        0.45618343,
        0.45597329000000003,
        0.45697302100000003,
        0.456114717,
        0.45657652000000004,
        0.456280353,
        0.456471822,
        0.45596907000000003,
        0.45649603200000005,
        0.45595322800000004,
        0.45578890000000005,
        0.455571954,
        0.456267962,
        0.45630471,
        0.45571290900000005,
        0.45596777600000005,
        0.455950615,
        0.455633392,
        0.45601091200000005,
        0.455981142,
        0.45603912300000005,
        0.455404723,
        0.45651656500000004,
        0.456585053,
        0.45592320900000005
      ],
      "exit_codes": [
        0,
        0,
        0,
        0,
        0,
        0,
        0,
        0,
        0,
        0,
        0,
        0,
        0,
        0,
        0,
        0,
        0,
        0,
        0,
        0,
        0,
        0,
        0,
        0,
        0
      ]
    }
  ]
}
