{
  "results": [
    {
      "command": "./benchmark_masking",
      "mean": 0.5846958929200001,
      "stddev": 0.010056580839064444,
      "median": 0.5812165020000001,
      "user": 0.57513288,
      "system": 0.00350684,
      "min": 0.579689827,
      "max": 0.6118234680000001,
      "times": [
        0.611520409,
        0.581949856,
        0.579689827,
        0.5813704590000001,
        0.5816478850000001,
        0.581182802,
        0.5804814180000001,
        0.5809061010000001,
        0.581450675,
        0.580395634,
        0.580444319,
        0.5814168670000001,
        0.581190937,
        0.610634674,
        0.5812312550000001,
        0.5812165020000001,
        0.5801477270000001,
        0.580421786,
        0.5818805850000001,
        0.5805529890000001,
        0.580752695,
        0.581611218,
        0.6118234680000001,
        0.5811494140000001,
        0.582327821
      ],
      "exit_codes": [
        0,
        0,
        0,
        0,
        0,
        0,
        0,
        0,
        0,
        0,
        0,
        0,
        0,
        0,
        0,
        0,
        0,
        0,
        0,
        0,
        0,
        0,
        0,
        0,
        0
      ]
    }
  ]
}
