{
  "results": [
    {
      "command": "./benchmark_guardpage_asmmove",
      "mean": 0.26180046892000003,
      "stddev": 0.00041641826793700683,
      "median": 0.26173734200000004,
      "user": 0.25715612,
      "system": 0.00174376,
      "min": 0.260936555,
      "max": 0.262806455,
      "times": [
        0.26259545300000003,
        0.26184308300000003,
        0.26167162,
        0.26184174200000004,
        0.262230367,
        0.26225813000000003,
        0.26173734200000004,
        0.260936555,
        0.26125776900000003,
        0.26143271500000004,
        0.26167211300000004,
        0.26142517000000004,
        0.26134191500000004,
        0.262095452,
        0.26159430100000003,
        0.261791243,
        0.26220707200000004,
        0.26184042,
        0.262806455,
        0.261700415,
        0.262090102,
        0.261643096,
        0.26149177900000004,
        0.261610956,
        0.261896458
      ],
      "exit_codes": [
        0,
        0,
        0,
        0,
        0,
        0,
        0,
        0,
        0,
        0,
        0,
        0,
        0,
        0,
        0,
        0,
        0,
        0,
        0,
        0,
        0,
        0,
        0,
        0,
        0
      ]
    }
  ]
}
