{
  "results": [
    {
      "command": "./benchmark_guardpage_asmmove",
      "mean": 0.04837711275806454,
      "stddev": 0.00045520297917002776,
      "median": 0.0483166585,
      "user": 0.04643167741935484,
      "system": 0.0012728709677419356,
      "min": 0.047806053,
      "max": 0.050658181000000004,
      "times": [
        0.048383847,
        0.048473513,
        0.048293932000000005,
        0.047966254,
        0.048763680000000004,
        0.048074467,
        0.048101263000000005,
        0.048194528,
        0.048971785000000004,
        0.047822447000000004,
        0.049182749000000005,
        0.04796157,
        0.04815163,
        0.047981745000000006,
        0.048256153,
        0.048312891000000004,
        0.047893731,
        0.048590043000000006,
        0.048743291,
        0.048331917,
        0.048310798,
        0.047864459000000005,
        0.048762558000000004,
        0.048357875,
        0.047809137,
        0.048601944,
        0.048373448000000006,
        0.048441653,
        0.048461517,
        0.047970974,
        0.048234358000000005,
        0.047987858,
        0.048683300000000006,
        0.048137290000000006,
        0.048163468,
        0.048371082,
        0.047954609,
        0.048234399000000004,
        0.048739537000000006,
        0.048312792,
        0.048320426,
        0.047872375,
        0.048345963000000006,
        0.048529933000000004,
        0.047806053,
        0.048414124,
        0.048367458,
        0.048905928,
        0.048884206000000006,
        0.047941455,
        0.048356031,
        0.048996847,
        0.050658181000000004,
        0.048853058000000005,
        0.047881585000000004,
        0.049016704,
        0.04843638,
        0.048129336,
        0.048291927000000005,
        0.047971762,
        0.048288111,
        0.048888656
      ],
      "exit_codes": [
        0,
        0,
        0,
        0,
        0,
        0,
        0,
        0,
        0,
        0,
        0,
        0,
        0,
        0,
        0,
        0,
        0,
        0,
        0,
        0,
        0,
        0,
        0,
        0,
        0,
        0,
        0,
        0,
        0,
        0,
        0,
        0,
        0,
        0,
        0,
        0,
        0,
        0,
        0,
        0,
        0,
        0,
        0,
        0,
        0,
        0,
        0,
        0,
        0,
        0,
        0,
        0,
        0,
        0,
        0,
        0,
        0,
        0,
        0,
        0,
        0,
        0
      ]
    }
  ]
}
