{
  "results": [
    {
      "command": "./benchmark_guardpage_asmmove",
      "mean": 0.6452790919200002,
      "stddev": 0.0037982913503895334,
      "median": 0.646021925,
      "user": 0.6360586399999999,
      "system": 0.002716239999999999,
      "min": 0.6271113300000001,
      "max": 0.6467215430000001,
      "times": [
        0.6461770210000001,
        0.645993829,
        0.6271113300000001,
        0.6457634170000001,
        0.645594607,
        0.6460689230000001,
        0.645455946,
        0.6458864910000001,
        0.646178535,
        0.6463769300000001,
        0.6463275110000001,
        0.646021925,
        0.645488527,
        0.6457553450000001,
        0.645939346,
        0.645965841,
        0.646318595,
        0.645890202,
        0.6455387570000001,
        0.646261033,
        0.646260567,
        0.6464466830000001,
        0.6461496950000001,
        0.6462846990000001,
        0.6467215430000001
      ],
      "exit_codes": [
        0,
        0,
        0,
        0,
        0,
        0,
        0,
        0,
        0,
        0,
        0,
        0,
        0,
        0,
        0,
        0,
        0,
        0,
        0,
        0,
        0,
        0,
        0,
        0,
        0
      ]
    }
  ]
}
