{
  "results": [
    {
      "command": "./benchmark_masking",
      "mean": 3.052073560599999,
      "stddev": 0.012242274473019121,
      "median": 3.055389565,
      "user": 3.0096714399999995,
      "system": 0.012316759999999998,
      "min": 3.021865428,
      "max": 3.067865243,
      "times": [
        3.052435346,
        3.030332431,
        3.067865243,
        3.046139703,
        3.045724735,
        3.059562526,
        3.042962061,
        3.061728573,
        3.059783217,
        3.044861473,
        3.036678266,
        3.021865428,
        3.05936519,
        3.064028115,
        3.05558374,
        3.060307607,
        3.064464243,
        3.063109262,
        3.055389565,
        3.030635196,
        3.063224388,
        3.0505544430000002,
        3.053298112,
        3.063885378,
        3.048054774
      ],
      "exit_codes": [
        0,
        0,
        0,
        0,
        0,
        0,
        0,
        0,
        0,
        0,
        0,
        0,
        0,
        0,
        0,
        0,
        0,
        0,
        0,
        0,
        0,
        0,
        0,
        0,
        0
      ]
    }
  ]
}
