{
  "results": [
    {
      "command": "./benchmark_syscall_noseccomp",
      "mean": 1.0623027689,
      "stddev": 0.004254447346683467,
      "median": 1.061987717,
      "user": 0.49479379999999995,
      "system": 0.5401507999999999,
      "min": 1.057677914,
      "max": 1.0712876040000001,
      "times": [
        1.066904056,
        1.058627589,
        1.063097036,
        1.061536069,
        1.0712876040000001,
        1.060245521,
        1.057677914,
        1.062439365,
        1.057878474,
        1.063334061
      ],
      "exit_codes": [
        0,
        0,
        0,
        0,
        0,
        0,
        0,
        0,
        0,
        0
      ]
    }
  ]
}
