{
  "results": [
    {
      "command": "./benchmark_syscall_seccompbpf",
      "mean": 1.0843702057000002,
      "stddev": 0.011421288833144498,
      "median": 1.0867650005,
      "user": 0.468174,
      "system": 0.5878459,
      "min": 1.053406343,
      "max": 1.096435172,
      "times": [
        1.086753783,
        1.089404508,
        1.084883729,
        1.053406343,
        1.089171491,
        1.087412451,
        1.084579553,
        1.084878809,
        1.086776218,
        1.096435172
      ],
      "exit_codes": [
        0,
        0,
        0,
        0,
        0,
        0,
        0,
        0,
        0,
        0
      ]
    }
  ]
}
