{
  "results": [
    {
      "command": "./benchmark_syscall_seccomp",
      "mean": 1.0596906491,
      "stddev": 0.010369958217848214,
      "median": 1.0635264910000002,
      "user": 0.4634436999999999,
      "system": 0.5687033,
      "min": 1.035435907,
      "max": 1.067125261,
      "times": [
        1.062466,
        1.067125261,
        1.062621937,
        1.064658571,
        1.063189769,
        1.064797026,
        1.066512423,
        1.063863213,
        1.046236384,
        1.035435907
      ],
      "exit_codes": [
        0,
        0,
        0,
        0,
        0,
        0,
        0,
        0,
        0,
        0
      ]
    }
  ]
}
