{
  "results": [
    {
      "command": "./benchmark_hfiemulate2",
      "mean": 0.00687078836155607,
      "stddev": 0.00003386428402126122,
      "median": 0.006869046,
      "user": 0.005251292906178495,
      "system": 0.0014980022883295196,
      "min": 0.006778056,
      "max": 0.007032752000000001,
      "times": [
        0.006857801,
        0.006879031000000001,
        0.006929806,
        0.00688067,
        0.006895705,
        0.006844477000000001,
        0.006906929,
        0.006881609,
        0.006949015,
        0.006897038,
        0.006872694,
        0.006900628000000001,
        0.007032752000000001,
        0.006844960000000001,
        0.00686301,
        0.006894438,
        0.006814123,
        0.006873726,
        0.006845271,
        0.006839147,
        0.006869485000000001,
        0.006881108,
        0.006894288,
        0.006828176,
        0.006936474000000001,
        0.006908121000000001,
        0.00685571,
        0.006864857,
        0.0068587100000000005,
        0.006874978,
        0.006835956000000001,
        0.006820311000000001,
        0.00683994,
        0.0068284700000000005,
        0.006899613000000001,
        0.006927514,
        0.0068733250000000004,
        0.0068932970000000005,
        0.006845482000000001,
        0.0068865670000000006,
        0.006860138,
        0.006851909000000001,
        0.006841037,
        0.006864626,
        0.006878081,
        0.006839988000000001,
        0.006836803000000001,
        0.006959283,
        0.006870687,
        0.0068099200000000006,
        0.006838651,
        0.006876739000000001,
        0.0068933530000000005,
        0.006860585000000001,
        0.006873878000000001,
        0.006894661000000001,
        0.006842956000000001,
        0.00687236,
        0.006895651,
        0.006873703,
        0.006833161000000001,
        0.006851592,
        0.0068821130000000005,
        0.006867427000000001,
        0.006792848000000001,
        0.0068479790000000006,
        0.006893112000000001,
        0.006850518000000001,
        0.006836809,
        0.006878739,
        0.006975843000000001,
        0.006899528,
        0.006828188000000001,
        0.006864065000000001,
        0.006853046000000001,
        0.0068692860000000005,
        0.006871084,
        0.006877347000000001,
        0.0069109010000000005,
        0.006820458000000001,
        0.006867181000000001,
        0.00694029,
        0.006841724,
        0.006856154000000001,
        0.006894648000000001,
        0.006847130000000001,
        0.006850008,
        0.006859540000000001,
        0.006852902,
        0.006883336,
        0.006855827,
        0.006848756,
        0.006896528000000001,
        0.006896827,
        0.006863728,
        0.006865807000000001,
        0.006821129,
        0.006906105,
        0.006811684,
        0.006882789,
        0.006894804,
        0.006908179,
        0.006845053,
        0.006819059000000001,
        0.0068547040000000005,
        0.006862735,
        0.006939051000000001,
        0.006906537000000001,
        0.006841705,
        0.0068604550000000005,
        0.006875303,
        0.006912581,
        0.006918980000000001,
        0.006877925,
        0.006867342,
        0.0068781120000000005,
        0.0069211540000000005,
        0.006849802,
        0.006844993000000001,
        0.006833738000000001,
        0.006858690000000001,
        0.006861343000000001,
        0.006901212,
        0.006894553,
        0.006923506,
        0.006870719000000001,
        0.006851445,
        0.006883363000000001,
        0.006867399000000001,
        0.006850978000000001,
        0.0068401040000000005,
        0.006846505,
        0.006817490000000001,
        0.0069175700000000005,
        0.006883231,
        0.006871254,
        0.006847482,
        0.006832558000000001,
        0.006890731000000001,
        0.006895836000000001,
        0.006842522,
        0.006874482,
        0.006944972000000001,
        0.006873926000000001,
        0.006871765,
        0.006855461,
        0.006894809,
        0.0068593330000000004,
        0.006889071,
        0.006878401,
        0.006883475,
        0.006879726,
        0.006970186000000001,
        0.006861263,
        0.006828405,
        0.006884100000000001,
        0.006870759000000001,
        0.006873234000000001,
        0.006826335,
        0.0068729590000000005,
        0.0068913180000000004,
        0.006837338,
        0.006874622,
        0.006903195000000001,
        0.006888780000000001,
        0.00684229,
        0.006865012,
        0.006863471,
        0.006885161000000001,
        0.0068551440000000005,
        0.006870888,
        0.006853626000000001,
        0.006903708000000001,
        0.006884208,
        0.006896401000000001,
        0.006910584,
        0.006823127,
        0.0067812770000000005,
        0.0068528,
        0.006871061,
        0.006886529000000001,
        0.006840764,
        0.006891316000000001,
        0.006863747000000001,
        0.006848534000000001,
        0.007015961,
        0.006871559,
        0.006865731000000001,
        0.0068695990000000005,
        0.006897693000000001,
        0.006838210000000001,
        0.006853382000000001,
        0.006832419,
        0.006905783,
        0.006902846000000001,
        0.006871609000000001,
        0.006882490000000001,
        0.0069095400000000005,
        0.006844353,
        0.006827162,
        0.006880726,
        0.006910121000000001,
        0.006860401,
        0.006839973,
        0.006853391,
        0.006834525,
        0.006828579,
        0.006873768000000001,
        0.006922996000000001,
        0.006893932,
        0.0068674470000000005,
        0.0068290600000000005,
        0.00689323,
        0.006873092000000001,
        0.006778056,
        0.006920089000000001,
        0.0068527910000000004,
        0.006818076,
        0.006864909000000001,
        0.006875189,
        0.006951907,
        0.006873742,
        0.006868877000000001,
        0.00689466,
        0.006848314,
        0.0068861600000000005,
        0.006866494000000001,
        0.006867425000000001,
        0.006877075000000001,
        0.006817506,
        0.006840871,
        0.006884853000000001,
        0.006947875,
        0.006857948,
        0.006876013,
        0.006879413,
        0.006890122,
        0.006875427000000001,
        0.006851879000000001,
        0.006874535,
        0.006866376,
        0.006838198,
        0.006838548000000001,
        0.006931398,
        0.00683791,
        0.006905032,
        0.0068701100000000005,
        0.006839783,
        0.006878573000000001,
        0.006910435,
        0.006842081000000001,
        0.006884084,
        0.006840808,
        0.006860358,
        0.006915073000000001,
        0.006897516,
        0.006900856,
        0.006901803000000001,
        0.0068648730000000005,
        0.006848493000000001,
        0.006830964,
        0.0069112240000000005,
        0.006882877000000001,
        0.006862517,
        0.006860181000000001,
        0.006926835,
        0.006920577000000001,
        0.006814631000000001,
        0.006850084,
        0.0068841300000000005,
        0.0069117630000000005,
        0.006876683000000001,
        0.0069078970000000005,
        0.006885223,
        0.006811356,
        0.006825729,
        0.006879451000000001,
        0.006889536000000001,
        0.006900357,
        0.006858831,
        0.006859575000000001,
        0.006871154000000001,
        0.006835581,
        0.0068563800000000005,
        0.0068405490000000005,
        0.006861955,
        0.0069504910000000005,
        0.006907460000000001,
        0.006835318000000001,
        0.0068820290000000004,
        0.006833579,
        0.006895203000000001,
        0.006860438000000001,
        0.006890119,
        0.006883238000000001,
        0.006850183,
        0.006962949,
        0.0068522950000000004,
        0.006900417000000001,
