{
  "results": [
    {
      "command": "./benchmark_boundschecks",
      "mean": 0.008459562311046512,
      "stddev": 0.0008015634728112487,
      "median": 0.008571700500000001,
      "user": 0.006668421511627903,
      "system": 0.0015856366279069763,
      "min": 0.004457956,
      "max": 0.009124105,
      "times": [
        0.008703708000000001,
        0.008602978,
        0.008567748,
        0.00890048,
        0.008877805,
        0.008520363000000001,
        0.008557098,
        0.008517933,
        0.008578778,
        0.008644495,
        0.008577578,
        0.008502153,
        0.008876129,
        0.008596294,
        0.009041051000000001,
        0.00850209,
        0.008554478,
        0.008571486,
        0.008501203,
        0.008980213,
        0.008550463000000001,
        0.008811062,
        0.008501449000000001,
        0.008553990000000001,
        0.008532079,
        0.008546851000000001,
        0.008479638000000001,
        0.00893326,
        0.008583409,
        0.0088701,
        0.008485804000000001,
        0.008582830000000001,
        0.008501109,
        0.008604015000000001,
        0.008472902000000001,
        0.008927434,
        0.00857458,
        0.00887888,
        0.008497495,
        0.008563391,
        0.008582241000000001,
        0.008506143,
        0.008620836,
        0.008927647,
        0.008860001000000001,
        0.008560707,
        0.008660974,
        0.00850476,
        0.008557289000000001,
        0.008478684,
        0.008602848,
        0.008498639,
        0.008859086,
        0.008562657000000001,
        0.009076648000000001,
        0.008645266,
        0.008815112,
        0.008524617,
        0.008960071,
        0.008582169,
        0.008830219,
        0.008680543,
        0.008491382,
        0.008640506000000001,
        0.008498678,
        0.008623889000000001,
        0.008500738,
        0.008837176,
        0.008571039,
        0.00894196,
        0.008465093,
        0.00860648,
        0.008525564000000001,
        0.008554989,
        0.008595163000000001,
        0.008949036,
        0.008561385000000001,
        0.008941181000000001,
        0.008501187,
        0.008574125,
        0.008504527000000001,
        0.008565089,
        0.008481225,
        0.009099867000000001,
        0.008864116,
        0.00850409,
        0.008576034,
        0.008466066000000001,
        0.008553856,
        0.008501463,
        0.008600509000000001,
        0.008978974,
        0.008979603000000001,
        0.008515961,
        0.008599866000000001,
        0.008492596,
        0.008575183,
        0.008493376,
        0.008606477000000001,
        0.008497962000000001,
        0.008950369000000001,
        0.00863127,
        0.008937092,
        0.008492868,
        0.008593379,
        0.008591021,
        0.008504318,
        0.008908543000000001,
        0.008558198000000001,
        0.008906464000000001,
        0.008499688,
        0.008647393,
        0.008478673,
        0.008624732000000001,
        0.008512877,
        0.009018711,
        0.008575476,
        0.008887331,
        0.008519112,
        0.008657133000000001,
        0.008614948,
        0.008889024,
        0.008572109000000001,
        0.009124105,
        0.008603152000000001,
        0.008923323,
        0.008560630000000001,
        0.008487372,
        0.008573836000000001,
        0.008549646000000001,
        0.008631950000000001,
        0.008899324,
        0.008885919,
        0.008520026,
        0.008709199,
        0.008480207,
        0.008555886,
        0.008470598000000001,
        0.008632571,
        0.008526175,
        0.008868293000000001,
        0.008536908000000001,
        0.008846065,
        0.008530881,
        0.008610832,
        0.008477844,
        0.008551654,
        0.008938544000000001,
        0.008573985000000001,
        0.008842478,
        0.008498825,
        0.005577541,
        0.004658015000000001,
        0.004605117000000001,
        0.004632365,
        0.00465235,
        0.004467549,
        0.004457956,
        0.0046384980000000004,
        0.005491488,
        0.005547890000000001,
        0.006095751,
        0.0070365720000000005,
        0.008191752,
        0.008567931,
        0.008525617000000001,
        0.008551087,
        0.00849682,
        0.009034006,
        0.008594527000000001,
        0.008856502,
        0.008552069,
        0.008599349000000001,
        0.008591648,
        0.008506587000000001,
        0.008585472,
        0.008856850000000001,
        0.008861965000000001,
        0.008533194000000001,
        0.008591779,
        0.008556733,
        0.00854131,
        0.008474242,
        0.008590348000000001,
        0.008542298,
        0.008949733000000001,
        0.008535005,
        0.008834712,
        0.008501948,
        0.008626454,
        0.008489714,
        0.008600293,
        0.008535105000000001,
        0.00889504,
        0.008518487,
        0.008888421,
        0.005092857,
        0.0051369480000000006,
        0.004832053,
        0.005056412000000001,
        0.005629706,
        0.006183920000000001,
        0.007213093,
        0.008731051,
        0.008584342,
        0.008818817000000001,
        0.008518702000000001,
        0.008691385000000001,
        0.008543442,
        0.008481319000000001,
        0.008940100000000001,
        0.008648555,
        0.008827122,
        0.008489029,
        0.008564665,
        0.008502558,
        0.008563447,
        0.008500473,
        0.008962941,
        0.008660592,
        0.008822677000000001,
        0.008494188,
        0.008564287,
        0.008469751000000001,
        0.008542101,
        0.008569687000000001,
        0.009013825000000001,
        0.008570769,
        0.008911973,
        0.008499186,
        0.008490021,
        0.008557973,
        0.008495183,
        0.008590201,
        0.008876212000000001,
        0.008899729,
        0.008515275000000001,
        0.008636085,
        0.008501189000000001,
        0.008583843,
        0.008481654,
        0.008598972,
        0.008525567000000001,
        0.008925821,
        0.008599622000000001,
        0.008809871,
        0.008497337,
        0.00862968,
        0.008466215000000001,
        0.00858485,
        0.008525896,
        0.008887500000000001,
        0.00853186,
        0.008837348,
        0.008547609000000001,
        0.008489794,
        0.008617341,
        0.008487469000000001,
        0.008871013,
        0.008600006,
        0.008825483,
        0.008512375,
        0.008587569,
        0.008472311,
        0.008577594000000001,
        0.008547906000000001,
        0.00890345,
        0.00861636,
        0.00883566,
        0.008512971000000001,
        0.008586849,
        0.008484568000000001,
        0.00854298,
        0.008482245000000001,
        0.009080604,
        0.008547551,
        0.008865904,
        0.008608528,
        0.00847357,
        0.008553650000000001,
        0.008495144000000001,
        0.008589203,
        0.00897772,
        0.008864826000000001,
        0.008578679,
        0.008562331000000001,
        0.008458926,
        0.008600403000000001,
        0.008473821000000001,
        0.008587031,
        0.008497584,
        0.008859923,
        0.008579273,
        0.008903646000000001,
        0.008493583,
        0.00857948,
        0.008496533,
        0.008586121,
        0.008495853000000001,
        0.008990457,
        0.008853686000000001,
        0.008526218,
        0.008630085000000001,
        0.008507318,
        0.008583143,
        0.008500586000000001,
        0.008902653,
        0.008602016,
        0.008836879,
        0.008516083,
        0.008561800000000001,
        0.008526212,
        0.008584856,
        0.008551928,
        0.008999244,
        0.008546903,
        0.008840543000000001,
        0.00851344,
        0.008557246000000001,
        0.008491781,
        0.008694036,
        0.008516488000000001,
