{
  "results": [
    {
      "command": "./benchmark_masking",
      "mean": 0.0072436287142857185,
      "stddev": 0.00014743774198576126,
      "median": 0.007190121000000001,
      "user": 0.005538903147699756,
      "system": 0.0015091961259079897,
      "min": 0.007074277,
      "max": 0.007702245000000001,
      "times": [
        0.007251958,
        0.007173577,
        0.007226731,
        0.007461385,
        0.0071669,
        0.007469474,
        0.0071347830000000004,
        0.0072850810000000005,
        0.007114710000000001,
        0.007229127,
        0.007118422,
        0.00731271,
        0.007209918,
        0.007112474000000001,
        0.007233524000000001,
        0.007476804,
        0.007508253,
        0.007116475000000001,
        0.007188604,
        0.007128082000000001,
        0.007091018,
        0.007180674000000001,
        0.007163107,
        0.007181448000000001,
        0.007570395000000001,
        0.0076284840000000005,
        0.0071140560000000005,
        0.007204257,
        0.007141618000000001,
        0.007130872000000001,
        0.007171800000000001,
        0.007109084000000001,
        0.007174266,
        0.007543322000000001,
        0.007544388000000001,
        0.007135449,
        0.007105387,
        0.007217487000000001,
        0.007101123000000001,
        0.007195069,
        0.0070927590000000006,
        0.007213974000000001,
        0.007113745,
        0.007143867000000001,
        0.007702245000000001,
        0.007177094,
        0.00750914,
        0.007155479,
        0.007170398000000001,
        0.007109746,
        0.007201667,
        0.007146005,
        0.007109303000000001,
        0.00722404,
        0.007473334000000001,
        0.0075098000000000005,
        0.007171038,
        0.007247407000000001,
        0.007169124000000001,
        0.0072191600000000005,
        0.007093734000000001,
        0.007140983,
        0.007186176000000001,
        0.007526560000000001,
        0.007518454000000001,
        0.0071861040000000004,
        0.007254050000000001,
        0.007490232,
        0.007163702,
        0.007454827000000001,
        0.007152187000000001,
        0.007209045000000001,
        0.00752125,
        0.007514644000000001,
        0.007150383000000001,
        0.007202323,
        0.007113362000000001,
        0.007178441000000001,
        0.007180140000000001,
        0.007074277,
        0.0072029500000000005,
        0.007551886000000001,
        0.007493828,
        0.007128608000000001,
        0.007223567,
        0.007126103000000001,
        0.007126437,
        0.007190269000000001,
        0.007220935,
        0.007221952,
        0.007128945,
        0.007221209,
        0.007419257,
        0.007159469000000001,
        0.007606398,
        0.007158829,
        0.007266584,
        0.007150251000000001,
        0.007178809,
        0.007200603000000001,
        0.007182843,
        0.007472904000000001,
        0.007235288,
        0.007415365,
        0.007112380000000001,
        0.0072227490000000005,
        0.007231218,
        0.007140899,
        0.007145236,
        0.007105023,
        0.007318655,
        0.007119556000000001,
        0.007191191,
        0.007417076000000001,
        0.007485763,
        0.007125228000000001,
        0.007194181000000001,
        0.007109053000000001,
        0.007110733,
        0.007157044,
        0.007150985,
        0.007276314000000001,
        0.007477783000000001,
        0.007484719000000001,
        0.007145132,
        0.007131795000000001,
        0.007180697000000001,
        0.007109616,
        0.007189089,
        0.007090171,
        0.007195211000000001,
        0.007537345000000001,
        0.007504472000000001,
        0.007171979,
        0.007137387,
        0.007250933,
        0.007094464000000001,
        0.007194102000000001,
        0.007132245000000001,
        0.007212625,
        0.007121492,
        0.007097852000000001,
        0.007529088000000001,
        0.0072395720000000005,
        0.007576933,
        0.007132487000000001,
        0.0071757520000000005,
        0.007550764000000001,
        0.0075064170000000005,
        0.007202372,
        0.007159522000000001,
        0.007209766,
        0.007560751,
        0.007572602,
        0.007123745000000001,
        0.007206788,
        0.0071240140000000006,
        0.007227297000000001,
        0.007193368,
        0.007093404,
        0.007256572,
        0.007499105000000001,
        0.007506465,
        0.0071513900000000005,
        0.007313376000000001,
        0.007112402,
        0.007102439,
        0.007215059,
        0.007136375,
        0.007194288,
        0.007542308,
        0.007494143000000001,
        0.007141991,
        0.007234878,
        0.007167948,
        0.007155165000000001,
        0.0071801470000000004,
        0.007091666000000001,
        0.007233611,
        0.007174833,
        0.007219893000000001,
        0.007446694,
        0.007194789,
        0.0074496300000000005,
        0.0071288720000000005,
        0.007174518,
        0.0071912270000000006,
        0.007201984000000001,
        0.007092699,
        0.007278917,
        0.0076227660000000004,
        0.007183989000000001,
        0.007437348000000001,
        0.007151355000000001,
        0.007188616,
        0.007140004,
        0.00721582,
        0.007213825,
        0.007206911000000001,
        0.007397718,
        0.007164907000000001,
        0.007478305,
        0.007103248,
        0.007199771000000001,
        0.007126506,
        0.007233631000000001,
        0.0070880710000000005,
        0.007091517,
        0.007272772,
        0.007579224000000001,
        0.007493115000000001,
        0.007202066,
        0.007206278000000001,
        0.007110601,
        0.007219392000000001,
        0.007121708,
        0.007121874,
        0.007165851000000001,
        0.007120914000000001,
        0.007276178,
        0.0074110040000000005,
        0.0075061780000000005,
        0.00717453,
        0.007111307000000001,
        0.007280224,
        0.007133534,
        0.007277091,
        0.007112974,
        0.007200326000000001,
        0.0074669160000000005,
        0.007569974,
        0.0071362100000000005,
        0.007111451,
        0.007254326,
        0.0072265540000000005,
        0.007161243,
        0.007121431,
        0.0072121400000000006,
        0.007104914,
        0.0071351900000000005,
        0.0075571250000000005,
        0.007247904,
        0.007467139,
        0.007219027,
        0.007182249000000001,
        0.007128477,
        0.007162155000000001,
        0.007146635,
        0.007074487000000001,
        0.007248962,
        0.007597632000000001,
        0.007496817,
        0.00718824,
        0.007206354000000001,
        0.0071305940000000005,
        0.0071036020000000005,
        0.0072270220000000005,
        0.007087212000000001,
        0.007211813,
        0.007577757,
        0.007568865,
        0.007187479,
        0.007261851000000001,
        0.007175503000000001,
        0.0070946740000000005,
        0.0072108070000000005,
        0.007137053000000001,
        0.007203040000000001,
        0.007128512,
        0.007189534,
        0.0074381180000000005,
        0.007177480000000001,
        0.007467463000000001,
        0.007114343,
        0.007295487000000001,
        0.0071093960000000005,
        0.007197488,
        0.0071402,
        0.007213078,
        0.00750574,
        0.007225887,
        0.0074173400000000006,
        0.00712118,
        0.007172264,
        0.0071374210000000006,
        0.007258667000000001,
        0.007107457,
        0.007104156,
        0.007185996,
        0.007521699000000001,
        0.00748938,
        0.007174751,
        0.007153909000000001,
        0.007100577,
        0.007199896000000001,
        0.00709697,
        0.007209074,
        0.007207173000000001,
        0.007466056,
        0.007507591,
