{
  "results": [
    {
      "command": "./benchmark_guardpage_asmmove",
      "mean": 0.007170994286057693,
      "stddev": 0.00015547129749087537,
      "median": 0.0071145575,
      "user": 0.005414860576923072,
      "system": 0.0015611250000000009,
      "min": 0.006999702,
      "max": 0.007987843,
      "times": [
        0.0072108300000000005,
        0.007084928000000001,
        0.007091692,
        0.007253947,
        0.007439230000000001,
        0.007479869,
        0.00706363,
        0.007162008,
        0.007052278,
        0.00712893,
        0.007047144000000001,
        0.007214407000000001,
        0.007075538,
        0.007526471000000001,
        0.007213263,
        0.007095865000000001,
        0.007443224000000001,
        0.007105902000000001,
        0.007457821000000001,
        0.0074260870000000005,
        0.007114073,
        0.007112068,
        0.007553611000000001,
        0.007418099,
        0.007054162,
        0.007084038000000001,
        0.0070343870000000005,
        0.0070716780000000005,
        0.007148957,
        0.007058263,
        0.0071066540000000004,
        0.007043428,
        0.007152374,
        0.007098898,
        0.0075001220000000006,
        0.007400638,
        0.00709825,
        0.007137620000000001,
        0.007049069000000001,
        0.007118443,
        0.007032206,
        0.007071839000000001,
        0.007095733000000001,
        0.007439727,
        0.007549214,
        0.007040027000000001,
        0.007239815,
        0.007110265,
        0.007135273,
        0.007054473,
        0.007023588000000001,
        0.007096266,
        0.007084998,
        0.007101671,
        0.007432291000000001,
        0.0074289180000000005,
        0.007024305000000001,
        0.007070011,
        0.007092239,
        0.007091231000000001,
        0.007203660000000001,
        0.00705721,
        0.007214449,
        0.007081235000000001,
        0.0073998020000000005,
        0.0075251300000000005,
        0.007094415000000001,
        0.00712512,
        0.007038204,
        0.007162015000000001,
        0.0071045380000000005,
        0.007054605,
        0.007124701000000001,
        0.0074941,
        0.007563347000000001,
        0.007095574,
        0.007114943,
        0.007009619000000001,
        0.007200799000000001,
        0.007130890000000001,
        0.007102173000000001,
        0.007088547000000001,
        0.007042799000000001,
        0.007140921000000001,
        0.007437285,
        0.007446019000000001,
        0.007033716000000001,
        0.0070088120000000005,
        0.007215389000000001,
        0.00712164,
        0.007147274,
        0.007026717,
        0.007231328,
        0.0070501570000000005,
        0.007440693000000001,
        0.007481842000000001,
        0.007050099000000001,
        0.007199944000000001,
        0.007019013,
        0.007155420000000001,
        0.007148767,
        0.007110241000000001,
        0.007052419000000001,
        0.00745333,
        0.0075475,
        0.00707129,
        0.007090678,
        0.007154278,
        0.0071241,
        0.0070389680000000005,
        0.007118520000000001,
        0.007160742,
        0.007572174,
        0.0074183520000000005,
        0.0070531610000000005,
        0.007105195000000001,
        0.0070711920000000004,
        0.0070928810000000005,
        0.007091790000000001,
        0.007031136,
        0.007125973000000001,
        0.007068657000000001,
        0.007214477,
        0.007411685,
        0.007374299000000001,
        0.007083314,
        0.007059068000000001,
        0.007115896,
        0.007019886,
        0.007084425,
        0.0070829890000000005,
        0.007134456000000001,
        0.007066726000000001,
        0.007576630000000001,
        0.007360551000000001,
        0.007087410000000001,
        0.007208473000000001,
        0.007127052,
        0.007152963,
        0.007013577,
        0.007027485000000001,
        0.00708239,
        0.0074796260000000005,
        0.007518628,
        0.0071354,
        0.007160793,
        0.007098128,
        0.007110982,
        0.007041793,
        0.006999702,
        0.007140854,
        0.0070417710000000005,
        0.007155444,
        0.007353074,
        0.007475304,
        0.007092036,
        0.007133583000000001,
        0.0071034060000000005,
        0.007042319,
        0.0071348900000000005,
        0.007047062000000001,
        0.007145296000000001,
        0.00703492,
        0.00743285,
        0.007431217,
        0.0070450980000000005,
        0.00719158,
        0.0071005190000000004,
        0.00720415,
        0.007043062,
        0.007041813,
        0.007100464000000001,
        0.007432527,
        0.007704605000000001,
        0.007140929000000001,
        0.007116443,
        0.007006664,
        0.007165297,
        0.007102565000000001,
        0.007054131000000001,
        0.007157454000000001,
        0.007036733000000001,
        0.007141672000000001,
        0.007322540000000001,
        0.007499773,
        0.007126811,
        0.007082163000000001,
        0.0071241790000000004,
        0.007143002000000001,
        0.0071164520000000005,
        0.007072312000000001,
        0.007122809000000001,
        0.007193112000000001,
        0.007446535000000001,
        0.007396324,
        0.007032579000000001,
        0.007150151,
        0.007026138,
        0.007133088,
        0.007093518,
        0.007118013,
        0.007091049,
        0.007327856000000001,
        0.007433762000000001,
        0.0070574570000000005,
        0.007170969,
        0.007076516000000001,
        0.007281317000000001,
        0.007042322,
        0.0070382610000000005,
        0.007151285,
        0.007486436000000001,
        0.007394946,
        0.007040847,
        0.007256421000000001,
        0.007101247000000001,
        0.0070278730000000005,
        0.007155857000000001,
        0.007033169000000001,
        0.007148937,
        0.007166073,
        0.007133209000000001,
        0.007386834,
        0.0071421440000000004,
        0.007122939000000001,
        0.007056865000000001,
        0.007114375,
        0.007070862000000001,
        0.007139385000000001,
        0.007027483,
        0.007241374,
        0.007041686,
        0.007412594000000001,
        0.007525159000000001,
        0.007034976,
        0.007128631000000001,
        0.007007322000000001,
        0.007132360000000001,
        0.007061058,
        0.00703084,
        0.007136384000000001,
        0.007567504,
        0.007426175,
        0.00704775,
        0.007145033,
        0.007086198,
        0.007016260000000001,
        0.007123433,
        0.007043162,
        0.007092341,
        0.007038028000000001,
        0.007140672000000001,
        0.0070416540000000005,
        0.007370717000000001,
        0.007343344000000001,
        0.007116107000000001,
        0.0072404240000000005,
        0.007025258,
        0.007182157000000001,
        0.0070067060000000006,
        0.0071263210000000006,
        0.007038181,
        0.007447269,
        0.007403768000000001,
        0.007036072000000001,
        0.007125772000000001,
        0.007155000000000001,
        0.007111968000000001,
        0.007067881000000001,
        0.0070455940000000005,
        0.007133972000000001,
        0.007400412,
        0.0074612210000000005,
        0.0070805370000000005,
        0.007207142000000001,
        0.007044525,
        0.007080046,
        0.007225387000000001,
        0.007042072000000001,
        0.007185735,
        0.0070033660000000005,
        0.007987843,
        0.0070958720000000005,
        0.007123129000000001,
        0.007073947000000001,
        0.007022256,
        0.007121453000000001,
        0.007066791,
        0.0071900620000000005,
        0.007018918000000001,
        0.007105078000000001,
        0.007052961000000001,
        0.007377006,
        0.007417273,
        0.0070583650000000005,
