{
  "results": [
    {
      "command": "./benchmark_hfiemulate2",
      "mean": 0.22045542528000003,
      "stddev": 0.0003204873374546841,
      "median": 0.22043816400000002,
      "user": 0.21926152000000002,
      "system": 0.00095868,
      "min": 0.21988226300000002,
      "max": 0.22101871,
      "times": [
        0.22037952200000002,
        0.22093532100000002,
        0.22043816400000002,
        0.220040796,
        0.22082263400000002,
        0.22021395400000002,
        0.22083902000000002,
        0.220622117,
        0.220777876,
        0.22058602600000002,
        0.22021367500000003,
        0.220227222,
        0.21988226300000002,
        0.220486904,
        0.22005695400000003,
        0.220702794,
        0.220193508,
        0.22020488700000002,
        0.220224734,
        0.22101871,
        0.22044086200000002,
        0.220974363,
        0.22062953400000002,
        0.22030933500000002,
        0.220164457
      ],
      "exit_codes": [
        0,
        0,
        0,
        0,
        0,
        0,
        0,
        0,
        0,
        0,
        0,
        0,
        0,
        0,
        0,
        0,
        0,
        0,
        0,
        0,
        0,
        0,
        0,
        0,
        0
      ]
    }
  ]
}
