{
  "results": [
    {
      "command": "./benchmark_guardpage_asmmove",
      "mean": 0.04972784191666668,
      "stddev": 0.0006582245517700044,
      "median": 0.049663805500000005,
      "user": 0.04810343333333333,
      "system": 0.0010611333333333333,
      "min": 0.049158128,
      "max": 0.053715828,
      "times": [
        0.049753214000000004,
        0.049349322,
        0.049729163,
        0.049501046,
        0.049936463,
        0.049577788000000005,
        0.049195309000000007,
        0.049791393,
        0.049768427000000004,
        0.049200963,
        0.049932511000000006,
        0.049191831000000005,
        0.049725082000000004,
        0.04962886800000001,
        0.049217884,
        0.049763079,
        0.049770246000000004,
        0.049651552,
        0.049748698,
        0.049180568,
        0.050560465000000006,
        0.049885369000000006,
        0.051606135000000004,
        0.049652032000000006,
        0.049646086000000006,
        0.049660772000000006,
        0.049666839000000004,
        0.049311744000000005,
        0.050052303000000006,
        0.049581328,
        0.049330468,
        0.04959218000000001,
        0.049713397000000006,
        0.05008854,
        0.053715828,
        0.049292132,
        0.049825984000000004,
        0.049722031,
        0.049230463,
        0.049586034,
        0.049681079,
        0.049277743000000006,
        0.049833877000000006,
        0.049294935000000005,
        0.050161710000000005,
        0.049880661,
        0.049276466000000005,
        0.049538329000000006,
        0.049830741000000005,
        0.049158128,
        0.049701332,
        0.049189351000000006,
        0.049742511,
        0.049746149,
        0.049288786,
        0.049599417,
        0.049507800000000005,
        0.05004571,
        0.050396985000000005,
        0.049185268000000004
      ],
      "exit_codes": [
        0,
        0,
        0,
        0,
        0,
        0,
        0,
        0,
        0,
        0,
        0,
        0,
        0,
        0,
        0,
        0,
        0,
        0,
        0,
        0,
        0,
        0,
        0,
        0,
        0,
        0,
        0,
        0,
        0,
        0,
        0,
        0,
        0,
        0,
        0,
        0,
        0,
        0,
        0,
        0,
        0,
        0,
        0,
        0,
        0,
        0,
        0,
        0,
        0,
        0,
        0,
        0,
        0,
        0,
        0,
        0,
        0,
        0,
        0,
        0
      ]
    }
  ]
}
