{
  "results": [
    {
      "command": "./benchmark_boundschecks",
      "mean": 0.26044400680000007,
      "stddev": 0.0003241877041086756,
      "median": 0.2603666,
      "user": 0.2558462,
      "system": 0.0022568,
      "min": 0.260007414,
      "max": 0.261252609,
      "times": [
        0.26086227300000003,
        0.260053068,
        0.260836667,
        0.260235317,
        0.260097592,
        0.261252609,
        0.260477972,
        0.260135855,
        0.2603666,
        0.26050584800000004,
        0.260854656,
        0.26012713600000004,
        0.260007414,
        0.26056405800000004,
        0.26089000700000003,
        0.260313642,
        0.260324999,
        0.260544001,
        0.260617093,
        0.26072000300000003,
        0.260093136,
        0.260538681,
        0.26019416100000003,
        0.260138709,
        0.26034867300000003
      ],
      "exit_codes": [
        0,
        0,
        0,
        0,
        0,
        0,
        0,
        0,
        0,
        0,
        0,
        0,
        0,
        0,
        0,
        0,
        0,
        0,
        0,
        0,
        0,
        0,
        0,
        0,
        0
      ]
    }
  ]
}
