{
  "results": [
    {
      "command": "./benchmark_hfiemulate2",
      "mean": 0.5843870344400002,
      "stddev": 0.0088792515170166,
      "median": 0.585650858,
      "user": 0.58285644,
      "system": 0.0011150399999999999,
      "min": 0.5493753530000001,
      "max": 0.5990694990000001,
      "times": [
        0.5825336710000001,
        0.591674122,
        0.58927478,
        0.5825666190000001,
        0.583515459,
        0.5891825460000001,
        0.585647816,
        0.57918252,
        0.58658314,
        0.5865198420000001,
        0.584870349,
        0.586597515,
        0.5493753530000001,
        0.573002643,
        0.5850403620000001,
        0.5990694990000001,
        0.585650858,
        0.589935899,
        0.583351994,
        0.584414537,
        0.576675691,
        0.588485031,
        0.588625512,
        0.589571732,
        0.588328371
      ],
      "exit_codes": [
        0,
        0,
        0,
        0,
        0,
        0,
        0,
        0,
        0,
        0,
        0,
        0,
        0,
        0,
        0,
        0,
        0,
        0,
        0,
        0,
        0,
        0,
        0,
        0,
        0
      ]
    }
  ]
}
