{
  "results": [
    {
      "command": "./benchmark_hfiemulate2",
      "mean": 0.080711907,
      "stddev": 0.005181414037838404,
      "median": 0.081848171,
      "user": 0.07968424999999998,
      "system": 0.0008645,
      "min": 0.053098091,
      "max": 0.081997332,
      "times": [
        0.08196329100000001,
        0.081838325,
        0.08188068200000001,
        0.08186810800000001,
        0.081877904,
        0.08184503700000001,
        0.081855696,
        0.08186137900000001,
        0.069219001,
        0.053098091,
        0.081919135,
        0.08184677900000001,
        0.081836146,
        0.081997332,
        0.08194206400000001,
        0.08186264700000001,
        0.08183604700000001,
        0.081857623,
        0.08185191400000001,
        0.08185424000000001,
        0.08181345100000001,
        0.081824115,
        0.08183066900000001,
        0.08183001300000001,
        0.081830304,
        0.081920116,
        0.08188091700000001,
        0.08183256900000001,
        0.081866862,
        0.081827912,
        0.081828405,
        0.08183691900000001,
        0.08184534,
        0.081847339,
        0.081849003,
        0.081853277
      ],
      "exit_codes": [
        0,
        0,
        0,
        0,
        0,
        0,
        0,
        0,
        0,
        0,
        0,
        0,
        0,
        0,
        0,
        0,
        0,
        0,
        0,
        0,
        0,
        0,
        0,
        0,
        0,
        0,
        0,
        0,
        0,
        0,
        0,
        0,
        0,
        0,
        0,
        0
      ]
    }
  ]
}
