{
  "results": [
    {
      "command": "./benchmark_masking",
      "mean": 0.011095432120754724,
      "stddev": 0.00016373013383285548,
      "median": 0.01101686,
      "user": 0.009955890566037741,
      "system": 0.0009091018867924522,
      "min": 0.010898302,
      "max": 0.011577458,
      "times": [
        0.011307229,
        0.011032150000000001,
        0.01129347,
        0.010946316000000001,
        0.011009172000000001,
        0.011014206,
        0.010976275,
        0.011090220000000001,
        0.011005384,
        0.011204458,
        0.011288005,
        0.010999056,
        0.010938752000000001,
        0.010994659,
        0.010970838,
        0.011230626,
        0.0112931,
        0.010998908,
        0.010926546,
        0.011012225,
        0.010991448000000001,
        0.011204668000000001,
        0.011455873,
        0.010987529000000001,
        0.010954299,
        0.010995989000000001,
        0.011008016,
        0.011196778000000001,
        0.011235669,
        0.011062267,
        0.010929434,
        0.011027140000000001,
        0.010993875,
        0.011208553000000001,
        0.011020362,
        0.011003190000000001,
        0.011061032,
        0.010929193,
        0.010997176,
        0.011486272,
        0.010963615000000001,
        0.011006945,
        0.011550277000000001,
        0.010994402,
        0.011006816,
        0.011528461,
        0.010942188,
        0.011019222,
        0.010999319,
        0.011006569,
        0.011002607000000001,
        0.011577458,
        0.010932762,
        0.010984242,
        0.010995178000000001,
        0.010924138,
        0.011022629,
        0.011523979,
        0.01099981,
        0.011009310000000001,
        0.011003619000000001,
        0.01092015,
        0.011010702,
        0.011496884,
        0.010995861000000001,
        0.011058444,
        0.011010195,
        0.010917445000000001,
        0.010999139000000002,
        0.011503322,
        0.010969878,
        0.011018599,
        0.01103719,
        0.010933660000000001,
        0.011012281,
        0.011543968,
        0.010945535000000001,
        0.011004684,
        0.010969134,
        0.010986664,
        0.011277362,
        0.011231224000000001,
        0.010958357,
        0.011027690000000001,
        0.010995887000000001,
        0.010935115,
        0.011359432000000001,
        0.011247894000000001,
        0.010926340000000001,
        0.011000135000000001,
        0.0110314,
        0.010929551000000001,
        0.011267978000000001,
        0.011253500000000001,
        0.010960998000000001,
        0.011241496,
        0.011267027,
        0.010928003,
        0.011271421,
        0.011352248,
        0.010946749,
        0.011051173000000001,
        0.011025777,
        0.010898302,
        0.011320129,
        0.011256116,
        0.010940196000000001,
        0.010996851,
        0.011037110000000001,
        0.010906298,
        0.011334740000000001,
        0.011261155,
        0.010956927,
        0.010994727000000001,
        0.011020707000000001,
        0.010978282,
        0.011261928000000001,
        0.011403313,
        0.010941792,
        0.011002050000000001,
        0.010988404,
        0.010917966000000001,
        0.011345575,
        0.011262989000000001,
        0.010918517,
        0.010999231,
        0.010997364,
        0.010912478000000001,
        0.011301522000000001,
        0.011253177000000001,
        0.011023611000000001,
        0.011008899,
        0.010992472000000001,
        0.010940021000000001,
        0.01129507,
        0.011271504,
        0.010929861,
        0.011047442000000001,
        0.011016395,
        0.010961278000000001,
        0.011378095000000001,
        0.011277899000000001,
        0.010939116,
        0.011011397000000001,
        0.011055175,
        0.010899605000000001,
        0.011374451,
        0.011244647,
        0.010971960000000001,
        0.011277674000000001,
        0.011250959000000001,
        0.010983177,
        0.011335471000000001,
        0.011259182000000001,
        0.011030285,
        0.010922156,
        0.011001257,
        0.010919298000000001,
        0.011479191000000001,
        0.011243692000000001,
        0.011018623,
        0.010905901,
        0.011014946000000001,
        0.01101686,
        0.011253046000000001,
        0.011291536000000001,
        0.011022843000000001,
        0.01093698,
        0.010998250000000001,
        0.01100513,
        0.011264275,
        0.01121247,
        0.011010168,
        0.010996726,
        0.010993561,
        0.010980160000000001,
        0.011319976,
        0.011260441000000001,
        0.011025436000000001,
        0.010938188000000001,
        0.011075276,
        0.010980691,
        0.011334279000000001,
        0.011257512,
        0.010995862,
        0.010944176,
        0.011025271000000001,
        0.011071062000000001,
        0.011287282000000001,
        0.011235588000000001,
        0.011043196,
        0.010922773,
        0.011006875000000001,
        0.010982204,
        0.011334225,
        0.011418915,
        0.011007334,
        0.010981679000000001,
        0.011004203,
        0.010994159,
        0.011364809,
        0.011294959,
        0.011049517,
        0.01120924,
        0.011253504000000001,
        0.011058208,
        0.011246372000000001,
        0.011256275000000001,
        0.011040894,
        0.010912208000000001,
        0.011018535000000001,
        0.010999865000000001,
        0.011268251,
        0.011230853,
        0.010987964000000001,
        0.010943217,
        0.011030282,
        0.011008819000000001,
        0.011304268000000001,
        0.011259620000000001,
        0.011014806,
        0.010944136,
        0.010998096,
        0.011020333,
        0.011286231,
        0.011236478000000001,
        0.011014948,
        0.010933795000000001,
        0.011012686,
        0.011071815,
        0.011387758000000001,
        0.011255379000000001,
        0.010989005000000001,
        0.0109082,
        0.011027180000000001,
        0.011020452,
        0.011262781000000001,
        0.011290782000000001,
        0.011015249000000001,
        0.010954370000000001,
        0.011003662,
        0.010989086,
        0.011269656000000001,
        0.011261235000000001,
        0.011070151,
        0.010924105,
        0.01098783,
        0.011022838,
        0.011319027,
        0.011261358,
        0.010994558000000001,
        0.010913432,
        0.011038458000000001,
        0.010995331,
        0.011346994000000001,
        0.01123637,
        0.011018597000000002,
        0.01127935,
        0.011258954,
        0.011051746000000001,
        0.011534357,
        0.010951645000000001,
        0.011022183000000001,
        0.011018141,
        0.010926748
      ],