{
  "results": [
    {
      "command": "./benchmark_hfiemulate2",
      "mean": 0.6663075282000002,
      "stddev": 0.0000521340346742667,
      "median": 0.6663121120000001,
      "user": 0.6648860399999998,
      "system": 0.0009568800000000001,
      "min": 0.666185142,
      "max": 0.6664500830000001,
      "times": [
        0.6664500830000001,
        0.666185142,
        0.6662899830000001,
        0.666317982,
        0.6662655150000001,
        0.6663297690000001,
        0.666328754,
        0.666292921,
        0.666312412,
        0.666329433,
        0.6663886290000001,
        0.666330709,
        0.6663317630000001,
        0.666276202,
        0.666298374,
        0.666378809,
        0.6663121120000001,
        0.6663067920000001,
        0.666292286,
        0.6662709320000001,
        0.666249356,
        0.666288882,
        0.666320943,
        0.66622578,
        0.666314642
      ],
      "exit_codes": [
        0,
        0,
        0,
        0,
        0,
        0,
        0,
        0,
        0,
        0,
        0,
        0,
        0,
        0,
        0,
        0,
        0,
        0,
        0,
        0,
        0,
        0,
        0,
        0,
        0
      ]
    }
  ]
}
