{
  "results": [
    {
      "command": "./benchmark_masking",
      "mean": 0.26025736912,
      "stddev": 0.0004089756787786326,
      "median": 0.260332418,
      "user": 0.25641124,
      "system": 0.0014312400000000003,
      "min": 0.25970728200000004,
      "max": 0.261330742,
      "times": [
        0.260560345,
        0.260420779,
        0.259908643,
        0.26076984400000003,
        0.259923544,
        0.26047119700000004,
        0.260525598,
        0.26053596500000004,
        0.259839072,
        0.259888859,
        0.261330742,
        0.2599693,
        0.26034105900000004,
        0.259914839,
        0.26084518300000004,
        0.259972179,
        0.25970728200000004,
        0.260332418,
        0.260590577,
        0.2605044,
        0.260358655,
        0.259805789,
        0.260303034,
        0.25975111700000003,
        0.25986380800000003
      ],
      "exit_codes": [
        0,
        0,
        0,
        0,
        0,
        0,
        0,
        0,
        0,
        0,
        0,
        0,
        0,
        0,
        0,
        0,
        0,
        0,
        0,
        0,
        0,
        0,
        0,
        0,
        0
      ]
    }
  ]
}
