{
  "results": [
    {
      "command": "./benchmark_boundschecks",
      "mean": 1.6367656078799997,
      "stddev": 0.013534233920894876,
      "median": 1.637779975,
      "user": 1.6204179600000004,
      "system": 0.0028763599999999997,
      "min": 1.573240172,
      "max": 1.6448403200000001,
      "times": [
        1.637370276,
        1.644501547,
        1.637502831,
        1.6448403200000001,
        1.637466242,
        1.6378532670000001,
        1.643223044,
        1.573240172,
        1.636872321,
        1.637779975,
        1.636588039,
        1.643070265,
        1.63753637,
        1.6380734600000002,
        1.6368100760000002,
        1.6437113939999999,
        1.6417400560000002,
        1.638254799,
        1.637672824,
        1.6368470130000001,
        1.637062474,
        1.6369897560000002,
        1.639118907,
        1.64194722,
        1.643067549
      ],
      "exit_codes": [
        0,
        0,
        0,
        0,
        0,
        0,
        0,
        0,
        0,
        0,
        0,
        0,
        0,
        0,
        0,
        0,
        0,
        0,
        0,
        0,
        0,
        0,
        0,
        0,
        0
      ]
    }
  ]
}
