{
  "results": [
    {
      "command": "./benchmark_guardpage_asmmove",
      "mean": 0.6550681508399999,
      "stddev": 0.0004400836447494717,
      "median": 0.6551097140000001,
      "user": 0.64781924,
      "system": 0.0015916399999999996,
      "min": 0.654261049,
      "max": 0.6558353100000001,
      "times": [
        0.655513994,
        0.654663289,
        0.6555838220000001,
        0.655225179,
        0.655246414,
        0.6546948890000001,
        0.655638899,
        0.655153604,
        0.6558353100000001,
        0.654508565,
        0.655313088,
        0.6551097140000001,
        0.654901048,
        0.655592849,
        0.654261049,
        0.654607045,
        0.654906559,
        0.655020897,
        0.654448127,
        0.654842146,
        0.655731385,
        0.655289564,
        0.654632152,
        0.6546714130000001,
        0.65531277
      ],
      "exit_codes": [
        0,
        0,
        0,
        0,
        0,
        0,
        0,
        0,
        0,
        0,
        0,
        0,
        0,
        0,
        0,
        0,
        0,
        0,
        0,
        0,
        0,
        0,
        0,
        0,
        0
      ]
    }
  ]
}
