{
  "results": [
    {
      "command": "./benchmark_boundschecks",
      "mean": 0.012923833242290753,
      "stddev": 0.00015642781024134176,
      "median": 0.012834778000000002,
      "user": 0.011842066079295138,
      "system": 0.0008430528634361234,
      "min": 0.012708468,
      "max": 0.013438286,
      "times": [
        0.013215388000000002,
        0.012746169000000002,
        0.013201510000000001,
        0.01308832,
        0.012875647,
        0.012822952,
        0.012801861000000001,
        0.012825499,
        0.013205137,
        0.013072288000000001,
        0.012748153000000002,
        0.012807245,
        0.012823635000000002,
        0.01284479,
        0.013224356000000001,
        0.012756266,
        0.013069133,
        0.012816829,
        0.012811301,
        0.012804075000000002,
        0.013207741,
        0.013081294,
        0.012819852000000001,
        0.012817732,
        0.012750300000000001,
        0.012837876000000002,
        0.013226158,
        0.013076267,
        0.012832031,
        0.012730735,
        0.012818251000000001,
        0.012878135,
        0.013066377,
        0.012764056000000001,
        0.013284664000000002,
        0.013118789,
        0.012822080000000001,
        0.013438286,
        0.01276937,
        0.012826031000000002,
        0.012834778000000002,
        0.012823706,
        0.012750777000000001,
        0.012861671000000002,
        0.013131808,
        0.013040141000000002,
        0.012819601000000002,
        0.012738577000000001,
        0.012829664000000001,
        0.012820940000000001,
        0.013121303,
        0.012792167,
        0.013047611,
        0.012801235000000001,
        0.012806156,
        0.012817399,
        0.013138605000000001,
        0.013087237000000002,
        0.012818744,
        0.012794388,
        0.012756312,
        0.012816812,
        0.013103322,
        0.013086349,
        0.012818612,
        0.012756121,
        0.012821385000000001,
        0.012825158000000001,
        0.013205076000000001,
        0.012783786,
        0.013046635000000001,
        0.012809803000000002,
        0.012832061,
        0.012823784000000001,
        0.013226804,
        0.013055384000000001,
        0.012816875,
        0.01283834,
        0.012740542,
        0.012836109,
        0.013354854000000001,
        0.013126635000000001,
        0.01280994,
        0.012738866000000001,
        0.012830917,
        0.012828750000000002,
        0.013062998000000001,
        0.012837824000000001,
        0.013046711,
        0.012806358,
        0.01280706,
        0.012821432,
        0.013075857000000001,
        0.013102866000000001,
        0.012830183,
        0.012819003,
        0.012748964000000002,
        0.012820618,
        0.013192858,
        0.013110203,
        0.012919506,
        0.012740231000000001,
        0.012815593,
        0.012869818000000002,
        0.013067091000000001,
        0.012832089000000001,
        0.013086759000000002,
        0.012809395000000001,
        0.012806125000000002,
        0.012810033,
        0.013139277000000001,
        0.013110940000000001,
        0.012831766000000001,
        0.012809527000000001,
        0.0127624,
        0.012809919000000001,
        0.013111145000000001,
        0.013110141,
        0.012861324,
        0.012750347,
        0.012825776,
        0.012826381000000001,
        0.013013389,
        0.012768447,
        0.013106095000000002,
        0.013053877,
        0.013081528,
        0.012810989,
        0.013067158,
        0.013079593,
        0.012896547000000001,
        0.012916611000000001,
        0.012739389,
        0.012735377,
        0.013283902,
        0.013205762000000001,
        0.012847794000000001,
        0.012764722000000001,
        0.012830265,
        0.012821757000000001,
        0.013064117,
        0.013096660000000001,
        0.012802935000000001,
        0.012801992000000002,
        0.012820557000000002,
        0.01282831,
        0.013084144,
        0.013062051000000002,
        0.012968548000000002,
        0.0128226,
        0.012829136000000001,
        0.012738375000000001,
        0.013119051000000001,
        0.013105298000000001,
        0.012840277,
        0.012767460000000001,
        0.012828732,
        0.012814503000000001,
        0.013070252000000001,
        0.013042894000000001,
        0.012765299,
        0.01287569,
        0.012816028,
        0.013077621000000001,
        0.012779149,
        0.013058232000000001,
        0.012816475,
        0.012853807,
        0.012809327,
        0.013077603,
        0.013085437,
        0.013229479,
        0.013177729000000001,
        0.012814754000000001,
        0.013065272000000001,
        0.013039337000000002,
        0.012837825,
        0.012823972000000001,
        0.012763676000000002,
        0.012838758,
        0.012858432000000001,
        0.013032102,
        0.012804613000000001,
        0.013061872,
        0.012822868000000001,
        0.012876533,
        0.012813874000000001,
        0.013106831000000001,
        0.013099646000000001,
        0.012844310000000001,
        0.012832249,
        0.012708468,
        0.012869167,
        0.013118273000000001,
        0.013139636000000001,
        0.012818028,
        0.012749680000000001,
        0.012829905,
        0.012854742,
        0.013092873000000001,
        0.012771816,
        0.013044977000000001,
        0.012850656,
        0.012857216000000001,
        0.012952906,
        0.013116912000000001,
        0.013058619,
        0.012834115,
        0.012806336000000001,
        0.012733288,
        0.012870642000000002,
        0.013110686000000002,
        0.013071499,
        0.012812694000000001,
        0.012747286,
        0.012823814000000001,
        0.012930244,
        0.013197464,
        0.013084582,
        0.012749504,
        0.013076567,
        0.013048043,
        0.013131126000000002,
        0.012774648000000001,
        0.01306636,
        0.012813446000000001,
        0.012823197000000001
      ],