{
  "results": [
    {
      "command": "./benchmark_hfiemulate2",
      "mean": 0.8761145196800001,
      "stddev": 0.001033270167264579,
      "median": 0.8760169250000001,
      "user": 0.8749311599999998,
      "system": 0.00063836,
      "min": 0.8741601090000001,
      "max": 0.8778175890000001,
      "times": [
        0.8764139740000001,
        0.877028329,
        0.8756397250000001,
        0.8744504890000001,
        0.8765220380000001,
        0.8773481190000001,
        0.8775274590000001,
        0.8745701290000001,
        0.8758839070000001,
        0.8770311780000001,
        0.87491302,
        0.8778175890000001,
        0.8760169250000001,
        0.876882679,
        0.8759064910000001,
        0.8752194440000001,
        0.8766155160000001,
        0.8774087100000001,
        0.876475124,
        0.876991264,
        0.8741601090000001,
        0.875714643,
        0.8747624260000001,
        0.8760051560000001,
        0.8755585490000001
      ],
      "exit_codes": [
        0,
        0,
        0,
        0,
        0,
        0,
        0,
        0,
        0,
        0,
        0,
        0,
        0,
        0,
        0,
        0,
        0,
        0,
        0,
        0,
        0,
        0,
        0,
        0,
        0
      ]
    }
  ]
}
