{
  "results": [
    {
      "command": "./benchmark_guardpage_asmmove",
      "mean": 0.22372604252000003,
      "stddev": 0.00042864676215310764,
      "median": 0.223684461,
      "user": 0.2198092,
      "system": 0.00174372,
      "min": 0.223020181,
      "max": 0.224861157,
      "times": [
        0.224050733,
        0.223020181,
        0.22307782,
        0.224360827,
        0.223331241,
        0.223426228,
        0.224339758,
        0.22341638300000002,
        0.22399844900000002,
        0.223514339,
        0.224861157,
        0.223523673,
        0.223892416,
        0.223592527,
        0.22362515000000002,
        0.223408675,
        0.22381683500000002,
        0.2230418,
        0.22383201400000002,
        0.22398905700000002,
        0.22386528800000002,
        0.22385967,
        0.223684461,
        0.223653981,
        0.2239684
      ],
      "exit_codes": [
        0,
        0,
        0,
        0,
        0,
        0,
        0,
        0,
        0,
        0,
        0,
        0,
        0,
        0,
        0,
        0,
        0,
        0,
        0,
        0,
        0,
        0,
        0,
        0,
        0
      ]
    }
  ]
}
