{
  "results": [
    {
      "command": "./benchmark_masking",
      "mean": 0.05132337239655172,
      "stddev": 0.0002717502634602214,
      "median": 0.05134622500000001,
      "user": 0.049574879310344835,
      "system": 0.0011428448275862069,
      "min": 0.050851609000000006,
      "max": 0.051970704000000006,
      "times": [
        0.051466182000000006,
        0.051350489000000006,
        0.051403092000000004,
        0.051096644000000004,
        0.051643501,
        0.051383617000000006,
        0.051291899,
        0.051154038000000006,
        0.051430238,
        0.050960704,
        0.051398597000000004,
        0.051371724,
        0.051253917,
        0.051270805,
        0.051411629,
        0.051496115,
        0.051970704000000006,
        0.051204715000000005,
        0.051129394,
        0.051310625000000006,
        0.050871168,
        0.051340896000000004,
        0.05150509,
        0.050851609000000006,
        0.051416141000000005,
        0.051341961000000005,
        0.051455151000000005,
        0.051610423,
        0.05159611,
        0.050918323,
        0.051294568000000006,
        0.051450647,
        0.051194526000000004,
        0.051785758,
        0.051062787000000005,
        0.051381825000000006,
        0.051338281000000006,
        0.05085551000000001,
        0.051943302000000004,
        0.051639347,
        0.050874332,
        0.051392884,
        0.051191271,
        0.05110959,
        0.051311550000000004,
        0.050920997,
        0.051296406,
        0.05139732,
        0.050901579,
        0.051961530000000006,
        0.051400944000000004,
        0.051789113000000005,
        0.051048066,
        0.051376206,
        0.05094626,
        0.051432683,
        0.051362824,
        0.051189992000000004
      ],
      "exit_codes": [
        0,
        0,
        0,
        0,
        0,
        0,
        0,
        0,
        0,
        0,
        0,
        0,
        0,
        0,
        0,
        0,
        0,
        0,
        0,
        0,
        0,
        0,
        0,
        0,
        0,
        0,
        0,
        0,
        0,
        0,
        0,
        0,
        0,
        0,
        0,
        0,
        0,
        0,
        0,
        0,
        0,
        0,
        0,
        0,
        0,
        0,
        0,
        0,
        0,
        0,
        0,
        0,
        0,
        0,
        0,
        0,
        0,
        0
      ]
    }
  ]
}
