{
  "results": [
    {
      "command": "./benchmark_boundschecks",
      "mean": 0.09442368551612902,
      "stddev": 0.000295687940096409,
      "median": 0.09430861800000001,
      "user": 0.09215296774193549,
      "system": 0.0012777419354838707,
      "min": 0.09409398000000001,
      "max": 0.095315535,
      "times": [
        0.09469878100000001,
        0.09416099200000001,
        0.095315535,
        0.094541577,
        0.094186773,
        0.09413030300000001,
        0.09425986800000001,
        0.094592492,
        0.09416990400000001,
        0.094477088,
        0.09423848,
        0.094193757,
        0.09430916,
        0.094607933,
        0.09418088100000001,
        0.095171499,
        0.094307996,
        0.09420397900000001,
        0.094303207,
        0.094726586,
        0.09417317,
        0.094312874,
        0.09425319700000001,
        0.09430861800000001,
        0.09475979100000001,
        0.094515451,
        0.09409398000000001,
        0.094655403,
        0.09434600400000001,
        0.09427911500000001,
        0.094659857
      ],
      "exit_codes": [
        0,
        0,
        0,
        0,
        0,
        0,
        0,
        0,
        0,
        0,
        0,
        0,
        0,
        0,
        0,
        0,
        0,
        0,
        0,
        0,
        0,
        0,
        0,
        0,
        0,
        0,
        0,
        0,
        0,
        0,
        0
      ]
    }
  ]
}
