{
  "results": [
    {
      "command": "./benchmark_guardpage_asmmove",
      "mean": 0.0862014686764706,
      "stddev": 0.00042857685710781046,
      "median": 0.08603620650000002,
      "user": 0.08305767647058826,
      "system": 0.002221735294117647,
      "min": 0.085373768,
      "max": 0.08739772800000001,
      "times": [
        0.086153293,
        0.08603524100000001,
        0.085942316,
        0.08676056900000001,
        0.085802377,
        0.08596305600000001,
        0.08661221000000001,
        0.08654102300000001,
        0.086032623,
        0.085948308,
        0.085986516,
        0.08595490700000001,
        0.086290526,
        0.085882494,
        0.08691106700000001,
        0.086090601,
        0.08700107500000001,
        0.087147519,
        0.085373768,
        0.086207854,
        0.08658654,
        0.086207977,
        0.08593281400000001,
        0.08612298,
        0.08611574400000001,
        0.086002327,
        0.08603717200000001,
        0.086017654,
        0.085962571,
        0.085923571,
        0.085939318,
        0.08739772800000001,
        0.08583634700000001,
        0.08612984900000001
      ],
      "exit_codes": [
        0,
        0,
        0,
        0,
        0,
        0,
        0,
        0,
        0,
        0,
        0,
        0,
        0,
        0,
        0,
        0,
        0,
        0,
        0,
        0,
        0,
        0,
        0,
        0,
        0,
        0,
        0,
        0,
        0,
        0,
        0,
        0,
        0,
        0
      ]
    }
  ]
}
