{
  "results": [
    {
      "command": "./benchmark_masking",
      "mean": 0.6455265871200001,
      "stddev": 0.0007566751446463827,
      "median": 0.645345805,
      "user": 0.63824308,
      "system": 0.001766,
      "min": 0.6444640030000001,
      "max": 0.6473476180000001,
      "times": [
        0.6473058140000001,
        0.645515181,
        0.644835783,
        0.645418962,
        0.644521805,
        0.645472711,
        0.6444640030000001,
        0.64511681,
        0.645202672,
        0.6451749170000001,
        0.6473476180000001,
        0.645148649,
        0.645135514,
        0.645585484,
        0.646585366,
        0.6458729980000001,
        0.6448563190000001,
        0.6461785990000001,
        0.644873001,
        0.645951846,
        0.646333269,
        0.6448851870000001,
        0.6452784380000001,
        0.645345805,
        0.645757927
      ],
      "exit_codes": [
        0,
        0,
        0,
        0,
        0,
        0,
        0,
        0,
        0,
        0,
        0,
        0,
        0,
        0,
        0,
        0,
        0,
        0,
        0,
        0,
        0,
        0,
        0,
        0,
        0
      ]
    }
  ]
}
