{
  "results": [
    {
      "command": "./benchmark_boundschecks",
      "mean": 2.93962240548,
      "stddev": 0.015430190528440609,
      "median": 2.941470641,
      "user": 2.9008016,
      "system": 0.015043319999999997,
      "min": 2.8724201750000002,
      "max": 2.951687671,
      "times": [
        2.940996943,
        2.948911357,
        2.9408776530000003,
        2.922103111,
        2.935359825,
        2.941509783,
        2.950745849,
        2.937914446,
        2.93867546,
        2.949071161,
        2.941943928,
        2.937753308,
        2.951687671,
        2.942762601,
        2.8724201750000002,
        2.951189953,
        2.941470641,
        2.945792772,
        2.938645814,
        2.9374391490000002,
        2.949047106,
        2.938292189,
        2.946616497,
        2.9483460950000002,
        2.94098665
      ],
      "exit_codes": [
        0,
        0,
        0,
        0,
        0,
        0,
        0,
        0,
        0,
        0,
        0,
        0,
        0,
        0,
        0,
        0,
        0,
        0,
        0,
        0,
        0,
        0,
        0,
        0,
        0
      ]
    }
  ]
}
