{
  "results": [
    {
      "command": "./benchmark_guardpage_asmmove",
      "mean": 0.8768009044,
      "stddev": 0.014043583428199571,
      "median": 0.875449566,
      "user": 0.8672334800000001,
      "system": 0.00224236,
      "min": 0.827406429,
      "max": 0.896744937,
      "times": [
        0.874267632,
        0.876037362,
        0.8743769830000001,
        0.8771293400000001,
        0.872926533,
        0.873807477,
        0.875435936,
        0.895182416,
        0.875700338,
        0.876207841,
        0.894145284,
        0.896744937,
        0.876188205,
        0.856932158,
        0.891330339,
        0.8729414510000001,
        0.8933491130000001,
        0.873902489,
        0.8760661890000001,
        0.875449566,
        0.873770334,
        0.873217655,
        0.873949772,
        0.893556831,
        0.827406429
      ],
      "exit_codes": [
        0,
        0,
        0,
        0,
        0,
        0,
        0,
        0,
        0,
        0,
        0,
        0,
        0,
        0,
        0,
        0,
        0,
        0,
        0,
        0,
        0,
        0,
        0,
        0,
        0
      ]
    }
  ]
}
