{
  "results": [
    {
      "command": "./benchmark_boundschecks",
      "mean": 0.6034627016800002,
      "stddev": 0.00036556848433999534,
      "median": 0.6035326360000001,
      "user": 0.5868169599999999,
      "system": 0.011535719999999996,
      "min": 0.602747475,
      "max": 0.604353857,
      "times": [
        0.604353857,
        0.603968768,
        0.603759736,
        0.60318587,
        0.603646315,
        0.602747475,
        0.603607808,
        0.603484916,
        0.6036118650000001,
        0.603127531,
        0.6036374640000001,
        0.603075915,
        0.6036097300000001,
        0.6031434400000001,
        0.603550947,
        0.6037757930000001,
        0.6032067670000001,
        0.6036716440000001,
        0.603303339,
        0.6039421570000001,
        0.603066043,
        0.6035326360000001,
        0.603346889,
        0.60331246,
        0.602898177
      ],
      "exit_codes": [
        0,
        0,
        0,
        0,
        0,
        0,
        0,
        0,
        0,
        0,
        0,
        0,
        0,
        0,
        0,
        0,
        0,
        0,
        0,
        0,
        0,
        0,
        0,
        0,
        0
      ]
    }
  ]
}
