{
  "results": [
    {
      "command": "./benchmark_guardpage_asmmove",
      "mean": 0.01099205621666666,
      "stddev": 0.00031294181088837236,
      "median": 0.0109292745,
      "user": 0.009836571428571432,
      "system": 0.0009288047619047616,
      "min": 0.007135331000000001,
      "max": 0.011617968000000001,
      "times": [
        0.007135331000000001,
        0.007844868,
        0.009480604,
        0.011253768,
        0.010946629000000001,
        0.011170551,
        0.010914407000000001,
        0.010860582,
        0.01107636,
        0.011249969,
        0.010891747,
        0.011160464,
        0.010926901000000001,
        0.010848244,
        0.010912523,
        0.011585890000000001,
        0.010889959000000001,
        0.010948483,
        0.010908549,
        0.010806265,
        0.010940557,
        0.011609734,
        0.010876844,
        0.01097801,
        0.01089562,
        0.010846299,
        0.011006089,
        0.011519108,
        0.010888695,
        0.011062235,
        0.01105243,
        0.010844054,
        0.010924502,
        0.011536542,
        0.010869485,
        0.010946109,
        0.010894276000000001,
        0.01091714,
        0.010935804,
        0.011570121000000001,
        0.010887642000000001,
        0.010935998,
        0.010906236000000001,
        0.010851399000000001,
        0.010977749,
        0.011482434000000001,
        0.010859198,
        0.010937863,
        0.010853441,
        0.010849051,
        0.010921265000000001,
        0.011269050000000001,
        0.010974745000000001,
        0.010925418000000001,
        0.010843301000000001,
        0.010917804000000001,
        0.010902411,
        0.011220726,
        0.011184655,
        0.010976263,
        0.01087943,
        0.010918709,
        0.010913403,
        0.011190362,
        0.011171432,
        0.01093238,
        0.010904676,
        0.010910601,
        0.010931835,
        0.011246093,
        0.01120198,
        0.010927297,
        0.010843419,
        0.010961700000000001,
        0.010907499000000001,
        0.011191512,
        0.011211289000000001,
        0.010932151000000001,
        0.010878045000000001,
        0.010917330000000001,
        0.010956587,
        0.011162517,
        0.011208417,
        0.010911454000000001,
        0.010846941,
        0.010899333,
        0.010929894,
        0.011279066,
        0.011259575,
        0.010929189,
        0.01083921,
        0.010959110000000001,
        0.010914856,
        0.01117049,
        0.011340381,
        0.010981961,
        0.010844353000000001,
        0.010910049000000002,
        0.010915569,
        0.011232375000000001,
        0.011157001000000001,
        0.010937852000000001,
        0.010873934,
        0.010925807000000001,
        0.010933788,
        0.011355709,
        0.011173495,
        0.01092772,
        0.010846473,
        0.010960229,
        0.010896900000000001,
        0.011163626000000001,
        0.011173721000000001,
        0.010934154000000001,
        0.010861255,
        0.010909115,
        0.010920782,
        0.011215519,
        0.01115469,
        0.010984159,
        0.010848685,
        0.010923995,
        0.010905909,
        0.011249052,
        0.011213804,
        0.010929926000000001,
        0.010884290000000001,
        0.010907774,
        0.010882904,
        0.011169226,
        0.011209452,
        0.010953753,
        0.010833343,
        0.010933558000000001,
        0.010929794000000001,
        0.011202125,
        0.011170800000000002,
        0.010949641000000001,
        0.010878713,
        0.010920381,
        0.010913113,
        0.011176851000000002,
        0.011198898,
        0.010927741000000001,
        0.010872265,
        0.011003229000000002,
        0.010954339,
        0.011185398000000001,
        0.011174702,
        0.010961081000000001,
        0.010857851,
        0.010916667000000001,
        0.010917423,
        0.011233549,
        0.01119403,
        0.01092561,
        0.010883029,
        0.010936684,
        0.010905437,
        0.011254972,
        0.011220234,
        0.010957178000000001,
        0.010853316,
        0.010941859,
        0.010924295,
        0.011129741,
        0.011339728,
        0.010967292,
        0.01083418,
        0.010963557,
        0.010928902,
        0.011150565000000001,
        0.01129288,
        0.010928429,
        0.010906219,
        0.010914605,
        0.010913763,
        0.011205270000000002,
        0.011165674,
        0.010956083,
        0.010856095000000001,
        0.010930146,
        0.010966223,
        0.011139199,
        0.011131658000000001,
        0.010946448000000001,
        0.010853336,
        0.010918387,
        0.010896994,
        0.011228725,
        0.011187044,
        0.010950748000000001,
        0.010847575,
        0.010933647000000001,
        0.010821347,
        0.011248434,
        0.011237803000000001,
        0.01092103,
        0.010863503,
        0.010938929,
        0.010849210000000001,
        0.011182065000000001,
        0.011175314,
        0.010910238000000001,
        0.010928335,
        0.01090462,
        0.010877406000000001,
        0.011264179000000001,
        0.011161278,
        0.010912471,
        0.011311052,
        0.011215423,
        0.010865981,
        0.011208087,
        0.011215216,
        0.010834166000000001,
        0.010867364000000001,
        0.010941908,
        0.01086429,
        0.011192893,
        0.011208855,
        0.010850927000000002,
        0.010928075,
        0.010907766000000001,
        0.010848124,
        0.011287196000000001,
        0.011176871000000001,
        0.010860818000000001,
        0.010930291,
        0.010938273,
        0.01083518,
        0.01115496,
        0.011189577000000001,
        0.010865485000000001,
        0.010935055,
        0.010928639,
        0.01084333,
        0.011194372000000001,
        0.011171401000000001,
        0.010853181,
        0.010960742,
        0.010945403000000001,
        0.010856534000000001,
        0.010922595,
        0.011446023000000001,
        0.010872937000000001,
        0.010935928000000001,
        0.010961027,
        0.010858874000000001,
        0.010936364,
        0.011419082,
        0.010882551,
        0.010947169000000001,
        0.010915792,
        0.010917371,
        0.010924781000000001,
        0.011478121,
        0.010872001000000001,
        0.010919403000000001,
        0.010929962000000001,
        0.010861948000000001,
        0.010993585,
        0.011428961000000001,
        0.010868241,
        0.010912474,
        0.011480736,
        0.010870015,
        0.011021655,
        0.011617968000000001,
        0.010889875,
        0.010928686,
        0.010896849,
        0.010860933000000001,
        0.010953183,
        0.011553299000000001,
        0.010846697,
        0.010996054,
        0.010928845000000001,
        0.010866671000000001,
        0.0109253,
        0.011414277,
        0.010876704000000001,
        0.010936781000000001,
        0.010972658000000001,
        0.010842711000000001,
        0.010924972000000002,
        0.011404384,
        0.010913256000000001,
        0.010932448,
        0.010896734,
        0.010884825,
        0.010906698000000001,
        0.011418561,
        0.010858447,
        0.010948066000000001,
        0.010915266,
        0.010857432,
        0.010945535000000001,
        0.011420452000000001,
        0.010947573,
        0.010926107000000001,
        0.010928498,
        0.0108699,
        0.010935476000000001,
        0.011417400000000001,
        0.010879315,
        0.010934004,
        0.010930996,
        0.010826741,
        0.01092936,
        0.01140461,
        0.010882619000000001,
        0.010992283,
        0.010915783,
        0.010824329,
        0.010937108000000001,
        0.011462187,
        0.010878076,
        0.011221256,
        0.011272957,
