{
  "results": [
    {
      "command": "./benchmark_hfiemulate2",
      "mean": 3.0590413994800003,
      "stddev": 0.010817377684459993,
      "median": 3.060672899,
      "user": 3.055907439999999,
      "system": 0.0015984,
      "min": 3.016383558,
      "max": 3.073502091,
      "times": [
        3.060672899,
        3.060841222,
        3.045085046,
        3.043546197,
        3.062490893,
        3.060876762,
        3.016383558,
        3.060439071,
        3.059969748,
        3.060976724,
        3.060433427,
        3.072269184,
        3.060832208,
        3.062721186,
        3.060821677,
        3.060102873,
        3.073502091,
        3.065839499,
        3.059846424,
        3.061062077,
        3.060104164,
        3.066950157,
        3.059258655,
        3.060668496,
        3.060340749
      ],
      "exit_codes": [
        0,
        0,
        0,
        0,
        0,
        0,
        0,
        0,
        0,
        0,
        0,
        0,
        0,
        0,
        0,
        0,
        0,
        0,
        0,
        0,
        0,
        0,
        0,
        0,
        0
      ]
    }
  ]
}
