{
  "results": [
    {
      "command": "./benchmark_masking",
      "mean": 3.1473812276400004,
      "stddev": 0.011455648781501224,
      "median": 3.150237426,
      "user": 3.115020119999999,
      "system": 0.006444039999999999,
      "min": 3.110033787,
      "max": 3.16165183,
      "times": [
        3.158421611,
        3.156634671,
        3.155238192,
        3.16165183,
        3.152049094,
        3.14420611,
        3.14959847,
        3.158241193,
        3.150773112,
        3.134882753,
        3.148116973,
        3.141274082,
        3.141969633,
        3.150237426,
        3.110033787,
        3.156276638,
        3.15700444,
        3.152079922,
        3.141314171,
        3.142390203,
        3.149407276,
        3.148816586,
        3.150539706,
        3.150537048,
        3.122835764
      ],
      "exit_codes": [
        0,
        0,
        0,
        0,
        0,
        0,
        0,
        0,
        0,
        0,
        0,
        0,
        0,
        0,
        0,
        0,
        0,
        0,
        0,
        0,
        0,
        0,
        0,
        0,
        0
      ]
    }
  ]
}
