{
  "results": [
    {
      "command": "./benchmark_masking",
      "mean": 0.10180102824137931,
      "stddev": 0.0003014518309296393,
      "median": 0.10171777700000001,
      "user": 0.09978282758620691,
      "system": 0.0009353103448275862,
      "min": 0.10143516100000001,
      "max": 0.102521713,
      "times": [
        0.101669461,
        0.102521713,
        0.10154303,
        0.101657802,
        0.101489965,
        0.101846902,
        0.10171405,
        0.10205535800000001,
        0.10168135900000001,
        0.10200489300000001,
        0.10154004800000001,
        0.101446615,
        0.101887221,
        0.102449235,
        0.10149616600000001,
        0.10153948800000001,
        0.101993606,
        0.101723925,
        0.102011314,
        0.101632133,
        0.10223941,
        0.10148051500000001,
        0.101440866,
        0.10200903500000001,
        0.10182194300000001,
        0.101993891,
        0.10171777700000001,
        0.102186937,
        0.10143516100000001
      ],
      "exit_codes": [
        0,
        0,
        0,
        0,
        0,
        0,
        0,
        0,
        0,
        0,
        0,
        0,
        0,
        0,
        0,
        0,
        0,
        0,
        0,
        0,
        0,
        0,
        0,
        0,
        0,
        0,
        0,
        0,
        0
      ]
    }
  ]
}
