{
  "results": [
    {
      "command": "./benchmark_guardpage_asmmove",
      "mean": 0.6570687755600001,
      "stddev": 0.0077122047195923105,
      "median": 0.6558301270000001,
      "user": 0.64932324,
      "system": 0.0020708399999999996,
      "min": 0.634478132,
      "max": 0.67532557,
      "times": [
        0.657015039,
        0.655406472,
        0.655328478,
        0.655690783,
        0.655390475,
        0.656934864,
        0.6545464000000001,
        0.655274719,
        0.67532557,
        0.656354831,
        0.655991812,
        0.6740838560000001,
        0.6558755310000001,
        0.654989903,
        0.652877919,
        0.656011377,
        0.634478132,
        0.6556562380000001,
        0.6558301270000001,
        0.656530881,
        0.657133421,
        0.6576048760000001,
        0.672404757,
        0.6552870940000001,
        0.6546958340000001
      ],
      "exit_codes": [
        0,
        0,
        0,
        0,
        0,
        0,
        0,
        0,
        0,
        0,
        0,
        0,
        0,
        0,
        0,
        0,
        0,
        0,
        0,
        0,
        0,
        0,
        0,
        0,
        0
      ]
    }
  ]
}
