{
  "results": [
    {
      "command": "./benchmark_masking",
      "mean": 0.62742400796,
      "stddev": 0.012302871395044301,
      "median": 0.629895887,
      "user": 0.6203757599999998,
      "system": 0.0017535999999999997,
      "min": 0.568381484,
      "max": 0.630395974,
      "times": [
        0.568381484,
        0.630395974,
        0.6295529480000001,
        0.6300299930000001,
        0.629801687,
        0.629588875,
        0.6297815640000001,
        0.6302737890000001,
        0.629861762,
        0.629985381,
        0.630061082,
        0.629835727,
        0.6294502700000001,
        0.629373959,
        0.630030148,
        0.630186259,
        0.629737516,
        0.629895887,
        0.629765672,
        0.629962691,
        0.6296972980000001,
        0.6300047990000001,
        0.6299014860000001,
        0.630039584,
        0.630004364
      ],
      "exit_codes": [
        0,
        0,
        0,
        0,
        0,
        0,
        0,
        0,
        0,
        0,
        0,
        0,
        0,
        0,
        0,
        0,
        0,
        0,
        0,
        0,
        0,
        0,
        0,
        0,
        0
      ]
    }
  ]
}
