{
  "results": [
    {
      "command": "./benchmark_hfiemulate2",
      "mean": 0.25726918972,
      "stddev": 0.00048183426853954704,
      "median": 0.25712714400000003,
      "user": 0.25621896000000005,
      "system": 0.0007954399999999999,
      "min": 0.256704553,
      "max": 0.258280936,
      "times": [
        0.257114778,
        0.257137019,
        0.258085538,
        0.258280936,
        0.25677157700000003,
        0.25726286200000004,
        0.257131294,
        0.257699515,
        0.256781921,
        0.256800083,
        0.256704553,
        0.25712714400000003,
        0.25793328000000004,
        0.25755325500000004,
        0.25679798000000004,
        0.258140969,
        0.25677082300000004,
        0.256895393,
        0.257075851,
        0.256944954,
        0.25795452,
        0.25735846700000004,
        0.25703215900000004,
        0.257260547,
        0.25711432500000003
      ],
      "exit_codes": [
        0,
        0,
        0,
        0,
        0,
        0,
        0,
        0,
        0,
        0,
        0,
        0,
        0,
        0,
        0,
        0,
        0,
        0,
        0,
        0,
        0,
        0,
        0,
        0,
        0
      ]
    }
  ]
}
