{
  "results": [
    {
      "command": "./benchmark_guardpage_asmmove",
      "mean": 0.25996086883999997,
      "stddev": 0.00035983451363157104,
      "median": 0.25981540000000003,
      "user": 0.24916483999999997,
      "system": 0.008423960000000001,
      "min": 0.259501937,
      "max": 0.260871366,
      "times": [
        0.259813389,
        0.260380793,
        0.260196005,
        0.25951929900000004,
        0.25970644200000004,
        0.259777495,
        0.260871366,
        0.259767534,
        0.25981540000000003,
        0.25997173300000004,
        0.260633161,
        0.259717867,
        0.259689514,
        0.259585255,
        0.26053291700000003,
        0.260034388,
        0.259501937,
        0.259739873,
        0.260377264,
        0.25983531200000004,
        0.25991708,
        0.25972104,
        0.25996087700000003,
        0.260208268,
        0.259747512
      ],
      "exit_codes": [
        0,
        0,
        0,
        0,
        0,
        0,
        0,
        0,
        0,
        0,
        0,
        0,
        0,
        0,
        0,
        0,
        0,
        0,
        0,
        0,
        0,
        0,
        0,
        0,
        0
      ]
    }
  ]
}
