{
  "results": [
    {
      "command": "./benchmark_boundschecks",
      "mean": 0.6328724834,
      "stddev": 0.006585422943499496,
      "median": 0.6306690620000001,
      "user": 0.6258358799999999,
      "system": 0.0015891199999999996,
      "min": 0.62921114,
      "max": 0.6520210670000001,
      "times": [
        0.62978149,
        0.630508963,
        0.631640697,
        0.6296633970000001,
        0.6301618750000001,
        0.6307011090000001,
        0.630073572,
        0.631186604,
        0.6309595370000001,
        0.63098789,
        0.651150511,
        0.6520210670000001,
        0.630290782,
        0.630603216,
        0.62921114,
        0.630422731,
        0.630876147,
        0.6473475360000001,
        0.6311811380000001,
        0.62957788,
        0.63099919,
        0.630520288,
        0.631284778,
        0.629991485,
        0.6306690620000001
      ],
      "exit_codes": [
        0,
        0,
        0,
        0,
        0,
        0,
        0,
        0,
        0,
        0,
        0,
        0,
        0,
        0,
        0,
        0,
        0,
        0,
        0,
        0,
        0,
        0,
        0,
        0,
        0
      ]
    }
  ]
}
