{
  "results": [
    {
      "command": "./benchmark_masking",
      "mean": 0.22967554064000006,
      "stddev": 0.0003188265877828283,
      "median": 0.229654037,
      "user": 0.22588107999999998,
      "system": 0.00158828,
      "min": 0.22915907100000002,
      "max": 0.23037241300000003,
      "times": [
        0.23023974100000003,
        0.22959263400000002,
        0.22965516700000002,
        0.229654037,
        0.229299196,
        0.22985766600000002,
        0.22942392900000003,
        0.229328314,
        0.23023515000000003,
        0.22915907100000002,
        0.22987501500000002,
        0.22938556400000001,
        0.229681394,
        0.22987505400000002,
        0.22939452600000002,
        0.23037241300000003,
        0.22986504800000002,
        0.22962874400000002,
        0.229582682,
        0.229225526,
        0.22947324600000002,
        0.230001756,
        0.229530858,
        0.22970887,
        0.229842915
      ],
      "exit_codes": [
        0,
        0,
        0,
        0,
        0,
        0,
        0,
        0,
        0,
        0,
        0,
        0,
        0,
        0,
        0,
        0,
        0,
        0,
        0,
        0,
        0,
        0,
        0,
        0,
        0
      ]
    }
  ]
}
