{
  "results": [
    {
      "command": "./benchmark_boundschecks",
      "mean": 1.06452121372,
      "stddev": 0.008912513330176251,
      "median": 1.066262327,
      "user": 1.0543673599999999,
      "system": 0.00127576,
      "min": 1.022143827,
      "max": 1.069180317,
      "times": [
        1.0664263840000001,
        1.067785566,
        1.022143827,
        1.067930139,
        1.066032332,
        1.065834497,
        1.066816178,
        1.06674311,
        1.067356217,
        1.06666117,
        1.065552068,
        1.064596476,
        1.065424631,
        1.066706807,
        1.063677995,
        1.069180317,
        1.067974025,
        1.065943988,
        1.066835755,
        1.065827952,
        1.066262327,
        1.065442294,
        1.0664228119999999,
        1.064461476,
        1.064992
      ],
      "exit_codes": [
        0,
        0,
        0,
        0,
        0,
        0,
        0,
        0,
        0,
        0,
        0,
        0,
        0,
        0,
        0,
        0,
        0,
        0,
        0,
        0,
        0,
        0,
        0,
        0,
        0
      ]
    }
  ]
}
