{
  "results": [
    {
      "command": "./benchmark_hfiemulate2",
      "mean": 0.010620350056737587,
      "stddev": 0.000022901884192255633,
      "median": 0.0106155415,
      "user": 0.009598127659574454,
      "system": 0.0009065425531914898,
      "min": 0.010581379,
      "max": 0.010766069000000001,
      "times": [
        0.010632289000000001,
        0.010656016,
        0.010607868000000001,
        0.010649014,
        0.010637932000000001,
        0.010766069000000001,
        0.010621195,
        0.010621971000000001,
        0.010660088,
        0.010581379,
        0.010605305,
        0.010626122,
        0.010611968000000001,
        0.010609846000000001,
        0.010622453,
        0.010637644,
        0.010620393,
        0.010619825000000001,
        0.010610448000000001,
        0.010606208,
        0.010614803,
        0.010600362,
        0.010595602,
        0.010682169,
        0.010628304,
        0.010617594000000001,
        0.010603897000000001,
        0.010608318,
        0.010605921,
        0.010617981,
        0.010630324,
        0.010619924000000001,
        0.010639736,
        0.010602987000000001,
        0.010609474,
        0.010626990000000001,
        0.010615538,
        0.010618095000000001,
        0.010644622000000001,
        0.010615901,
        0.010611178,
        0.0106123,
        0.010624088,
        0.010586476000000001,
        0.010609927,
        0.010671049,
        0.010612698,
        0.01061491,
        0.010584348,
        0.010632048,
        0.010626832000000001,
        0.010599694000000002,
        0.010619463,
        0.010673351000000001,
        0.010616591,
        0.010612556,
        0.010610279,
        0.010614660000000001,
        0.010618863000000001,
        0.010598334000000001,
        0.010656642000000001,
        0.010596320000000001,
        0.010619165,
        0.01061831,
        0.010600720000000001,
        0.010630746,
        0.010607446000000001,
        0.010620813000000002,
        0.010676297000000001,
        0.010629642,
        0.010606207000000001,
        0.010620058,
        0.010612364,
        0.010613198,
        0.010618996,
        0.010639041,
        0.0106082,
        0.010597164000000001,
        0.010612447,
        0.010639297,
        0.010623484,
        0.010617917000000001,
        0.010607440000000001,
        0.010669748000000001,
        0.010601947,
        0.010609987000000001,
        0.010608909000000001,
        0.010638633000000002,
        0.01060089,
        0.010620339000000001,
        0.010661328000000001,
        0.010627082000000001,
        0.010587768000000001,
        0.010607046,
        0.010646403,
        0.010609124000000001,
        0.010624313,
        0.010619613,
        0.01075654,
        0.010611658000000001,
        0.010597991000000001,
        0.010628784,
        0.010605454,
        0.010624950000000001,
        0.010620890000000001,
        0.010677465,
        0.010609842000000001,
        0.010599695000000001,
        0.010632357,
        0.01058883,
        0.010613277,
        0.010616774,
        0.010600568000000001,
        0.010663092,
        0.010620114,
        0.010629092000000001,
        0.010622266,
        0.010630777000000001,
        0.010605843,
        0.010603102000000001,
        0.010661712,
        0.010619208000000002,
        0.010606902000000001,
        0.010622257000000001,
        0.010602583,
        0.010611029000000001,
        0.010620806,
        0.010616743000000001,
        0.010647470000000001,
        0.010604658000000001,
        0.010621858000000001,
        0.010608536,
        0.010601106,
        0.010619033,
        0.010605609,
        0.010646105000000001,
        0.010619991,
        0.010603133,
        0.010613767000000001,
        0.010621132,
        0.010597542000000001,
        0.010628467,
        0.010623234,
        0.010658595,
        0.010617984,
        0.010610273,
        0.010603640000000001,
        0.010638631,
        0.010610888,
        0.010600634000000001,
        0.010668403,
        0.010607465,
        0.010608336000000001,
        0.010607466000000001,
        0.010603028,
        0.010620958000000002,
        0.010621787,
        0.010602531,
        0.01065748,
        0.010624538000000001,
        0.010622738000000001,
        0.010606524,
        0.010634274,
        0.010591675,
        0.010647561,
        0.010674928,
        0.010611603,
        0.010613381,
        0.010626449000000001,
        0.010603363000000001,
        0.010614762,
        0.010597263,
        0.010611450000000001,
        0.010661740000000001,
        0.010611305000000001,
        0.010625371000000002,
        0.010612306,
        0.010610926000000001,
        0.010616284,
        0.010603101,
        0.010627001,
        0.010615915,
        0.010606826000000001,
        0.010649991000000001,
        0.010618283000000001,
        0.010606223000000001,
        0.010609893,
        0.01062822,
        0.010657219,
        0.010613388000000001,
        0.010612421,
        0.010607512000000001,
        0.010706410000000001,
        0.010612176000000001,
        0.010611835,
        0.010641806,
        0.010636406000000001,
        0.010619189000000001,
        0.010633463000000001,
        0.010602549000000001,
        0.010603567000000001,
        0.010620171000000001,
        0.010611197000000001,
        0.010643701,
        0.010612914000000001,
        0.010609448,
        0.010619353000000002,
        0.010608416,
        0.010606329000000001,
        0.010603303000000001,
        0.010661865000000001,
        0.010605342,
        0.010601618,
        0.010600072,
        0.010616338000000001,
        0.010610598,
        0.010614787,
        0.010609003,
        0.010638278000000001,
        0.010602284,
        0.010618532,
        0.010609255000000001,
        0.0105967,
        0.010616510000000001,
        0.010584556,
        0.010676310000000001,
        0.010620034,
        0.010599038,
        0.010625123,
        0.010609106,
        0.010605408,
        0.010615545,
        0.010619823,
        0.010651693,
        0.010620374,
        0.01059997,
        0.010607487,
        0.010602031000000001,
        0.010624521000000001,
        0.010621323,
        0.010631568000000001,
        0.01061552,
        0.010603973000000001,
        0.010626606,
        0.010597026,
        0.010604297,
        0.010602470000000001,
        0.010619485000000001,
        0.010642106,
        0.010600051000000001,
        0.010626372,
        0.010605066,
        0.010604902000000001,
        0.010612282,
        0.010606976,
        0.010660914,
        0.010624009,
        0.010616248,
        0.010606425000000001,
        0.010624204,
        0.010621001000000001,
        0.010606572,
        0.010617885,
        0.010669360000000001,
        0.010601204000000001,
        0.010611136,
        0.01060585,
        0.010581764,
        0.010620793,
        0.01060403,
        0.010656231,
        0.010611266000000001,
        0.010598661,
        0.010601515,
        0.010620427,
        0.010617272,
        0.010607905,
        0.010621319,
        0.010649671000000001,
        0.010611074,
        0.010609731,
        0.010625753
      ],