{
  "results": [
    {
      "command": "./benchmark_boundschecks",
      "mean": 0.05281803469642858,
      "stddev": 0.00042172633958523475,
      "median": 0.052801427,
      "user": 0.05098662499999997,
      "system": 0.0012128749999999998,
      "min": 0.052257048,
      "max": 0.054936966000000004,
      "times": [
        0.052813904,
        0.052257048,
        0.052749073,
        0.052845156000000004,
        0.052321319000000005,
        0.052811281,
        0.053126495,
        0.052556561,
        0.052748648,
        0.053073739,
        0.052612914000000004,
        0.053045324000000005,
        0.052693962000000004,
        0.052612422000000006,
        0.052805505,
        0.052321134000000005,
        0.054936966000000004,
        0.053096555000000004,
        0.053125675000000004,
        0.052718726,
        0.052919924,
        0.052344792,
        0.052884935,
        0.052706907000000004,
        0.052287548,
        0.053299349,
        0.05281165,
        0.052607337000000004,
        0.053308669,
        0.052877648000000006,
        0.052268936,
        0.052651174,
        0.052893263,
        0.052387552000000004,
        0.052780104,
        0.053187733,
        0.052309257000000005,
        0.052913464,
        0.052639757,
        0.05259751,
        0.053554704,
        0.052844178000000006,
        0.052768589000000005,
        0.052850567,
        0.052581133,
        0.052622985000000004,
        0.053179615000000006,
        0.052817684000000004,
        0.052279097000000004,
        0.052861500000000006,
        0.053046895000000004,
        0.053177562000000005,
        0.052797349,
        0.053412075,
        0.052321479000000004,
        0.052744615
      ],
      "exit_codes": [
        0,
        0,
        0,
        0,
        0,
        0,
        0,
        0,
        0,
        0,
        0,
        0,
        0,
        0,
        0,
        0,
        0,
        0,
        0,
        0,
        0,
        0,
        0,
        0,
        0,
        0,
        0,
        0,
        0,
        0,
        0,
        0,
        0,
        0,
        0,
        0,
        0,
        0,
        0,
        0,
        0,
        0,
        0,
        0,
        0,
        0,
        0,
        0,
        0,
        0,
        0,
        0,
        0,
        0,
        0,
        0
      ]
    }
  ]
}
