{
  "results": [
    {
      "command": "./benchmark_boundschecks",
      "mean": 0.0063381854874476964,
      "stddev": 0.00013539800520372393,
      "median": 0.0062892665,
      "user": 0.00540862761506276,
      "system": 0.0007473912133891213,
      "min": 0.006199451000000001,
      "max": 0.006832881000000001,
      "times": [
        0.006272394000000001,
        0.006360143,
        0.006245376,
        0.0062723380000000006,
        0.006310675,
        0.006329094,
        0.006670143000000001,
        0.0062745330000000005,
        0.006229377,
        0.006329437,
        0.006269366,
        0.006262375000000001,
        0.006310832000000001,
        0.0063943640000000005,
        0.006299884,
        0.006621185000000001,
        0.006256496,
        0.006582075000000001,
        0.006218722,
        0.006313529,
        0.006282277,
        0.006206739,
        0.006300465000000001,
        0.006298042,
        0.0062754640000000006,
        0.006388911000000001,
        0.006638508,
        0.00657778,
        0.0062605130000000005,
        0.006235465000000001,
        0.006304174,
        0.006215748,
        0.006385236000000001,
        0.006248448,
        0.006244416,
        0.006300251000000001,
        0.006215328,
        0.006222023,
        0.0067722880000000004,
        0.006231423000000001,
        0.006551889,
        0.006202406000000001,
        0.006242779,
        0.006351395,
        0.006244078,
        0.006307071,
        0.00623502,
        0.006224456000000001,
        0.0063561550000000005,
        0.006595278,
        0.006287001,
        0.006661878,
        0.0062681920000000006,
        0.006303621000000001,
        0.006230711000000001,
        0.006280788000000001,
        0.006335224,
        0.006228687,
        0.006327924,
        0.006538255000000001,
        0.006254157000000001,
        0.006533344000000001,
        0.006301063,
        0.0063223490000000005,
        0.006307788000000001,
        0.0062422400000000005,
        0.006302809,
        0.006281387,
        0.006202424000000001,
        0.006316176000000001,
        0.006636690000000001,
        0.006550154000000001,
        0.0062781,
        0.006235376000000001,
        0.006292939,
        0.006230537,
        0.006292507,
        0.006627785000000001,
        0.006376034,
        0.006546496000000001,
        0.006228046,
        0.006263126000000001,
        0.006355686,
        0.006567163,
        0.00652956,
        0.006246761,
        0.006252861,
        0.0064229000000000005,
        0.006307512,
        0.006209811,
        0.0063069530000000006,
        0.006246888000000001,
        0.0063418070000000005,
        0.006516703,
        0.0062324830000000005,
        0.006523841000000001,
        0.006269034000000001,
        0.006334878,
        0.006223145,
        0.0062180510000000005,
        0.006435686,
        0.006332479,
        0.006243373,
        0.006806164000000001,
        0.006222834,
        0.0065475410000000005,
        0.0063176560000000005,
        0.006221161,
        0.006288839,
        0.006238398,
        0.006347935000000001,
        0.006262757000000001,
        0.006266427000000001,
        0.006396801000000001,
        0.00657526,
        0.006255278,
        0.006573909,
        0.006268875,
        0.006342035,
        0.006228609,
        0.006228875,
        0.006330185,
        0.00620489,
        0.0063524670000000005,
        0.006302561000000001,
        0.006576219,
        0.00665314,
        0.0062093930000000006,
        0.006257155,
        0.006359877000000001,
        0.006248259000000001,
        0.006335622000000001,
        0.006234309,
        0.006216822,
        0.00635853,
        0.0062492630000000006,
        0.0062999300000000005,
        0.006522936,
        0.006261055000000001,
        0.006543584000000001,
        0.006233383,
        0.006235752000000001,
        0.006289694,
        0.006280892000000001,
        0.006329479000000001,
        0.006234113,
        0.006266206000000001,
        0.006299179,
        0.006659564000000001,
        0.006518489000000001,
        0.006274776,
        0.0063288300000000006,
        0.006291047,
        0.0062747390000000005,
        0.0062075260000000005,
        0.006330223,
        0.0062296,
        0.006322313,
        0.006581185000000001,
        0.006272614,
        0.0065937750000000005,
        0.0062250610000000005,
        0.006292528,
        0.006272845,
        0.006228008,
        0.006327187000000001,
        0.006233926000000001,
        0.006287446,
        0.006338212,
        0.006648981,
        0.006565276,
        0.006247376000000001,
        0.006221625000000001,
        0.00668205,
        0.006240699000000001,
        0.006556040000000001,
        0.006314107,
        0.006247079,
        0.006298011,
        0.006622127,
        0.0062856330000000005,
        0.006559283000000001,
        0.006281391000000001,
        0.006323451000000001,
        0.006235097,
        0.00624696,
        0.006314605,
        0.006235391000000001,
        0.0063553740000000004,
        0.006213000000000001,
        0.006266341000000001,
        0.006335587,
        0.0065437360000000005,
        0.0062445600000000006,
        0.0065215640000000005,
        0.00630096,
        0.0063529960000000005,
        0.006250609000000001,
        0.006222257,
        0.006283231,
        0.00625671,
        0.006354721000000001,
        0.006664968,
        0.006272044,
        0.006521261,
        0.006300507,
        0.006266022,
        0.006316718000000001,
        0.006255612000000001,
        0.006307734000000001,
        0.006262051,
        0.006205701,
        0.006308916,
        0.006685796000000001,
        0.006250525000000001,
        0.0063653450000000006,
        0.006215705,
        0.006291586,
        0.006262073000000001,
        0.006230211,
        0.006340589000000001,
        0.006233778000000001,
        0.006285937,
        0.0062200860000000005,
        0.006568408,
        0.006538899000000001,
        0.006333101000000001,
        0.006256434000000001,
        0.006335327,
        0.006218878000000001,
        0.006328329000000001,
        0.006250670000000001,
        0.00621689,
        0.006335891000000001,
        0.006210241,
        0.006333555,
        0.006587581,
        0.006219199000000001,
        0.00661278,
        0.006280554000000001,
        0.006234476,
        0.006281934,
        0.006200828,
        0.0063543110000000005,
        0.006222737000000001,
        0.006217429,
        0.0062945480000000005,
        0.006625272000000001,
        0.0067053650000000005,
        0.006227657,
        0.006252922,
        0.006369834,
        0.006244128000000001,
        0.0062566110000000005,
        0.006281620000000001,
        0.006228803000000001,
        0.00632742,
        0.006638473000000001,
        0.0062849590000000006,
        0.006525769000000001,
        0.006260157000000001,
        0.006278419,
        0.006226331000000001,
        0.006297322,
        0.006295862,
        0.006268679,
        0.006227651000000001,
        0.006616528,
        0.00623952,
        0.006527631000000001,
        0.0063094380000000005,
        0.006257686,
        0.006448464,
        0.006249193,
        0.006286474,
        0.006252714,
        0.006305515,
        0.006300658000000001,
        0.006285518,
        0.006203429000000001,
        0.0066019730000000006,
        0.006293742000000001,
        0.006549287,
        0.006275264,
        0.006250442,
        0.006345257,
        0.006216163,
        0.006264533,
        0.006402177,
        0.006214058000000001,
        0.006313053000000001,
        0.006494992000000001,
        0.006240146,
        0.006562079,
        0.006219123,
        0.006337515,
        0.0062428580000000004,
        0.006259773000000001,
        0.0063386860000000005,
        0.006205782,
        0.006242111000000001,
        0.006600838,
