{
  "results": [
    {
      "command": "./benchmark_guardpage_asmmove",
      "mean": 0.6944997039199999,
      "stddev": 0.004208539325762479,
      "median": 0.693233219,
      "user": 0.6857256,
      "system": 0.0025843199999999993,
      "min": 0.6922762990000001,
      "max": 0.7075887310000001,
      "times": [
        0.694007404,
        0.7035100940000001,
        0.6937146070000001,
        0.7053613440000001,
        0.693233219,
        0.6934923590000001,
        0.693269498,
        0.692578314,
        0.6925532870000001,
        0.693313354,
        0.6925745630000001,
        0.6926635600000001,
        0.7075887310000001,
        0.693192338,
        0.692347997,
        0.6933134310000001,
        0.693303074,
        0.6922762990000001,
        0.6929108780000001,
        0.6927236600000001,
        0.692338114,
        0.693587614,
        0.6923554030000001,
        0.692981916,
        0.69330154
      ],
      "exit_codes": [
        0,
        0,
        0,
        0,
        0,
        0,
        0,
        0,
        0,
        0,
        0,
        0,
        0,
        0,
        0,
        0,
        0,
        0,
        0,
        0,
        0,
        0,
        0,
        0,
        0
      ]
    }
  ]
}
