{
  "results": [
    {
      "command": "./benchmark_hfiemulate2",
      "mean": 0.7056404831200002,
      "stddev": 0.0001982132480363104,
      "median": 0.705654145,
      "user": 0.7034166000000001,
      "system": 0.0017565200000000001,
      "min": 0.7052326520000001,
      "max": 0.706008274,
      "times": [
        0.7054722750000001,
        0.706008274,
        0.705751564,
        0.7053622420000001,
        0.705472109,
        0.705730048,
        0.705711591,
        0.705666998,
        0.705291553,
        0.7056340520000001,
        0.705669552,
        0.7054181780000001,
        0.705790334,
        0.7052326520000001,
        0.705740221,
        0.7057876240000001,
        0.7055206970000001,
        0.705599423,
        0.7055344360000001,
        0.705654145,
        0.7056477240000001,
        0.70595679,
        0.7055928890000001,
        0.705823242,
        0.705943465
      ],
      "exit_codes": [
        0,
        0,
        0,
        0,
        0,
        0,
        0,
        0,
        0,
        0,
        0,
        0,
        0,
        0,
        0,
        0,
        0,
        0,
        0,
        0,
        0,
        0,
        0,
        0,
        0
      ]
    }
  ]
}
