{
  "results": [
    {
      "command": "./benchmark_masking",
      "mean": 0.8837694922799999,
      "stddev": 0.0838665440342335,
      "median": 0.905992667,
      "user": 0.8753229599999999,
      "system": 0.00159056,
      "min": 0.49114884700000006,
      "max": 0.918824641,
      "times": [
        0.9121753490000001,
        0.913482628,
        0.9118799430000001,
        0.9121957070000001,
        0.886790382,
        0.874529392,
        0.918824641,
        0.918765793,
        0.916831053,
        0.907341833,
        0.9149695680000001,
        0.8761344400000001,
        0.9140101530000001,
        0.9137973810000001,
        0.897137014,
        0.872317071,
        0.49114884700000006,
        0.852451999,
        0.905992667,
        0.9043361740000001,
        0.862655766,
        0.9031983290000001,
        0.9064473350000001,
        0.9051314970000001,
        0.9016923450000001
      ],
      "exit_codes": [
        0,
        0,
        0,
        0,
        0,
        0,
        0,
        0,
        0,
        0,
        0,
        0,
        0,
        0,
        0,
        0,
        0,
        0,
        0,
        0,
        0,
        0,
        0,
        0,
        0
      ]
    }
  ]
}
