{
  "results": [
    {
      "command": "./benchmark_boundschecks",
      "mean": 0.26330065876000003,
      "stddev": 0.0003866413787495568,
      "median": 0.263262013,
      "user": 0.2596261999999999,
      "system": 0.0012724400000000003,
      "min": 0.262650521,
      "max": 0.26438268200000004,
      "times": [
        0.263580254,
        0.26319394500000004,
        0.26317943800000004,
        0.263457906,
        0.263477566,
        0.26338374800000003,
        0.26288600500000003,
        0.262829547,
        0.263777651,
        0.26306239400000003,
        0.263262013,
        0.26269544,
        0.26377309200000004,
        0.263105356,
        0.263015708,
        0.26337899200000003,
        0.26345488100000003,
        0.26361465,
        0.262650521,
        0.263673227,
        0.263380121,
        0.26438268200000004,
        0.262930839,
        0.263213796,
        0.263156697
      ],
      "exit_codes": [
        0,
        0,
        0,
        0,
        0,
        0,
        0,
        0,
        0,
        0,
        0,
        0,
        0,
        0,
        0,
        0,
        0,
        0,
        0,
        0,
        0,
        0,
        0,
        0,
        0
      ]
    }
  ]
}
