{
  "results": [
    {
      "command": "./benchmark_guardpage_asmmove",
      "mean": 3.0072512020800004,
      "stddev": 0.02556879589202382,
      "median": 3.011561327,
      "user": 2.980810359999999,
      "system": 0.00143396,
      "min": 2.9234180380000003,
      "max": 3.039822833,
      "times": [
        3.039822833,
        2.943672306,
        3.005363058,
        3.01557177,
        2.999090917,
        3.000964427,
        3.018104323,
        3.009688946,
        3.014359618,
        3.026849077,
        2.991586014,
        3.020128782,
        2.996619705,
        3.008343699,
        3.022133861,
        2.998861638,
        3.020381601,
        3.011561327,
        3.025265718,
        3.027036144,
        3.010505932,
        2.9234180380000003,
        3.023170528,
        3.033516594,
        2.995263196
      ],
      "exit_codes": [
        0,
        0,
        0,
        0,
        0,
        0,
        0,
        0,
        0,
        0,
        0,
        0,
        0,
        0,
        0,
        0,
        0,
        0,
        0,
        0,
        0,
        0,
        0,
        0,
        0
      ]
    }
  ]
}
