{
  "results": [
    {
      "command": "./benchmark_masking",
      "mean": 0.9250635061599999,
      "stddev": 0.011456467467628227,
      "median": 0.9273097520000001,
      "user": 0.90657888,
      "system": 0.01084884,
      "min": 0.8800219520000001,
      "max": 0.946234902,
      "times": [
        0.9245464280000001,
        0.9255998280000001,
        0.925603582,
        0.925442826,
        0.92527676,
        0.9264179690000001,
        0.924445217,
        0.8800219520000001,
        0.9276861000000001,
        0.9286896640000001,
        0.9251258290000001,
        0.925593718,
        0.9275862050000001,
        0.9285894830000001,
        0.9299035640000001,
        0.946234902,
        0.927726966,
        0.927950304,
        0.9290353560000001,
        0.929043582,
        0.9273097520000001,
        0.9262545240000001,
        0.930402444,
        0.9025823930000001,
        0.9295183060000001
      ],
      "exit_codes": [
        0,
        0,
        0,
        0,
        0,
        0,
        0,
        0,
        0,
        0,
        0,
        0,
        0,
        0,
        0,
        0,
        0,
        0,
        0,
        0,
        0,
        0,
        0,
        0,
        0
      ]
    }
  ]
}
