{
  "results": [
    {
      "command": "./benchmark_hfiemulate2",
      "mean": 0.04746768106349207,
      "stddev": 0.000055553306485280854,
      "median": 0.047464466000000004,
      "user": 0.04569606349206351,
      "system": 0.001627714285714286,
      "min": 0.047350678,
      "max": 0.047744888000000006,
      "times": [
        0.047522825000000005,
        0.047479206,
        0.047413867000000005,
        0.047480493000000006,
        0.047466788,
        0.047475523000000006,
        0.047459203000000005,
        0.047435499000000006,
        0.047497637,
        0.047436633000000006,
        0.047635344,
        0.047479393,
        0.047496351000000006,
        0.047477846000000004,
        0.047434524000000006,
        0.047491791000000005,
        0.047415141,
        0.047504228,
        0.047504115,
        0.047414387,
        0.047467449,
        0.047398607,
        0.047462955,
        0.047471364,
        0.047435377,
        0.047499455,
        0.047428082,
        0.047473557,
        0.047466652000000005,
        0.047429370000000005,
        0.047485474,
        0.047458395,
        0.047464466000000004,
        0.047544670000000004,
        0.047409995,
        0.047482515,
        0.047411016,
        0.04744518,
        0.047454698000000003,
        0.047439932000000004,
        0.047446304,
        0.047405206000000005,
        0.047493723,
        0.047409186000000006,
        0.047472598000000005,
        0.047518990000000004,
        0.047350678,
        0.047469077000000005,
        0.047448621,
        0.047447586,
        0.047486461,
        0.047440854000000005,
        0.047455084,
        0.047412094,
        0.047542341,
        0.047503786000000006,
        0.047421087,
        0.047512538,
        0.04745822,
        0.047744888000000006,
        0.047467294,
        0.047443662000000004,
        0.047463626
      ],
      "exit_codes": [
        0,
        0,
        0,
        0,
        0,
        0,
        0,
        0,
        0,
        0,
        0,
        0,
        0,
        0,
        0,
        0,
        0,
        0,
        0,
        0,
        0,
        0,
        0,
        0,
        0,
        0,
        0,
        0,
        0,
        0,
        0,
        0,
        0,
        0,
        0,
        0,
        0,
        0,
        0,
        0,
        0,
        0,
        0,
        0,
        0,
        0,
        0,
        0,
        0,
        0,
        0,
        0,
        0,
        0,
        0,
        0,
        0,
        0,
        0,
        0,
        0,
        0,
        0
      ]
    }
  ]
}
