{
  "results": [
    {
      "command": "./benchmark_guardpage",
      "mean": 0.2248765896000001,
      "stddev": 0.0003628892026029879,
      "median": 0.22480797700000002,
      "user": 0.22121499999999997,
      "system": 0.0015918,
      "min": 0.22429400400000002,
      "max": 0.225637638,
      "times": [
        0.22479832900000002,
        0.22480797700000002,
        0.224352502,
        0.22536840900000002,
        0.224743236,
        0.22499161,
        0.224629138,
        0.224663356,
        0.225403069,
        0.22472487900000002,
        0.224660307,
        0.224943676,
        0.22439736300000002,
        0.22528588500000002,
        0.224975587,
        0.224624771,
        0.225093868,
        0.22454820800000003,
        0.22501596000000001,
        0.22550087700000002,
        0.224883614,
        0.22449027000000002,
        0.225080207,
        0.22429400400000002,
        0.225637638
      ],
      "exit_codes": [
        0,
        0,
        0,
        0,
        0,
        0,
        0,
        0,
        0,
        0,
        0,
        0,
        0,
        0,
        0,
        0,
        0,
        0,
        0,
        0,
        0,
        0,
        0,
        0,
        0
      ]
    }
  ]
}
