{
  "results": [
    {
      "command": "./benchmark_segment",
      "mean": 0.046254434,
      "stddev": 0.0003426073926153336,
      "median": 0.046313143,
      "user": 0.04472931746031745,
      "system": 0.0009726031746031746,
      "min": 0.045757845000000005,
      "max": 0.047182247000000004,
      "times": [
        0.047182247000000004,
        0.045957822,
        0.046290343000000005,
        0.045846752000000005,
        0.046943973,
        0.046543519000000005,
        0.045757845000000005,
        0.046575962000000005,
        0.045909121000000004,
        0.046226662,
        0.046449047,
        0.046232333,
        0.046378192000000006,
        0.046090815,
        0.046470414,
        0.045816385,
        0.04702006,
        0.046079855,
        0.046347355,
        0.046526386,
        0.045882542000000005,
        0.046337317,
        0.046477678,
        0.046964193,
        0.046530727,
        0.045918741000000006,
        0.046509003,
        0.045874305000000004,
        0.046377979,
        0.045832398,
        0.04649673,
        0.046329417000000005,
        0.045888188,
        0.04645593,
        0.045815745000000005,
        0.046375798,
        0.045862735,
        0.046317942,
        0.046329076000000004,
        0.045964717,
        0.046394605000000005,
        0.045890911,
        0.04656115,
        0.045874205,
        0.046422197000000005,
        0.046298522,
        0.0458804,
        0.046214623,
        0.045963406000000005,
        0.046713808,
        0.046501970000000004,
        0.045893598,
        0.046313143,
        0.045897014,
        0.04676957,
        0.045875986,
        0.046205297000000006,
        0.046511765000000004,
        0.045903606,
        0.046495886,
        0.045891477,
        0.046458731,
        0.045911223
      ],
      "exit_codes": [
        0,
        0,
        0,
        0,
        0,
        0,
        0,
        0,
        0,
        0,
        0,
        0,
        0,
        0,
        0,
        0,
        0,
        0,
        0,
        0,
        0,
        0,
        0,
        0,
        0,
        0,
        0,
        0,
        0,
        0,
        0,
        0,
        0,
        0,
        0,
        0,
        0,
        0,
        0,
        0,
        0,
        0,
        0,
        0,
        0,
        0,
        0,
        0,
        0,
        0,
        0,
        0,
        0,
        0,
        0,
        0,
        0,
        0,
        0,
        0,
        0,
        0,
        0
      ]
    }
  ]
}
