{
  "results": [
    {
      "command": "./benchmark_segment",
      "mean": 0.8299421374399999,
      "stddev": 0.01332011635101117,
      "median": 0.832252741,
      "user": 0.82107156,
      "system": 0.00190776,
      "min": 0.7661575340000001,
      "max": 0.83439569,
      "times": [
        0.8341323660000001,
        0.8338669860000001,
        0.8320311010000001,
        0.834067054,
        0.8321549260000001,
        0.83439569,
        0.8326554860000001,
        0.8340493720000001,
        0.8324153470000001,
        0.8317143720000001,
        0.8334348610000001,
        0.7661575340000001,
        0.832163152,
        0.831836978,
        0.830981438,
        0.8329473660000001,
        0.832157326,
        0.8327063140000001,
        0.832252741,
        0.8324667710000001,
        0.831777132,
        0.831580092,
        0.8318165940000001,
        0.8319102570000001,
        0.83288218
      ],
      "exit_codes": [
        0,
        0,
        0,
        0,
        0,
        0,
        0,
        0,
        0,
        0,
        0,
        0,
        0,
        0,
        0,
        0,
        0,
        0,
        0,
        0,
        0,
        0,
        0,
        0,
        0
      ]
    }
  ]
}
