{
  "results": [
    {
      "command": "./benchmark_guardpage",
      "mean": 0.050439744525423734,
      "stddev": 0.000407763134496899,
      "median": 0.050434197,
      "user": 0.048960372881355935,
      "system": 0.0009089661016949152,
      "min": 0.049918142000000006,
      "max": 0.052201488000000004,
      "times": [
        0.050537766000000005,
        0.052201488000000004,
        0.050820872,
        0.050437149,
        0.050282586000000004,
        0.050412662000000004,
        0.050054719000000004,
        0.050414480000000005,
        0.050549347,
        0.050083219000000005,
        0.050556363,
        0.050267649000000005,
        0.050257568,
        0.050470578,
        0.050096872,
        0.050422451,
        0.050523129,
        0.050123655,
        0.050482931,
        0.050656544000000005,
        0.050506569,
        0.050663928000000004,
        0.049982555000000005,
        0.050068867,
        0.050597788000000005,
        0.049918142000000006,
        0.050365716000000005,
        0.050534746000000005,
        0.049997757000000004,
        0.050350898000000005,
        0.049938361,
        0.050358864,
        0.050815336,
        0.050145417000000005,
        0.050543666,
        0.050911427,
        0.049933054000000004,
        0.050461291000000005,
        0.049999497000000004,
        0.051467866,
        0.050434197,
        0.04996466,
        0.050804896,
        0.050373373000000006,
        0.050575538,
        0.050543983,
        0.050697279000000005,
        0.049933713000000005,
        0.050462208,
        0.050319735000000004,
        0.05009311,
        0.050724689,
        0.049942139,
        0.050499649,
        0.050611221000000005,
        0.049969294000000004,
        0.050390762000000006,
        0.051194741,
        0.051195967
      ],
      "exit_codes": [
        0,
        0,
        0,
        0,
        0,
        0,
        0,
        0,
        0,
        0,
        0,
        0,
        0,
        0,
        0,
        0,
        0,
        0,
        0,
        0,
        0,
        0,
        0,
        0,
        0,
        0,
        0,
        0,
        0,
        0,
        0,
        0,
        0,
        0,
        0,
        0,
        0,
        0,
        0,
        0,
        0,
        0,
        0,
        0,
        0,
        0,
        0,
        0,
        0,
        0,
        0,
        0,
        0,
        0,
        0,
        0,
        0,
        0,
        0
      ]
    }
  ]
}
