{
  "results": [
    {
      "command": "./benchmark_guardpage",
      "mean": 3.16973060972,
      "stddev": 0.025142719588529053,
      "median": 3.180606593,
      "user": 3.137862959999999,
      "system": 0.005925719999999999,
      "min": 3.107626232,
      "max": 3.196146108,
      "times": [
        3.185415618,
        3.140357516,
        3.1648721650000002,
        3.186180854,
        3.130773753,
        3.180606593,
        3.134334883,
        3.19097971,
        3.1728079510000002,
        3.117079891,
        3.183563265,
        3.164428603,
        3.191424674,
        3.159842879,
        3.191487629,
        3.192687691,
        3.185575588,
        3.188924936,
        3.183233409,
        3.177741032,
        3.196146108,
        3.161228866,
        3.167254422,
        3.188690975,
        3.107626232
      ],
      "exit_codes": [
        0,
        0,
        0,
        0,
        0,
        0,
        0,
        0,
        0,
        0,
        0,
        0,
        0,
        0,
        0,
        0,
        0,
        0,
        0,
        0,
        0,
        0,
        0,
        0,
        0
      ]
    }
  ]
}
