{
  "results": [
    {
      "command": "./benchmark_segment",
      "mean": 0.07828264994736844,
      "stddev": 0.0001552491309147364,
      "median": 0.07824631300000001,
      "user": 0.07650123684210522,
      "system": 0.0009275263157894737,
      "min": 0.078126918,
      "max": 0.07886391300000001,
      "times": [
        0.078309664,
        0.078303493,
        0.078223069,
        0.07822886300000001,
        0.078271857,
        0.078174641,
        0.078318498,
        0.07826055900000001,
        0.078182126,
        0.07838898400000001,
        0.078290802,
        0.07840427500000001,
        0.07860415200000001,
        0.07834980500000001,
        0.0783834,
        0.07817039,
        0.07820616200000001,
        0.078256792,
        0.078191878,
        0.07820208000000001,
        0.07886391300000001,
        0.078249962,
        0.07823893700000001,
        0.07823658600000001,
        0.078176786,
        0.078139437,
        0.078188749,
        0.078263594,
        0.07816582400000001,
        0.078253372,
        0.078305318,
        0.078126918,
        0.07817204600000001,
        0.078171288,
        0.078242664,
        0.0787422,
        0.078336765,
        0.078144849
      ],
      "exit_codes": [
        0,
        0,
        0,
        0,
        0,
        0,
        0,
        0,
        0,
        0,
        0,
        0,
        0,
        0,
        0,
        0,
        0,
        0,
        0,
        0,
        0,
        0,
        0,
        0,
        0,
        0,
        0,
        0,
        0,
        0,
        0,
        0,
        0,
        0,
        0,
        0,
        0,
        0
      ]
    }
  ]
}
