{
  "results": [
    {
      "command": "./benchmark_segment",
      "mean": 0.21198157712000004,
      "stddev": 0.003055008945001748,
      "median": 0.212084991,
      "user": 0.20863099999999996,
      "system": 0.00127092,
      "min": 0.198104453,
      "max": 0.214702624,
      "times": [
        0.214631179,
        0.211726024,
        0.21388842300000002,
        0.21177462400000002,
        0.211737371,
        0.21272834200000001,
        0.213575168,
        0.21159682600000002,
        0.214702624,
        0.21368104400000001,
        0.211445288,
        0.212245295,
        0.21251740700000002,
        0.2114096,
        0.21192644100000002,
        0.211724614,
        0.21202478900000002,
        0.198104453,
        0.212020974,
        0.212075653,
        0.212210734,
        0.213984421,
        0.212424839,
        0.212084991,
        0.21329830400000002
      ],
      "exit_codes": [
        0,
        0,
        0,
        0,
        0,
        0,
        0,
        0,
        0,
        0,
        0,
        0,
        0,
        0,
        0,
        0,
        0,
        0,
        0,
        0,
        0,
        0,
        0,
        0,
        0
      ]
    }
  ]
}
