{
  "results": [
    {
      "command": "./benchmark_guardpage",
      "mean": 0.26038189876,
      "stddev": 0.0002729717818878425,
      "median": 0.260357071,
      "user": 0.25670936,
      "system": 0.001275,
      "min": 0.259898624,
      "max": 0.26110985600000003,
      "times": [
        0.260231056,
        0.260533199,
        0.260498589,
        0.26050109600000004,
        0.260247913,
        0.26110985600000003,
        0.260357071,
        0.260065522,
        0.260415671,
        0.2604712,
        0.260753139,
        0.260109871,
        0.260637369,
        0.260345885,
        0.260268212,
        0.26044716100000004,
        0.260013517,
        0.260901322,
        0.260400175,
        0.260396238,
        0.260250089,
        0.26026197500000003,
        0.26034945800000003,
        0.260083261,
        0.259898624
      ],
      "exit_codes": [
        0,
        0,
        0,
        0,
        0,
        0,
        0,
        0,
        0,
        0,
        0,
        0,
        0,
        0,
        0,
        0,
        0,
        0,
        0,
        0,
        0,
        0,
        0,
        0,
        0
      ]
    }
  ]
}
