{
  "results": [
    {
      "command": "./benchmark_segment",
      "mean": 0.50433291216,
      "stddev": 0.0008339853418686139,
      "median": 0.50446828,
      "user": 0.49856987999999997,
      "system": 0.0012871599999999999,
      "min": 0.5025480210000001,
      "max": 0.5059839070000001,
      "times": [
        0.504164008,
        0.504962574,
        0.504510556,
        0.505208357,
        0.504253504,
        0.504993291,
        0.5040489960000001,
        0.503977706,
        0.504440509,
        0.504593737,
        0.505077886,
        0.5059839070000001,
        0.502844731,
        0.5025480210000001,
        0.5034970510000001,
        0.504540799,
        0.505107081,
        0.50420617,
        0.503867232,
        0.5046216720000001,
        0.5048586820000001,
        0.50446828,
        0.502549808,
        0.505159698,
        0.503838548
      ],
      "exit_codes": [
        0,
        0,
        0,
        0,
        0,
        0,
        0,
        0,
        0,
        0,
        0,
        0,
        0,
        0,
        0,
        0,
        0,
        0,
        0,
        0,
        0,
        0,
        0,
        0,
        0
      ]
    }
  ]
}
