{
  "results": [
    {
      "command": "./benchmark_segment",
      "mean": 0.45729396408,
      "stddev": 0.003685548547447172,
      "median": 0.458055926,
      "user": 0.4525756000000001,
      "system": 0.00079432,
      "min": 0.43965531700000005,
      "max": 0.45856788200000004,
      "times": [
        0.45847761200000003,
        0.45775748600000005,
        0.458055926,
        0.458114324,
        0.45805792300000003,
        0.457742535,
        0.458260671,
        0.458399857,
        0.458053957,
        0.458264908,
        0.45814628,
        0.45814776300000004,
        0.43965531700000005,
        0.457997572,
        0.45815077200000004,
        0.457258457,
        0.458158873,
        0.458066228,
        0.45757902800000005,
        0.457935046,
        0.45805582300000003,
        0.45781490700000005,
        0.45786116600000004,
        0.457768789,
        0.45856788200000004
      ],
      "exit_codes": [
        0,
        0,
        0,
        0,
        0,
        0,
        0,
        0,
        0,
        0,
        0,
        0,
        0,
        0,
        0,
        0,
        0,
        0,
        0,
        0,
        0,
        0,
        0,
        0,
        0
      ]
    }
  ]
}
