{
  "results": [
    {
      "command": "./benchmark_segment",
      "mean": 3.128079174999999,
      "stddev": 0.01616404616550563,
      "median": 3.129992781,
      "user": 3.0934345200000006,
      "system": 0.009440239999999997,
      "min": 3.083352698,
      "max": 3.147716596,
      "times": [
        3.121675064,
        3.112846861,
        3.083352698,
        3.1250329,
        3.143372508,
        3.138369207,
        3.132095902,
        3.147716596,
        3.140500263,
        3.145196756,
        3.123691868,
        3.143705195,
        3.129992781,
        3.136809901,
        3.12444497,
        3.120310811,
        3.119519813,
        3.13706703,
        3.130808909,
        3.141516614,
        3.146892093,
        3.088531323,
        3.117721186,
        3.124880178,
        3.125927948
      ],
      "exit_codes": [
        0,
        0,
        0,
        0,
        0,
        0,
        0,
        0,
        0,
        0,
        0,
        0,
        0,
        0,
        0,
        0,
        0,
        0,
        0,
        0,
        0,
        0,
        0,
        0,
        0
      ]
    }
  ]
}
