{
  "results": [
    {
      "command": "./benchmark_guardpage",
      "mean": 0.49680620160000005,
      "stddev": 0.00041879187066588564,
      "median": 0.496662939,
      "user": 0.4909589199999999,
      "system": 0.0015875999999999998,
      "min": 0.49592052600000003,
      "max": 0.497879412,
      "times": [
        0.496472785,
        0.49713011700000004,
        0.497425661,
        0.496570192,
        0.497252572,
        0.49645321600000003,
        0.497879412,
        0.49659523800000005,
        0.4966323,
        0.496662939,
        0.496968811,
        0.49658201500000004,
        0.49697452700000005,
        0.49662233000000006,
        0.49615303000000005,
        0.496553497,
        0.49592052600000003,
        0.49717474100000003,
        0.496933414,
        0.49682491100000004,
        0.496538829,
        0.496614035,
        0.49729414200000005,
        0.49686008800000003,
        0.49706571200000005
      ],
      "exit_codes": [
        0,
        0,
        0,
        0,
        0,
        0,
        0,
        0,
        0,
        0,
        0,
        0,
        0,
        0,
        0,
        0,
        0,
        0,
        0,
        0,
        0,
        0,
        0,
        0,
        0
      ]
    }
  ]
}
