{
  "results": [
    {
      "command": "./benchmark_guardpage",
      "mean": 0.7657774812400001,
      "stddev": 0.14370430191656317,
      "median": 0.8258454700000001,
      "user": 0.7578544400000001,
      "system": 0.00159588,
      "min": 0.43108732600000005,
      "max": 0.841660398,
      "times": [
        0.47803767100000005,
        0.43108732600000005,
        0.43307684900000004,
        0.43634204600000004,
        0.801148419,
        0.8282823880000001,
        0.841660398,
        0.8294357160000001,
        0.8255947130000001,
        0.8229789660000001,
        0.831894173,
        0.833387096,
        0.829147057,
        0.8245236250000001,
        0.8258454700000001,
        0.8304003230000001,
        0.788270686,
        0.824495339,
        0.824436283,
        0.829396432,
        0.823391113,
        0.836654266,
        0.8360173630000001,
        0.838405535,
        0.840527778
      ],
      "exit_codes": [
        0,
        0,
        0,
        0,
        0,
        0,
        0,
        0,
        0,
        0,
        0,
        0,
        0,
        0,
        0,
        0,
        0,
        0,
        0,
        0,
        0,
        0,
        0,
        0,
        0
      ]
    }
  ]
}
