{
  "results": [
    {
      "command": "./benchmark_guardpage",
      "mean": 0.76490476448,
      "stddev": 0.003970689721099036,
      "median": 0.763206778,
      "user": 0.7516181599999999,
      "system": 0.006707679999999999,
      "min": 0.76263495,
      "max": 0.7743789430000001,
      "times": [
        0.763935495,
        0.762698831,
        0.7640147260000001,
        0.76286049,
        0.763953396,
        0.762997256,
        0.7742543310000001,
        0.7627322280000001,
        0.7633983270000001,
        0.762931592,
        0.763239962,
        0.763202467,
        0.7631290390000001,
        0.7728775320000001,
        0.762807655,
        0.763920829,
        0.7631480300000001,
        0.763206778,
        0.762957848,
        0.763043943,
        0.76263495,
        0.7743789430000001,
        0.763499307,
        0.773521663,
        0.763273494
      ],
      "exit_codes": [
        0,
        0,
        0,
        0,
        0,
        0,
        0,
        0,
        0,
        0,
        0,
        0,
        0,
        0,
        0,
        0,
        0,
        0,
        0,
        0,
        0,
        0,
        0,
        0,
        0
      ]
    }
  ]
}
