{
  "results": [
    {
      "command": "./benchmark_segment",
      "mean": 0.010588700678445239,
      "stddev": 0.0004729743032655633,
      "median": 0.010566194000000001,
      "user": 0.00945380565371025,
      "system": 0.000918505300353357,
      "min": 0.00584069,
      "max": 0.011255082000000001,
      "times": [
        0.010600145,
        0.010727902000000001,
        0.00584069,
        0.006443006,
        0.007589889000000001,
        0.008618921,
        0.010298515000000001,
        0.010585525,
        0.010578024,
        0.010614725,
        0.010889384,
        0.010508335,
        0.010810116,
        0.010496193000000001,
        0.010557644000000001,
        0.010554902000000001,
        0.010528771000000001,
        0.010614026,
        0.011124752,
        0.010507605000000001,
        0.01057957,
        0.010566882000000001,
        0.010500160000000001,
        0.010560068,
        0.010871032000000001,
        0.010864581,
        0.010552304,
        0.010470666,
        0.010577214000000001,
        0.010571422,
        0.010488538,
        0.010588145,
        0.011085967,
        0.010488763,
        0.010577796,
        0.010572063000000001,
        0.010494016,
        0.010541137,
        0.010922697,
        0.010884309,
        0.010587787000000001,
        0.010471579,
        0.010550190000000001,
        0.010583711,
        0.010496723000000001,
        0.010878812,
        0.010864498,
        0.010555408,
        0.010550478,
        0.010581477,
        0.010507109,
        0.010560545000000001,
        0.010798720000000001,
        0.010808761,
        0.010610478000000001,
        0.010529710000000001,
        0.010559433,
        0.010562194,
        0.010500824,
        0.010573163,
        0.011108501000000002,
        0.010518536,
        0.010600439000000001,
        0.010560645,
        0.010494910000000001,
        0.010563688,
        0.010894264,
        0.010812219000000001,
        0.01058709,
        0.01061595,
        0.010574765,
        0.010568126,
        0.010461385,
        0.0105523,
        0.011113955,
        0.010507689,
        0.010567882,
        0.010643132000000001,
        0.010481506,
        0.010550984000000001,
        0.010849663,
        0.010809049000000001,
        0.01059615,
        0.010491478,
        0.010640329,
        0.010535346000000001,
        0.010489697000000001,
        0.011144334,
        0.010574494,
        0.010511850000000001,
        0.010570133,
        0.010486082,
        0.010623436,
        0.010897213000000001,
        0.010518492,
        0.010818928,
        0.010557671000000001,
        0.010477499000000001,
        0.010579469000000001,
        0.010577388,
        0.010488413,
        0.011255082000000001,
        0.010584874000000001,
        0.010478642,
        0.010563661,
        0.010501167,
        0.010560248000000001,
        0.01095782,
        0.010521918,
        0.010826727000000001,
        0.010558599,
        0.010501958,
        0.010539599,
        0.010570900000000001,
        0.010567458,
        0.011225547,
        0.010564676,
        0.010498955,
        0.010555584,
        0.010475499000000001,
        0.010565330000000001,
        0.010960293000000001,
        0.010558566,
        0.010827484,
        0.010571705,
        0.010472671000000001,
        0.010587032000000001,
        0.010560588000000001,
        0.010493147000000001,
        0.011086658000000001,
        0.010624325,
        0.010505780000000001,
        0.010570113,
        0.010494567000000002,
        0.010572377,
        0.010997345,
        0.010514576000000001,
        0.010952843,
        0.010613549,
        0.010494186,
        0.010557036,
        0.010589829,
        0.010500464000000001,
        0.011087062,
        0.010630720000000001,
        0.010501627000000001,
        0.010571788,
        0.010469947,
        0.010573807000000001,
        0.01096891,
        0.010523581,
        0.010783471000000001,
        0.010586466000000001,
        0.010497962000000001,
        0.010596368,
        0.010564814,
        0.010507644,
        0.011059621,
        0.010547394,
        0.010537951,
        0.010577146,
        0.010495866000000001,
        0.010594205,
        0.010959059,
        0.01049663,
        0.010795129,
        0.010593092,
        0.010549359000000001,
        0.010576945,
        0.010552395000000001,
        0.010525387,
        0.011120498000000001,
        0.010493611,
        0.010575051,
        0.010661909,
        0.010471031,
        0.010587994,
        0.011060172,
        0.010543351000000001,
        0.010578983,
        0.010574202000000001,
        0.010503434,
        0.010605528000000001,
        0.011101921,
        0.010508245000000001,
        0.010552131000000001,
        0.010505450000000001,
        0.010561547000000001,
        0.010576976,
        0.010547129,
        0.010558961,
        0.011089894000000001,
        0.010553743,
        0.010548091,
        0.010579487,
        0.010487446000000001,
        0.010572429000000001,
        0.011212233,
        0.010521458000000001,
        0.010566194000000001,
        0.01048543,
        0.010567350000000001,
        0.010551334,
        0.010472341000000001,
        0.010617874000000001,
        0.011020116,
        0.010517180000000001,
        0.010586048,
        0.01055324,
        0.010477678,
        0.010565374,
        0.011162573,
        0.010541414,
        0.010575239,
        0.010746987000000001,
        0.010830898,
        0.01055856,
        0.010776484000000001,
        0.010912884000000001,
        0.010620947,
        0.010497248,
        0.010561802,
        0.010554205,
        0.010495850000000001,
        0.010563028,
        0.011238036,
        0.010566881,
        0.010571724000000001,
        0.010497485,
        0.010561333000000001,
        0.010553798000000001,
        0.010497193,
        0.010558935,
        0.011085276000000002,
        0.0105711,
        0.010559247,
        0.010555455,
        0.010515759000000001,
        0.010544142000000001,
        0.011133229000000001,
        0.010526983,
        0.01058735,
        0.010523244000000001,
        0.010577565,
        0.010575900000000001,
        0.010496951000000001,
        0.010560724,
        0.011056246,
        0.010507483000000001,
        0.010646071,
        0.010562452,
        0.0104981,
        0.010547862,
        0.010876883,
        0.011049327000000001,
        0.010664992,
        0.010560662,
        0.010564841,
        0.010573413,
        0.010508593,
        0.010558384,
        0.011186287000000001,
        0.010509825,
        0.010576682,
        0.010607809000000001,
        0.010477984000000001,
        0.010561254,
        0.010759433,
        0.010576681000000001,
        0.010876109,
        0.010485339000000002,
        0.010860568000000001,
        0.010570838,
        0.010766556,
        0.010808655,
        0.010617739000000001,
        0.010533956,
        0.010556024,
        0.010572711,
        0.010527306,
        0.010936445000000001,
        0.01092906,
        0.010543425
      ],