{
  "results": [
    {
      "command": "./benchmark_guardpage",
      "mean": 0.6403382797600001,
      "stddev": 0.006108876468638036,
      "median": 0.63842927,
      "user": 0.6310995200000001,
      "system": 0.0038138,
      "min": 0.6364032470000001,
      "max": 0.657490376,
      "times": [
        0.638834189,
        0.63842927,
        0.640596002,
        0.6384846630000001,
        0.6373423570000001,
        0.6390633720000001,
        0.6387102100000001,
        0.6379323680000001,
        0.637539717,
        0.6394229650000001,
        0.6383804590000001,
        0.657490376,
        0.639013465,
        0.6364112110000001,
        0.6366675430000001,
        0.638356083,
        0.6386259590000001,
        0.636806411,
        0.637388462,
        0.656681034,
        0.6380152990000001,
        0.639695315,
        0.637498295,
        0.654668722,
        0.6364032470000001
      ],
      "exit_codes": [
        0,
        0,
        0,
        0,
        0,
        0,
        0,
        0,
        0,
        0,
        0,
        0,
        0,
        0,
        0,
        0,
        0,
        0,
        0,
        0,
        0,
        0,
        0,
        0,
        0
      ]
    }
  ]
}
