{
  "results": [
    {
      "command": "./benchmark_guardpage",
      "mean": 0.08741774142424245,
      "stddev": 0.007219664493026941,
      "median": 0.08926774600000001,
      "user": 0.08545254545454543,
      "system": 0.0010916363636363636,
      "min": 0.05154803,
      "max": 0.08981926500000001,
      "times": [
        0.08934322600000001,
        0.08936661300000001,
        0.08925537500000001,
        0.08919589900000001,
        0.08981926500000001,
        0.08918424900000001,
        0.08918022,
        0.089288059,
        0.08923172600000001,
        0.08979980500000001,
        0.08920261900000001,
        0.08935334900000001,
        0.089310951,
        0.089705042,
        0.089162589,
        0.089407155,
        0.08926774600000001,
        0.089404379,
        0.082599474,
        0.05154803,
        0.08822732200000001,
        0.089166381,
        0.089320149,
        0.071618846,
        0.089483924,
        0.089309369,
        0.089321146,
        0.089504577,
        0.089500389,
        0.08917464300000001,
        0.08918411700000001,
        0.08920607200000001,
        0.089142761
      ],
      "exit_codes": [
        0,
        0,
        0,
        0,
        0,
        0,
        0,
        0,
        0,
        0,
        0,
        0,
        0,
        0,
        0,
        0,
        0,
        0,
        0,
        0,
        0,
        0,
        0,
        0,
        0,
        0,
        0,
        0,
        0,
        0,
        0,
        0,
        0
      ]
    }
  ]
}
