{
  "results": [
    {
      "command": "./benchmark_guardpage",
      "mean": 0.010714862591911768,
      "stddev": 0.00014347528581163218,
      "median": 0.010653659000000001,
      "user": 0.009641069852941176,
      "system": 0.0008626066176470587,
      "min": 0.010540785,
      "max": 0.011092908,
      "times": [
        0.010991759,
        0.010690502000000001,
        0.010895772000000001,
        0.010565157,
        0.010650098,
        0.01057519,
        0.010661263,
        0.010697189000000001,
        0.010628183000000001,
        0.010987758,
        0.01089205,
        0.01057514,
        0.010627497000000001,
        0.010659350000000001,
        0.010553482000000001,
        0.010675604,
        0.010653599000000001,
        0.01096917,
        0.010881411,
        0.010637812,
        0.010579369,
        0.010633922,
        0.010540785,
        0.011043540000000001,
        0.010923028000000001,
        0.010615169,
        0.010686691,
        0.010633207,
        0.010554898,
        0.010721228000000001,
        0.010690736000000001,
        0.010851358,
        0.010887067,
        0.010645448,
        0.010564186000000001,
        0.010621647000000001,
        0.010644374,
        0.01095051,
        0.010889870000000001,
        0.010574862,
        0.010652485000000001,
        0.010645472000000001,
        0.010650095,
        0.011090894,
        0.010905288,
        0.010602766000000001,
        0.010673573,
        0.01064526,
        0.010563702000000001,
        0.01065457,
        0.010659609,
        0.010935535000000001,
        0.010931189000000001,
        0.010642531,
        0.010570932,
        0.010628585000000001,
        0.010574808000000002,
        0.010640557,
        0.010650228000000001,
        0.010854133,
        0.010959777,
        0.010629698,
        0.010590048000000001,
        0.010649408,
        0.010645722,
        0.010918346,
        0.010929921,
        0.010792086000000001,
        0.010551784,
        0.010650704,
        0.010663551,
        0.010586842,
        0.010670519,
        0.010859143,
        0.010875992000000001,
        0.010717497000000001,
        0.010566276000000001,
        0.010684762,
        0.010641817000000001,
        0.010896022,
        0.010907098,
        0.010640604000000001,
        0.010634897,
        0.010654895000000001,
        0.0106525,
        0.010557313,
        0.010984768,
        0.010878984000000001,
        0.010588706,
        0.0106379,
        0.010632846000000001,
        0.010634602,
        0.010640428,
        0.010919199000000001,
        0.0108825,
        0.010657708,
        0.010586772000000001,
        0.010686022,
        0.010658896000000001,
        0.010905038,
        0.01089731,
        0.010656939,
        0.010588784,
        0.010627310000000001,
        0.010669376000000001,
        0.010581218,
        0.010652393000000001,
        0.010882129,
        0.010888967000000001,
        0.010628875000000001,
        0.010577596,
        0.01066046,
        0.010699597,
        0.010887313000000001,
        0.010981907,
        0.010648189,
        0.010584305,
        0.010727879000000001,
        0.010645403000000001,
        0.01062303,
        0.01097035,
        0.010840025000000001,
        0.010583981000000001,
        0.010619497,
        0.010584201000000001,
        0.010659036,
        0.010636254000000001,
        0.010950913000000001,
        0.010900052,
        0.010660327,
        0.010596498000000001,
        0.010668110000000001,
        0.010637367,
        0.010567592,
        0.011000138000000001,
        0.010929819,
        0.010589758000000001,
        0.010629606000000002,
        0.010568471000000001,
        0.010631969000000002,
        0.010645959,
        0.010928008000000001,
        0.010936197,
        0.010664660000000001,
        0.010583705,
        0.010627883000000001,
        0.010653719,
        0.01055582,
        0.011059546,
        0.011056581000000001,
        0.010585195,
        0.010681616000000001,
        0.010653769,
        0.010558678,
        0.010636374,
        0.010920052000000001,
        0.010704606,
        0.010647468,
        0.010599002000000001,
        0.010639452,
        0.010631563,
        0.010569826000000001,
        0.01101301,
        0.010888871000000001,
        0.010624804,
        0.010667394,
        0.010643674,
        0.010568905,
        0.010628791,
        0.010655933000000001,
        0.010900884000000001,
        0.010933038,
        0.010571055000000001,
        0.010652037000000001,
        0.010636413,
        0.010578169,
        0.011092908,
        0.010911788,
        0.010563195000000001,
        0.010706137000000001,
        0.01064229,
        0.010583027,
        0.010636546,
        0.010622178000000001,
        0.010856611,
        0.010959808000000001,
        0.010703546000000001,
        0.010596484000000001,
        0.010668545000000001,
        0.010547749,
        0.011015393,
        0.010895390000000001,
        0.010561849,
        0.010658293000000001,
        0.010714816,
        0.010569853,
        0.01062778,
        0.010667769,
        0.010846079000000002,
        0.010860336,
        0.010664565,
        0.01062978,
        0.010624739000000001,
        0.010671911000000001,
        0.010928444,
        0.010864921000000001,
        0.010586793,
        0.010694945,
        0.010690798000000001,
        0.010558747,
        0.010963943,
        0.010918480000000001,
        0.010576041000000001,
        0.010649169,
        0.010647777,
        0.010580067,
        0.010705974,
        0.010655449,
        0.010870927,
        0.010888029,
        0.010646992000000001,
        0.010582478000000001,
        0.010650434,
        0.010600795000000001,
        0.011001199000000001,
        0.010881994,
        0.010581633,
        0.010661613,
        0.010688176,
        0.010552939,
        0.010645871000000001,
        0.010697868000000001,
        0.010898923000000001,
        0.010901642000000001,
        0.010659011000000001,
        0.010590405,
        0.010661807,
        0.010626069,
        0.010985100000000001,
        0.011039753000000001,
        0.010567913,
        0.010626078,
        0.010659761,
        0.010557065000000001,
        0.010636296,
        0.010627978000000001,
        0.010933936,
        0.010897190000000001,
        0.010639562,
        0.010566561,
        0.010651088000000001,
        0.010654160000000001,
        0.010943728000000002,
        0.010929644,
        0.010672209,
        0.010575933000000001,
        0.010639850000000001,
        0.010590898000000001,
        0.010669784,
        0.010639369000000001,
        0.011010367,
        0.010899506000000002,
        0.010659721,
        0.010568918,
        0.010614667000000001,
        0.01065078,
        0.010913727000000002,
        0.010897671000000001,
        0.01066471,
        0.010600076,
        0.010670386,
        0.010629237000000001
      ],