{
  "results": [
    {
      "command": "./benchmark_segment",
      "mean": 0.47255070516,
      "stddev": 0.0002770259014314206,
      "median": 0.472520035,
      "user": 0.4666784400000001,
      "system": 0.001751,
      "min": 0.472112884,
      "max": 0.473092049,
      "times": [
        0.47286367300000004,
        0.47254199100000005,
        0.473035711,
        0.472309996,
        0.472112884,
        0.473092049,
        0.472255433,
        0.472858221,
        0.472520035,
        0.472353224,
        0.473040626,
        0.47236992400000005,
        0.472749725,
        0.472370661,
        0.47253687400000005,
        0.47231822500000004,
        0.47279148600000004,
        0.472576139,
        0.472706041,
        0.47251255200000003,
        0.472230011,
        0.472342835,
        0.47236825400000004,
        0.472277235,
        0.47263382400000004
      ],
      "exit_codes": [
        0,
        0,
        0,
        0,
        0,
        0,
        0,
        0,
        0,
        0,
        0,
        0,
        0,
        0,
        0,
        0,
        0,
        0,
        0,
        0,
        0,
        0,
        0,
        0,
        0
      ]
    }
  ]
}
