{
  "results": [
    {
      "command": "./benchmark_segment",
      "mean": 0.26071062028,
      "stddev": 0.00034407980403771153,
      "median": 0.260678422,
      "user": 0.2570934,
      "system": 0.0011072399999999998,
      "min": 0.260005058,
      "max": 0.26124704200000004,
      "times": [
        0.26096790000000003,
        0.26107662200000004,
        0.260313247,
        0.26124704200000004,
        0.260569061,
        0.26110932000000003,
        0.260740201,
        0.26087677600000003,
        0.260308712,
        0.26115872500000004,
        0.260996027,
        0.260299058,
        0.261107682,
        0.260660909,
        0.260857294,
        0.2604261,
        0.260005058,
        0.26117344000000003,
        0.26036183900000004,
        0.260678422,
        0.26043212600000004,
        0.26086541,
        0.26031954900000004,
        0.260638321,
        0.260576666
      ],
      "exit_codes": [
        0,
        0,
        0,
        0,
        0,
        0,
        0,
        0,
        0,
        0,
        0,
        0,
        0,
        0,
        0,
        0,
        0,
        0,
        0,
        0,
        0,
        0,
        0,
        0,
        0
      ]
    }
  ]
}
