{
  "results": [
    {
      "command": "./benchmark_guardpage_asmmove",
      "mean": 0.007133451100233101,
      "stddev": 0.0003575814907463148,
      "median": 0.0071214550000000005,
      "user": 0.005511629370629367,
      "system": 0.0014118088578088574,
      "min": 0.003716408,
      "max": 0.00791852,
      "times": [
        0.006991696,
        0.0070770650000000004,
        0.00720507,
        0.007156997000000001,
        0.007358445000000001,
        0.007592914,
        0.0071493450000000005,
        0.007125402,
        0.007093009000000001,
        0.007002586000000001,
        0.007174947,
        0.007105022000000001,
        0.007166966,
        0.007658590000000001,
        0.007096922,
        0.0070825160000000005,
        0.007379193,
        0.007052409000000001,
        0.007144082,
        0.007080136000000001,
        0.007023997000000001,
        0.007176404000000001,
        0.007124834,
        0.007062152,
        0.0072061930000000005,
        0.0073550130000000005,
        0.007110101000000001,
        0.007352788000000001,
        0.00703254,
        0.007121729,
        0.007058216000000001,
        0.007011590000000001,
        0.0071306500000000005,
        0.007110541000000001,
        0.0075017930000000005,
        0.007341185,
        0.00705516,
        0.007179621000000001,
        0.007082926000000001,
        0.007378023,
        0.007367127,
        0.007074178,
        0.007139407,
        0.007443316,
        0.007056700000000001,
        0.007550569000000001,
        0.006990706,
        0.007183078000000001,
        0.007126422,
        0.007037894,
        0.0072169370000000005,
        0.007106714,
        0.007023835000000001,
        0.007191369,
        0.0071061810000000005,
        0.007419119,
        0.0074980260000000005,
        0.00699182,
        0.007143334,
        0.007076776000000001,
        0.007047463,
        0.007139344000000001,
        0.007088291,
        0.007049385,
        0.00758727,
        0.007088514000000001,
        0.0071499960000000005,
        0.007170509,
        0.0070612,
        0.007136725,
        0.007122395,
        0.006997964000000001,
        0.007122897,
        0.007643638,
        0.007073409,
        0.007348699,
        0.0070800820000000006,
        0.007137765000000001,
        0.007124683000000001,
        0.0070173480000000005,
        0.007160718000000001,
        0.007089245,
        0.007001636,
        0.007100203,
        0.007132846000000001,
        0.007486251,
        0.00734278,
        0.007056909,
        0.0071214550000000005,
        0.007151337000000001,
        0.007085227,
        0.007151066,
        0.0070561,
        0.007136608,
        0.007609775,
        0.007134306000000001,
        0.007172796,
        0.007140369000000001,
        0.007088294,
        0.007155020000000001,
        0.007174654000000001,
        0.007021157,
        0.007140747,
        0.007418038,
        0.007110046,
        0.007377939000000001,
        0.007023084000000001,
        0.00716528,
        0.0070916930000000005,
        0.007043167,
        0.007119223,
        0.007154907,
        0.007404837,
        0.007417915000000001,
        0.007005674000000001,
        0.007155496000000001,
        0.00706816,
        0.00731651,
        0.007406618,
        0.007018674000000001,
        0.007072109,
        0.007484279000000001,
        0.0071944140000000005,
        0.007409255000000001,
        0.007014124,
        0.007013743,
        0.007232017,
        0.007024388,
        0.007042024,
        0.007221731,
        0.007031851,
        0.007129032,
        0.0071068600000000004,
        0.007381838000000001,
        0.007424217,
        0.007008657000000001,
        0.007036690000000001,
        0.0072094410000000005,
        0.007066348,
        0.007009389,
        0.007204798,
        0.007019735,
        0.00791852,
        0.007075147,
        0.007147004,
        0.007273824000000001,
        0.007073541,
        0.007086535000000001,
        0.007229944,
        0.007015527000000001,
        0.007109762,
        0.007081956,
        0.007070812,
        0.0071379780000000006,
        0.007468057,
        0.007147075,
        0.007434108,
        0.007029144,
        0.007038339,
        0.007207098,
        0.007103174,
        0.007282184000000001,
        0.0071916490000000005,
        0.007449916000000001,
        0.007450285,
        0.0071416280000000006,
        0.007073744000000001,
        0.0070601810000000004,
        0.007041394,
        0.00715743,
        0.007096556,
        0.0070157380000000005,
        0.007852629,
        0.007179137,
        0.007029737,
        0.007249593,
        0.007045321,
        0.007024426,
        0.0072292450000000005,
        0.007011398,
        0.0071564390000000005,
        0.007063759,
        0.007057133,
        0.007200632,
        0.007611716,
        0.007160591000000001,
        0.0071624670000000005,
        0.007130279000000001,
        0.007071297000000001,
        0.007188436,
        0.007076458000000001,
        0.007017459,
        0.007187405000000001,
        0.007348919000000001,
        0.007104176,
        0.007373088000000001,
        0.007025038000000001,
        0.007234155000000001,
        0.007071029,
        0.007064259000000001,
        0.007178991,
        0.00710061,
        0.0073890860000000004,
        0.007381147,
        0.0070598990000000006,
        0.0071759350000000005,
        0.007093358,
        0.007057031,
        0.007088753000000001,
        0.007094767,
        0.007043517,
        0.007287026,
        0.007047629000000001,
        0.007006494,
        0.007750699000000001,
        0.007099925000000001,
        0.007183055000000001,
        0.0070715990000000005,
        0.007056737,
        0.0071012900000000006,
        0.007103880000000001,
        0.007040782000000001,
        0.007283410000000001,
        0.0074196240000000005,
        0.007043703,
        0.0073498570000000004,
        0.007079174000000001,
        0.007148807,
        0.007096965,
        0.007026498000000001,
        0.007187547000000001,
        0.007098952,
        0.007422479,
        0.007432384,
        0.007007496,
        0.007106034000000001,
        0.007115105,
        0.007021676,
        0.007126352000000001,
        0.007081329000000001,
        0.007006018,
        0.007210003,
        0.0070333340000000005,
        0.007033023,
        0.007803364,
        0.007045946000000001,
        0.0071676940000000005,
        0.00707696,
        0.0070296280000000004,
        0.0071244690000000005,
        0.007160787,
        0.007079501,
        0.0072328800000000006,
        0.007405547,
        0.007063613000000001,
        0.007381005,
        0.007076427000000001,
        0.007134168000000001,
        0.007083875000000001,
        0.0070340770000000006,
        0.007128361000000001,
        0.007104915000000001,
        0.00743081,
        0.0074501260000000005,
        0.007158567,
        0.007160625,
        0.007162946000000001,
        0.0071048000000000005,
        0.007144252,
        0.0070776120000000005,
        0.0070057140000000006,
        0.007234057,
        0.007029789000000001,
        0.007030945,
        0.007885669,
        0.007062264,
        0.007126851,
        0.007137261000000001,
        0.007069501000000001,
        0.007159643,
        0.007127282,
        0.00700406,
        0.007205309,
        0.007455889,
        0.007068400000000001,
        0.007415886000000001,
        0.007004066000000001,
        0.007466618,
        0.007204449000000001,
        0.007047938,
        0.007200464,
        0.007063427000000001,
        0.007354810000000001,
        0.007385842,
        0.007135491000000001,
        0.007152518,
        0.007029785,
        0.007024570000000001,
        0.007219769000000001,
        0.007090883,
        0.007007489,
        0.007578443000000001,
        0.007052887000000001,
