{
  "results": [
    {
      "command": "./benchmark_hfiemulate2",
      "mean": 0.006904526111904767,
      "stddev": 0.00016332949662217715,
      "median": 0.0068524555,
      "user": 0.005228885714285714,
      "system": 0.0014669023809523816,
      "min": 0.006717745000000001,
      "max": 0.007610326000000001,
      "times": [
        0.007132735,
        0.006789699000000001,
        0.006959964000000001,
        0.006861588,
        0.006795256,
        0.007136224,
        0.006836516000000001,
        0.006774952000000001,
        0.007099945000000001,
        0.006803549000000001,
        0.006882190000000001,
        0.006876865,
        0.006989516,
        0.006851100000000001,
        0.0071458730000000005,
        0.006789018000000001,
        0.0071804370000000005,
        0.006765346,
        0.006784144000000001,
        0.006979057,
        0.006765829,
        0.006741278000000001,
        0.006981468,
        0.006741701,
        0.007191941,
        0.007152315,
        0.006789319,
        0.00688329,
        0.006821792,
        0.006806796,
        0.00688127,
        0.006873073,
        0.006756687000000001,
        0.006892124,
        0.007242467000000001,
        0.006862506000000001,
        0.007082594,
        0.006864909000000001,
        0.006916865,
        0.006828238,
        0.006782198000000001,
        0.006900062,
        0.0068350450000000005,
        0.007133983000000001,
        0.007162132000000001,
        0.006791807,
        0.006872573000000001,
        0.006923154000000001,
        0.006775743000000001,
        0.006801056000000001,
        0.006960699000000001,
        0.006759574000000001,
        0.006810495000000001,
        0.007253553,
        0.0068058910000000005,
        0.006776347,
        0.007139439,
        0.006835532,
        0.006957053,
        0.006805060000000001,
        0.006732944,
        0.006877312,
        0.0067818850000000005,
        0.006781319,
        0.006880667,
        0.007158966,
        0.006822594,
        0.007057257000000001,
        0.006847843,
        0.006786416000000001,
        0.0070068660000000005,
        0.006740088000000001,
        0.006795837000000001,
        0.006958392000000001,
        0.007176107,
        0.006812419,
        0.006801039,
        0.006797137000000001,
        0.006938547000000001,
        0.006739822,
        0.006769463000000001,
        0.006926481000000001,
        0.006744521000000001,
        0.0067690120000000005,
        0.007415967000000001,
        0.006842982,
        0.006828711,
        0.006930907,
        0.006779773,
        0.006761212000000001,
        0.0069821480000000005,
        0.006748564,
        0.006764919,
        0.007419478,
        0.006782713,
        0.0068621310000000005,
        0.006807225,
        0.006803354,
        0.00688227,
        0.006821598000000001,
        0.006730445000000001,
        0.006919874,
        0.006855496000000001,
        0.007113571000000001,
        0.007337185,
        0.006823134000000001,
        0.006818689,
        0.0068478770000000005,
        0.00676721,
        0.0069202180000000005,
        0.00683044,
        0.0067893450000000004,
        0.006905111,
        0.006803518000000001,
        0.006795711,
        0.007470355000000001,
        0.006831701000000001,
        0.006784041,
        0.006953880000000001,
        0.0068093350000000006,
        0.006758089,
        0.006934104000000001,
        0.00682914,
        0.006785165,
        0.006964133000000001,
        0.007071343000000001,
        0.006870231,
        0.007125905,
        0.006772813000000001,
        0.006858043,
        0.006887482,
        0.006792067000000001,
        0.006885414,
        0.006816148,
        0.007066525000000001,
        0.007136603,
        0.00679085,
        0.006893015000000001,
        0.0068942940000000005,
        0.006835170000000001,
        0.006912372000000001,
        0.0068677930000000005,
        0.006781447,
        0.006939667,
        0.007366339,
        0.006852412,
        0.006889967,
        0.006871459000000001,
        0.007131745,
        0.007201884,
        0.006831965000000001,
        0.006802595000000001,
        0.006917784000000001,
        0.007194405,
        0.006795924,
        0.007212205,
        0.0068275440000000005,
        0.006840876,
        0.006841702000000001,
        0.00681833,
        0.006883536000000001,
        0.006855908000000001,
        0.006788626000000001,
        0.007271304,
        0.007287405,
        0.006792302,
        0.006963265000000001,
        0.006739752000000001,
        0.006757662,
        0.006847281,
        0.006779334000000001,
        0.006775072,
        0.0068626600000000005,
        0.006867289,
        0.006784623,
        0.007610326000000001,
        0.0067677480000000005,
        0.0068862260000000005,
        0.006842817,
        0.006808668,
        0.0068390230000000005,
        0.006851653,
        0.006732274000000001,
        0.006898307,
        0.007194677,
        0.006827528,
        0.007102612,
        0.006758449000000001,
        0.006729914,
        0.006989447,
        0.006742625,
        0.006764171,
        0.006985037,
        0.006810266000000001,
        0.007128333000000001,
        0.007101901000000001,
        0.006883946,
        0.006851892,
        0.0068849390000000005,
        0.006734058,
        0.006889778,
        0.006838763,
        0.006734779000000001,
        0.007289083,
        0.006893022,
        0.006803558,
        0.006961030000000001,
        0.006802478000000001,
        0.006793670000000001,
        0.006950110000000001,
        0.006748110000000001,
        0.006753734000000001,
        0.006890094,
        0.007134893000000001,
        0.006894019,
        0.007088944000000001,
        0.006767764000000001,
        0.006849259000000001,
        0.006852913,
        0.006797346,
        0.006855709000000001,
        0.006861445000000001,
        0.006749918000000001,
        0.0068798290000000005,
        0.006835136,
        0.007129004,
        0.007104016,
        0.0068122880000000005,
        0.006792824,
        0.006914459,
        0.00676455,
        0.0067620530000000005,
        0.006923918,
        0.006784199,
        0.006789718,
        0.00743594,
        0.006842053000000001,
        0.006931265000000001,
        0.0068445730000000005,
        0.007024601,
        0.0072074140000000005,
        0.0068779670000000005,
        0.006903149000000001,
        0.006953564000000001,
        0.007105425,
        0.00683508,
        0.0071616480000000005,
        0.006823673000000001,
        0.006874786000000001,
        0.006861002000000001,
        0.006782460000000001,
        0.006872162,
        0.006865358,
        0.006800383,
        0.007505306000000001,
        0.006790709000000001,
        0.006906219000000001,
        0.006869592000000001,
        0.006756059,
        0.0068887720000000005,
        0.00687481,
        0.006793243,
        0.0068893190000000005,
        0.007280190000000001,
        0.006817644,
        0.007223931,
        0.006798412,
        0.006784254000000001,
        0.006983755,
        0.006752068000000001,
        0.006784675,
        0.006910572,
        0.006746981000000001,
        0.0071308050000000005,
        0.007152279,
        0.00680387,
        0.0070012780000000005,
        0.0068060410000000005,
        0.006801087000000001,
        0.006852499000000001,
        0.006808965,
        0.006762537000000001,
        0.006901363000000001,
        0.00683351,
        0.006756331000000001,
        0.007359776,
        0.006748547000000001,
        0.006937744,
        0.006891295,
        0.0067807530000000005,
        0.0069168020000000005,
        0.00684346,
        0.006742953,
        0.006869481,
        0.007124739000000001,
        0.006785447,
        0.007121336000000001,
        0.006735313000000001,
        0.006817584000000001,
        0.0069997900000000005,
