{
  "results": [
    {
      "command": "./benchmark_boundschecks",
      "mean": 0.008801505775147928,
      "stddev": 0.00019053414994793597,
      "median": 0.008737379,
      "user": 0.007087781065088753,
      "system": 0.0014845029585798812,
      "min": 0.008586882,
      "max": 0.009621488000000001,
      "times": [
        0.008874491,
        0.008625982,
        0.00880932,
        0.009153077,
        0.008690285,
        0.008960173,
        0.008731805,
        0.008736376,
        0.008648326000000001,
        0.008952683000000001,
        0.008624416000000001,
        0.009470111,
        0.008704549,
        0.008734705,
        0.008698163,
        0.008650451,
        0.008794228000000001,
        0.00860638,
        0.008846299,
        0.008894479,
        0.00898602,
        0.008689627,
        0.008739242000000001,
        0.00869309,
        0.008650638,
        0.008854272,
        0.008645494,
        0.009621488000000001,
        0.008668771,
        0.008815045,
        0.008685508,
        0.008730232000000001,
        0.008705377,
        0.00860721,
        0.008815145,
        0.009055853,
        0.009035935,
        0.008664969,
        0.008811435000000001,
        0.00864458,
        0.00873137,
        0.008675737000000001,
        0.008620609000000001,
        0.009426879,
        0.008674893000000001,
        0.008907793,
        0.008636954,
        0.008736078000000001,
        0.008586882,
        0.008738774000000001,
        0.008682269000000001,
        0.009010164000000001,
        0.009093421,
        0.008691534,
        0.008826962,
        0.008652544,
        0.008833493000000001,
        0.008639673,
        0.008766279,
        0.009045583000000001,
        0.008676666000000001,
        0.009001437000000001,
        0.008662129000000001,
        0.008899141000000001,
        0.008653973,
        0.008839637000000001,
        0.008996827,
        0.009081054,
        0.008648312,
        0.008737939,
        0.008704671,
        0.008725607,
        0.008774119,
        0.008604209,
        0.008808965,
        0.009039923,
        0.00899105,
        0.008688050000000001,
        0.008790865,
        0.008640942,
        0.008752676000000001,
        0.00876204,
        0.008631798000000001,
        0.009209293,
        0.008668745,
        0.008956618000000001,
        0.008652955,
        0.008806594000000001,
        0.008609968,
        0.008729672,
        0.008753119,
        0.009012242,
        0.008971765000000001,
        0.008632653,
        0.008881807,
        0.008634334,
        0.008811603000000001,
        0.008624405,
        0.008714534000000001,
        0.009538590000000001,
        0.008645164,
        0.008691516,
        0.00867789,
        0.00880002,
        0.008626534,
        0.008770611000000001,
        0.008688228000000001,
        0.008643986000000001,
        0.00946451,
        0.008695425,
        0.008815774,
        0.008645841000000001,
        0.008735669,
        0.008709864000000001,
        0.008657987,
        0.009162976,
        0.008656174,
        0.009012302,
        0.008645256,
        0.00912251,
        0.008628729,
        0.008956727000000001,
        0.008684368000000001,
        0.009130913000000001,
        0.008678555000000001,
        0.008944072,
        0.008723479000000001,
        0.008747621,
        0.00868759,
        0.008614152,
        0.008815299,
        0.009115576,
        0.008994358000000001,
        0.008620776,
        0.008814726,
        0.008705749,
        0.008731713,
        0.008678991,
        0.009032469000000001,
        0.009237021,
        0.008775344000000001,
        0.008698348,
        0.00861723,
        0.008773968,
        0.008698161000000001,
        0.008749018,
        0.008677024,
        0.009304626,
        0.008743536000000001,
        0.008722072,
        0.008736819,
        0.008657716000000001,
        0.008768782000000001,
        0.008651872,
        0.0087408,
        0.009046234,
        0.009047092000000001,
        0.008631676000000001,
        0.008787812,
        0.008712163,
        0.008698071,
        0.008780874000000001,
        0.008659155,
        0.009449146,
        0.008694809000000001,
        0.008819599000000001,
        0.008630563,
        0.008715566000000001,
        0.008686896000000001,
        0.008657011000000001,
        0.008835621,
        0.00866706,
        0.009522804000000001,
        0.008730364000000001,
        0.008856638,
        0.008614331000000001,
        0.008736803000000001,
        0.008711368,
        0.008629630000000001,
        0.009118248,
        0.008697504,
        0.009009066000000001,
        0.008693865,
        0.008846396000000001,
        0.008628856,
        0.008728661,
        0.008700889,
        0.009502159000000001,
        0.008689671000000001,
        0.008761163,
        0.008785184,
        0.008636764,
        0.008811446,
        0.008607537,
        0.008830554000000001,
        0.008983868,
        0.009045867,
        0.008658426,
        0.008788922000000001,
        0.008750198,
        0.008621948,
        0.008804455000000001,
        0.008651821,
        0.008811751000000001,
        0.008967449,
        0.008979182,
        0.008670760000000001,
        0.008754152000000001,
        0.00874221,
        0.0086355,
        0.008852069,
        0.008954142,
        0.008977565,
        0.008663986,
        0.008857224,
        0.008609204,
        0.008768978,
        0.00876585,
        0.00873921,
        0.009392436,
        0.008708344,
        0.008810543,
        0.00861886,
        0.008765664000000001,
        0.008675986,
        0.008629141,
        0.008724532,
        0.009034367,
        0.009012779,
        0.008636289,
        0.008802893000000001,
        0.00861957,
        0.008756652,
        0.00870038,
        0.008743916000000001,
        0.008800094000000001,
        0.008990351,
        0.008958512,
        0.008645662,
        0.008788872000000001,
        0.00865928,
        0.008861704,
        0.008689354,
        0.009290829,
        0.008723665,
        0.008772227,
        0.008682731,
        0.008645918,
        0.008841185000000001,
        0.008606676,
        0.008824173000000001,
        0.008997261000000001,
        0.008970466,
        0.008756267,
        0.008991587,
        0.008917284000000001,
        0.008809561,
        0.008723941,
        0.00899407,
        0.008984359,
        0.008691607,
        0.00878464,
        0.008689905000000001,
        0.008816932000000001,
        0.008624692,
        0.00875046,
        0.008719941,
        0.008658729,
        0.009362901,
        0.008633416000000001,
        0.008816564,
        0.00869453,
        0.008772949,
        0.008643598,
        0.008779666,
        0.009023837,
        0.008683937000000001,
        0.008938364,
        0.008629406000000001,
        0.008822406000000001,
        0.008673859,
        0.008792393,
        0.008677555,
        0.00932488,
        0.008670241,
        0.008765205,
        0.008703344,
        0.008733047,
        0.008721595,
        0.008686393,
        0.008809472,
        0.009027205,
        0.008989959,
        0.008647617,
        0.008753539000000001,
        0.008689772,
        0.008722439,
        0.008684425,
        0.00868109,
        0.009032394000000001,
        0.008687564,
        0.009045373,
        0.008639342000000001,
        0.008778859,
        0.008645292,
        0.008727348000000001,
        0.008703452,
        0.009011554,
        0.009012186,
        0.00867598,
        0.008813263,
        0.008639866000000001,
        0.008820323,
        0.008662597000000001,
        0.008728433,
        0.009393592000000001,
        0.008730397,
        0.008815249,
        0.00864065,
        0.008836775,
        0.008617382,
        0.008772317,
        0.008691582,
        0.008647147,
        0.009176858000000001,
        0.008728425,
