{
  "results": [
    {
      "command": "./benchmark_masking",
      "mean": 0.007135419386634841,
      "stddev": 0.0003327970515189138,
      "median": 0.007116505,
      "user": 0.005432315035799519,
      "system": 0.0014959045346062052,
      "min": 0.003979407,
      "max": 0.008034375,
      "times": [
        0.0071438940000000005,
        0.007106912000000001,
        0.007110543,
        0.007414638,
        0.004755276,
        0.003979407,
        0.004594223000000001,
        0.004673424000000001,
        0.005080609000000001,
        0.005814317,
        0.006681345,
        0.007049629000000001,
        0.007256792000000001,
        0.0072983580000000004,
        0.007018405,
        0.007213149,
        0.007106362000000001,
        0.007314995,
        0.007426205000000001,
        0.0069956440000000005,
        0.007162659,
        0.0071057870000000006,
        0.007053511,
        0.0071707360000000005,
        0.007135726,
        0.007078848,
        0.00779115,
        0.007110158,
        0.007163486,
        0.007104736,
        0.007082234000000001,
        0.007153513,
        0.007098832,
        0.007026311,
        0.00711802,
        0.007518184000000001,
        0.007104326,
        0.007442116,
        0.007032351,
        0.0071530510000000005,
        0.007474121,
        0.007051552000000001,
        0.007451460000000001,
        0.007023129,
        0.007706772000000001,
        0.007067798,
        0.007101247000000001,
        0.007192874,
        0.007054866000000001,
        0.007112206,
        0.007241905000000001,
        0.007013779,
        0.007003573000000001,
        0.007229868,
        0.007013394,
        0.007034317000000001,
        0.007915158,
        0.0071647,
        0.007178975000000001,
        0.0071029940000000005,
        0.007050048000000001,
        0.007141621000000001,
        0.007045942,
        0.0070127670000000005,
        0.007134571,
        0.0076356620000000005,
        0.007145158,
        0.007384319,
        0.007064652,
        0.007194404000000001,
        0.007055851,
        0.007053482000000001,
        0.0071228210000000005,
        0.007091089,
        0.0070413030000000005,
        0.007193789000000001,
        0.007387533000000001,
        0.007091783000000001,
        0.007352113,
        0.007118584000000001,
        0.0071581150000000005,
        0.007096399000000001,
        0.007015361,
        0.007110371000000001,
        0.007105953000000001,
        0.007069957000000001,
        0.0077051210000000005,
        0.007149759,
        0.007122750000000001,
        0.007109161,
        0.00708572,
        0.0071376750000000004,
        0.007084202,
        0.007011399000000001,
        0.007137237,
        0.007528072,
        0.007120449,
        0.007354862,
        0.007029111,
        0.0071147910000000005,
        0.007096415,
        0.0070532830000000005,
        0.007184584000000001,
        0.0071175050000000005,
        0.007025689000000001,
        0.007177029000000001,
        0.007428617,
        0.007053557,
        0.007354429000000001,
        0.00699092,
        0.007123695,
        0.00707436,
        0.007057034,
        0.007180075,
        0.007109076000000001,
        0.007026900000000001,
        0.007625828,
        0.007096117000000001,
        0.007163115,
        0.007074558000000001,
        0.007463208000000001,
        0.007410153,
        0.00704569,
        0.007137262,
        0.0071719240000000005,
        0.007392538000000001,
        0.007375487000000001,
        0.007062442,
        0.007015203,
        0.007196132,
        0.007021284,
        0.007149285,
        0.0070945570000000005,
        0.007024099000000001,
        0.007116943000000001,
        0.0072050280000000005,
        0.007331023000000001,
        0.007407358,
        0.007044438,
        0.007071630000000001,
        0.007167734,
        0.0070350790000000005,
        0.0071426120000000004,
        0.00709376,
        0.007008778,
        0.007141607,
        0.007721220000000001,
        0.007069159,
        0.007193672000000001,
        0.007120782000000001,
        0.007020404,
        0.007124568,
        0.007091813000000001,
        0.0070418650000000005,
        0.0071117920000000005,
        0.00747888,
        0.007087731000000001,
        0.007444837,
        0.007085488,
        0.007131364,
        0.0070863,
        0.006990802000000001,
        0.007155745000000001,
        0.007082302,
        0.006997103,
        0.007181916000000001,
        0.0073097810000000004,
        0.007055571,
        0.007477734000000001,
        0.007095552000000001,
        0.007116505,
        0.007069363,
        0.007065490000000001,
        0.0071489610000000006,
        0.007059622000000001,
        0.007016891000000001,
        0.008034375,
        0.007019906,
        0.007216982,
        0.007178407,
        0.007028145,
        0.0071294800000000005,
        0.00706904,
        0.007049251,
        0.007163037000000001,
        0.00742966,
        0.007065178,
        0.007394269,
        0.007074754000000001,
        0.007160027,
        0.007179042,
        0.007027684,
        0.007142867000000001,
        0.0070918840000000006,
        0.007051592000000001,
        0.007290013000000001,
        0.007297840000000001,
        0.007043856,
        0.007375615,
        0.007051135,
        0.007131017000000001,
        0.007142034,
        0.00698509,
        0.007224899000000001,
        0.0070584160000000005,
        0.007033409,
        0.007729257000000001,
        0.007095158000000001,
        0.007115164,
        0.0071572250000000006,
        0.007029167,
        0.007288498,
        0.007102132000000001,
        0.007020641,
        0.007153166000000001,
        0.007431438,
        0.007102963,
        0.007393240000000001,
        0.0070207310000000005,
        0.007169782,
        0.007132485,
        0.00703712,
        0.007124321,
        0.007156618000000001,
        0.007411346,
        0.007416018000000001,
        0.007142473000000001,
        0.007135430000000001,
        0.007176699000000001,
        0.007009256,
        0.007160731,
        0.007122326000000001,
        0.00703259,
        0.007114202,
        0.007070049,
        0.0070917870000000004,
        0.007685716,
        0.00704015,
        0.007160007,
        0.007092936,
        0.007032993,
        0.007148044,
        0.007099421000000001,
        0.007089749,
        0.007112051,
        0.007435363,
        0.007126178,
        0.007335278000000001,
        0.007060977,
        0.007152875,
        0.007096975,
        0.0070844390000000005,
        0.007160565000000001,
        0.0070736670000000005,
        0.007377796000000001,
        0.007420343,
        0.0070644110000000005,
        0.007228679000000001,
        0.007084015000000001,
        0.007015842,
        0.007172849,
        0.007090175000000001,
        0.007066737,
        0.007118659,
        0.007076652,
        0.007043899,
        0.007669401,
        0.007096847000000001,
        0.007198931,
        0.007091976000000001,
        0.007012531000000001,
        0.007156051,
        0.0071156890000000006,
        0.007052892000000001,
        0.0071345,
        0.0073735350000000005,
        0.007080823000000001,
        0.007410905000000001,
        0.007001615,
        0.007213637,
        0.0071376040000000005,
        0.007046999000000001,
        0.007133095000000001,
        0.007084414000000001,
        0.007422168000000001,
        0.007280674000000001,
        0.0070589400000000005,
        0.007024194,
        0.007633401000000001,
        0.007106526,
        0.007419946,
        0.007002862,
        0.0071856210000000005,
        0.007517048,
        0.007082508,
        0.0073461460000000004,
        0.007009535000000001,
        0.007194237,
        0.007113858000000001,
        0.007032462000000001,
        0.007174394000000001,
        0.007129666000000001,
