{
  "results": [
    {
      "command": "./benchmark_hfiemulate2",
      "mean": 0.010732494558052436,
      "stddev": 0.00018322385989581096,
      "median": 0.010682991000000001,
      "user": 0.009760033707865158,
      "system": 0.0007342846441947565,
      "min": 0.010541990000000001,
      "max": 0.011510257000000001,
      "times": [
        0.011198839,
        0.010614294,
        0.010697346,
        0.010991421000000001,
        0.010874319,
        0.010725342,
        0.01062924,
        0.010654861,
        0.010661662,
        0.011167053000000001,
        0.010575303000000001,
        0.010729855,
        0.010600062,
        0.010708904,
        0.010570697,
        0.010754903000000001,
        0.010563667,
        0.011233803,
        0.010674289,
        0.010628398,
        0.010677766,
        0.010620009000000001,
        0.010726534000000001,
        0.010983997,
        0.010855112,
        0.010557064000000001,
        0.010757212,
        0.01064926,
        0.010624287000000001,
        0.010648362000000001,
        0.010913575,
        0.010871069,
        0.010568830000000001,
        0.010726055,
        0.010571656,
        0.010705505,
        0.010564205,
        0.011092808000000001,
        0.010580794000000001,
        0.010856718000000001,
        0.010654728,
        0.010648845,
        0.010658616000000001,
        0.010615796,
        0.010980534,
        0.010637179,
        0.010855756000000001,
        0.010627418000000001,
        0.010719282,
        0.010543089,
        0.010696187000000001,
        0.010669141,
        0.010920213000000002,
        0.010892904,
        0.010583002000000001,
        0.010700759,
        0.010559216000000001,
        0.010729416,
        0.010921613,
        0.01086782,
        0.010704639,
        0.010608142000000001,
        0.010717867,
        0.010626653000000002,
        0.010663465,
        0.010636469,
        0.011260147,
        0.010605297000000001,
        0.010714498000000001,
        0.010574367000000001,
        0.010731222,
        0.010568273000000001,
        0.011139326000000001,
        0.011063966000000001,
        0.010560128,
        0.010773069000000001,
        0.010551487,
        0.010707828,
        0.010546953000000001,
        0.01076154,
        0.010824035000000001,
        0.01089405,
        0.010742269,
        0.010607982,
        0.010681885,
        0.010605433000000001,
        0.011299483,
        0.010567364000000001,
        0.010724854,
        0.010638624000000001,
        0.010726937,
        0.010563865,
        0.010733311,
        0.010555431,
        0.011208921,
        0.010667588,
        0.010608548,
        0.010710877,
        0.010609701000000001,
        0.010680961000000001,
        0.010890771,
        0.010857578000000001,
        0.010590075000000001,
        0.010720829000000001,
        0.010606704000000002,
        0.010687531,
        0.011000537000000001,
        0.010863469,
        0.010683369,
        0.010623687000000001,
        0.010699706,
        0.010560586,
        0.010743183,
        0.010559968000000001,
        0.011316080000000001,
        0.010670855,
        0.010630519000000001,
        0.010670249000000001,
        0.010606027,
        0.010711548000000001,
        0.010909368000000001,
        0.010863511000000001,
        0.010600798,
        0.010713453000000001,
        0.010547593000000001,
        0.01070124,
        0.010547694,
        0.010751811,
        0.010920324,
        0.010855411,
        0.010667095000000001,
        0.010648065,
        0.010663148,
        0.010558067,
        0.01138743,
        0.010604895000000001,
        0.010744424,
        0.010574761,
        0.010731923,
        0.010572905,
        0.010762127,
        0.010719576000000001,
        0.011206149,
        0.010675146,
        0.010622174,
        0.010676363000000001,
        0.010620112000000001,
        0.010648915,
        0.010985645,
        0.010945328,
        0.010575079000000001,
        0.01073835,
        0.010562481,
        0.010717199,
        0.010574431,
        0.010936595,
        0.010928645,
        0.010560978,
        0.010700193,
        0.010561194000000001,
        0.010682991000000001,
        0.010594153,
        0.011510257000000001,
        0.010547897,
        0.010751432,
        0.01057423,
        0.010747040000000001,
        0.010642043,
        0.010616439,
        0.011295069000000001,
        0.010579980000000001,
        0.010775814,
        0.010560289,
        0.010713266,
        0.010597557,
        0.010700705000000001,
        0.010912962,
        0.010897684000000001,
        0.010713401000000001,
        0.010638402,
        0.010654287,
        0.010617501000000001,
        0.010658483,
        0.010996342000000001,
        0.010886316,
        0.010574410000000001,
        0.010767432,
        0.010551988,
        0.010737423000000001,
        0.010541990000000001,
        0.010724407,
        0.011158538,
        0.010574416000000001,
        0.010769049000000001,
        0.010576945,
        0.010709752000000001,
        0.010560953000000001,
        0.011355541,
        0.01058074,
        0.010736566000000001,
        0.010557400000000002,
        0.010789067000000001,
        0.010573861,
        0.011030189000000001,
        0.010584416000000001,
        0.010878438,
        0.010699117000000001,
        0.010567004000000001,
        0.010755347,
        0.010547368000000001,
        0.010709894000000001,
        0.010845579000000001,
        0.010873651000000002,
        0.010663023,
        0.01062182,
        0.010717918,
        0.010644438,
        0.011022664000000001,
        0.010635749,
        0.010910653000000001,
        0.010563714,
        0.010720308000000001,
        0.010563392000000001,
        0.010750952000000001,
        0.010557861,
        0.011050078000000001,
        0.010561512,
        0.010880840000000001,
        0.01072909,
        0.010566482,
        0.010749999000000001,
        0.010880743,
        0.010906673,
        0.01067706,
        0.010641574,
        0.010674612,
        0.010623592000000001,
        0.010674407,
        0.010657363000000001,
        0.011212290000000001,
        0.010554647,
        0.010715768,
        0.010593983000000001,
        0.010724649000000001,
        0.010552949,
        0.011109161000000001,
        0.010581457,
        0.010855774,
        0.010718296,
        0.010626451,
        0.010714259,
        0.010563551000000001,
        0.010724333,
        0.010935968,
        0.010889439,
        0.010669259,
        0.010611461,
        0.01067612,
        0.010612767,
        0.011190541,
        0.010644166,
        0.010696077,
        0.010553566,
        0.010712492,
        0.010564175,
        0.010734425,
        0.010567573
      ],