{
  "results": [
    {
      "command": "./benchmark_boundschecks",
      "mean": 0.1005251071724138,
      "stddev": 0.0025849850784017674,
      "median": 0.10092930900000001,
      "user": 0.09830744827586209,
      "system": 0.0010862758620689653,
      "min": 0.08712261,
      "max": 0.10134158900000001,
      "times": [
        0.101009239,
        0.101101297,
        0.101319116,
        0.10134158900000001,
        0.08712261,
        0.10082985600000001,
        0.10133497100000001,
        0.10095952500000001,
        0.100998299,
        0.10074614700000001,
        0.101285993,
        0.100862962,
        0.100894463,
        0.101133362,
        0.10108265000000001,
        0.100871176,
        0.100835278,
        0.101272731,
        0.10080325200000001,
        0.10086064700000001,
        0.10093542700000001,
        0.10127625200000001,
        0.10082858700000001,
        0.10092930900000001,
        0.100836744,
        0.101275523,
        0.100839497,
        0.100787057,
        0.100854549
      ],
      "exit_codes": [
        0,
        0,
        0,
        0,
        0,
        0,
        0,
        0,
        0,
        0,
        0,
        0,
        0,
        0,
        0,
        0,
        0,
        0,
        0,
        0,
        0,
        0,
        0,
        0,
        0,
        0,
        0,
        0,
        0
      ]
    }
  ]
}
