{
  "results": [
    {
      "command": "./benchmark_masking",
      "mean": 0.26177334599999996,
      "stddev": 0.0005078909569017848,
      "median": 0.261883379,
      "user": 0.2559180909090909,
      "system": 0.0028917272727272724,
      "min": 0.260834295,
      "max": 0.26271767500000004,
      "times": [
        0.26193660700000004,
        0.262085144,
        0.26141935,
        0.261544858,
        0.260834295,
        0.26271767500000004,
        0.261883379,
        0.262206311,
        0.261295074,
        0.261986422,
        0.261597691
      ],
      "exit_codes": [
        0,
        0,
        0,
        0,
        0,
        0,
        0,
        0,
        0,
        0,
        0
      ]
    }
  ]
}
