{
  "results": [
    {
      "command": "./benchmark_guardpage_asmmove",
      "mean": 0.011024656985347993,
      "stddev": 0.0001814561159509165,
      "median": 0.010978455000000002,
      "user": 0.009718282051282053,
      "system": 0.0010600329670329672,
      "min": 0.010815599,
      "max": 0.011716887,
      "times": [
        0.010978455000000002,
        0.011169348,
        0.011142356,
        0.010886665,
        0.011006502000000001,
        0.010851117,
        0.011054292,
        0.010826136,
        0.011409194000000001,
        0.010844291,
        0.010936032,
        0.011004771,
        0.010851357,
        0.010967524000000001,
        0.011111462,
        0.011206639000000001,
        0.010955918,
        0.010908792,
        0.010959030000000002,
        0.01090285,
        0.0109914,
        0.011127296,
        0.011181922,
        0.010952462000000001,
        0.01089935,
        0.010934005,
        0.010917422000000001,
        0.011382485000000001,
        0.010878422,
        0.011049551000000001,
        0.010836874,
        0.011028505000000001,
        0.010945262,
        0.011407676,
        0.010968282000000001,
        0.010899299000000001,
        0.010999732,
        0.010873962000000001,
        0.011015582000000001,
        0.011123744000000001,
        0.011145515,
        0.010969877000000001,
        0.011250737,
        0.011232184000000001,
        0.010898399000000001,
        0.011444748000000001,
        0.010957660000000001,
        0.010935021000000001,
        0.010989631000000001,
        0.010828254,
        0.011012404,
        0.011187873000000001,
        0.011153339,
        0.010951307,
        0.010890480000000001,
        0.010957888,
        0.010891137,
        0.011406425000000001,
        0.010908843000000001,
        0.011000884,
        0.010948723,
        0.010906466,
        0.010949868000000001,
        0.011183816000000001,
        0.011123377,
        0.010870693,
        0.011017147000000001,
        0.010835688000000001,
        0.010997638,
        0.011188255000000001,
        0.011125167,
        0.011036314,
        0.010858368,
        0.011050083,
        0.010826026,
        0.011394432000000001,
        0.011002196,
        0.010894427,
        0.010966835000000001,
        0.010886941,
        0.011025223,
        0.011131380000000001,
        0.01115286,
        0.011002128,
        0.010903462000000001,
        0.010943816,
        0.010909732,
        0.011531719000000001,
        0.010846751,
        0.011007646000000001,
        0.010847780000000001,
        0.011003466,
        0.010923274,
        0.011388352000000001,
        0.011036323,
        0.010911883,
        0.01095045,
        0.0112537,
        0.011229965000000001,
        0.010840976,
        0.011013651000000001,
        0.010938564000000001,
        0.010959408,
        0.010939293000000001,
        0.010909770000000001,
        0.011466493000000001,
        0.010870572,
        0.010996731000000001,
        0.010829019,
        0.011058449000000001,
        0.010950529,
        0.011259869,
        0.011141253,
        0.010829075,
        0.010960254000000001,
        0.010835259,
        0.011052218,
        0.011095112,
        0.011221487,
        0.011002823,
        0.010851037000000001,
        0.011014759,
        0.010848157,
        0.011513460000000001,
        0.010959732000000002,
        0.010915061,
        0.010948352000000001,
        0.010909978,
        0.010959058,
        0.011283709000000001,
        0.011157105,
        0.010994748,
        0.010883191,
        0.010947261000000002,
        0.01092333,
        0.01137276,
        0.010858211000000001,
        0.011031757000000001,
        0.010885833000000001,
        0.010999189000000001,
        0.010822955,
        0.011266227,
        0.011166928000000001,
        0.010844329000000002,
        0.010983590000000001,
        0.010890925000000001,
        0.011009852,
        0.011193475000000001,
        0.011150388,
        0.010960366000000001,
        0.010903236,
        0.011005461000000001,
        0.011238227,
        0.011152817,
        0.010948025,
        0.010894783,
        0.010963835,
        0.010877506,
        0.01097387,
        0.011213574,
        0.011141268000000001,
        0.010833912000000001,
        0.011020102,
        0.010934545,
        0.010894666,
        0.011470549,
        0.010849763,
        0.011032077000000001,
        0.010851253,
        0.010999700000000001,
        0.010815599,
        0.011283891,
        0.011177264000000001,
        0.01084611,
        0.011092671,
        0.010837965000000001,
        0.011001450000000001,
        0.011113485000000001,
        0.011138344000000001,
        0.010952647000000001,
        0.010923262000000001,
        0.010992096000000002,
        0.010875378000000002,
        0.011573143000000001,
        0.010853307000000001,
        0.011035014000000001,
        0.010912991,
        0.01090616,
        0.010954897,
        0.011287753000000001,
        0.011233152000000001,
        0.010856301,
        0.011004645,
        0.010853728,
        0.010998638000000002,
        0.011398203,
        0.010883546000000001,
        0.011007174000000002,
        0.010834294000000001,
        0.010994643,
        0.010846195000000001,
        0.011256589000000001,
        0.010862326,
        0.011185408,
        0.010995352,
        0.010838698,
        0.011625186000000001,
        0.010986692000000001,
        0.010896579,
        0.010954873,
        0.010924306,
        0.010926665,
        0.011240554000000002,
        0.01112655,
        0.010829316,
        0.011021944,
        0.010947275000000001,
        0.010955240000000002,
        0.011439754,
        0.010856267000000001,
        0.011021368,
        0.01084175,
        0.010990901,
        0.010829089,
        0.011461824,
        0.011095758,
        0.010830508,
        0.011001684000000001,
        0.010835493,
        0.010982272000000001,
        0.011186674,
        0.01113387,
        0.010990078,
        0.010912181,
        0.010950244000000001,
        0.010910495000000001,
        0.011561822000000001,
        0.010859342000000001,
        0.011025087000000001,
        0.010998931,
        0.010918506000000001,
        0.010954218,
        0.011278258000000001,
        0.011154834,
        0.010846511000000001,
        0.010998947,
        0.010881882,
        0.010996442,
        0.011571054,
        0.010868182,
        0.011009677,
        0.010845218,
        0.011017054,
        0.010860033,
        0.011716887,
        0.010987127000000001,
        0.010912595,
        0.010964992000000002,
        0.010894601,
        0.010948804000000001,
        0.011281441000000001,
        0.011200237,
        0.010866525,
        0.010989304,
        0.010885269000000001,
        0.011018039,
        0.011516631000000001,
        0.010852909,
        0.011022493000000001,
        0.010839862,
        0.010988946000000001,
        0.010839968,
        0.011654383
      ],