{
  "results": [
    {
      "command": "./benchmark_hfiemulate2",
      "mean": 0.7456894996000002,
      "stddev": 0.009625994981350994,
      "median": 0.7487109775,
      "user": 0.7349159,
      "system": 0.0027879000000000003,
      "min": 0.718437011,
      "max": 0.7503263830000001,
      "times": [
        0.7494516560000001,
        0.7490652640000001,
        0.748356691,
        0.718437011,
        0.74947218,
        0.7503263830000001,
        0.7475772270000001,
        0.7477520120000001,
        0.749242845,
        0.747213727
      ],
      "exit_codes": [
        0,
        0,
        0,
        0,
        0,
        0,
        0,
        0,
        0,
        0
      ]
    }
  ]
}
