{
  "results": [
    {
      "command": "./benchmark_boundschecks",
      "mean": 0.05733296666666667,
      "stddev": 0.002387620295604347,
      "median": 0.057578672000000004,
      "user": 0.055028686274509804,
      "system": 0.0015351960784313722,
      "min": 0.040831343,
      "max": 0.05847734,
      "times": [
        0.058197347,
        0.057233779000000005,
        0.057620732,
        0.057368281,
        0.057871044,
        0.05720737,
        0.057333856,
        0.05752999,
        0.057376875,
        0.057541520000000006,
        0.057659306,
        0.057863485000000006,
        0.057370835,
        0.057326220000000004,
        0.05830681,
        0.057710777000000005,
        0.057076306,
        0.058161181000000006,
        0.040831343,
        0.057049675,
        0.057551359,
        0.058157345000000006,
        0.057213391,
        0.057578672000000004,
        0.05776876,
        0.057218960000000006,
        0.057579807000000004,
        0.057974646000000005,
        0.057550534,
        0.057933766000000005,
        0.05819028800000001,
        0.057691694,
        0.057299465,
        0.05734849400000001,
        0.057507645,
        0.058342952000000003,
        0.05847734,
        0.057691609000000005,
        0.057613091000000005,
        0.058410211000000004,
        0.057247412000000004,
        0.058186626000000005,
        0.057571741,
        0.057870171000000005,
        0.057154252,
        0.057549050000000004,
        0.05781672400000001,
        0.057190095,
        0.057512077,
        0.058363410000000004,
        0.057782981000000004
      ],
      "exit_codes": [
        0,
        0,
        0,
        0,
        0,
        0,
        0,
        0,
        0,
        0,
        0,
        0,
        0,
        0,
        0,
        0,
        0,
        0,
        0,
        0,
        0,
        0,
        0,
        0,
        0,
        0,
        0,
        0,
        0,
        0,
        0,
        0,
        0,
        0,
        0,
        0,
        0,
        0,
        0,
        0,
        0,
        0,
        0,
        0,
        0,
        0,
        0,
        0,
        0,
        0,
        0
      ]
    }
  ]
}
