{
  "results": [
    {
      "command": "./benchmark_hfiemulate2",
      "mean": 0.244870307,
      "stddev": 0.0003908868509912,
      "median": 0.24483235200000003,
      "user": 0.24006774999999994,
      "system": 0.0019953333333333333,
      "min": 0.24440376300000002,
      "max": 0.24574567200000003,
      "times": [
        0.24454603500000002,
        0.24467590800000003,
        0.24510345400000003,
        0.24445934600000002,
        0.245323703,
        0.24458932000000003,
        0.24485187000000003,
        0.244812834,
        0.244855971,
        0.24574567200000003,
        0.24440376300000002,
        0.245075808
      ],
      "exit_codes": [
        0,
        0,
        0,
        0,
        0,
        0,
        0,
        0,
        0,
        0,
        0,
        0
      ]
    }
  ]
}
