{
  "results": [
    {
      "command": "./benchmark_hfiemulate2",
      "mean": 0.699981668,
      "stddev": 0.0002905143429069806,
      "median": 0.699978741,
      "user": 0.6897868,
      "system": 0.0032141999999999995,
      "min": 0.699569356,
      "max": 0.7005708660000001,
      "times": [
        0.7005708660000001,
        0.700112976,
        0.699807575,
        0.7001219240000001,
        0.7001752210000001,
        0.699569356,
        0.699711972,
        0.700097045,
        0.699789308,
        0.699860437
      ],
      "exit_codes": [
        0,
        0,
        0,
        0,
        0,
        0,
        0,
        0,
        0,
        0
      ]
    }
  ]
}
