{
  "results": [
    {
      "command": "./benchmark_boundschecks",
      "mean": 0.638108145,
      "stddev": 0.008293948583671868,
      "median": 0.6346357495,
      "user": 0.6287242999999999,
      "system": 0.0024244999999999996,
      "min": 0.6297698270000001,
      "max": 0.6536255200000001,
      "times": [
        0.6514986650000001,
        0.6341703230000001,
        0.6359850770000001,
        0.634892943,
        0.6536255200000001,
        0.632062596,
        0.642223455,
        0.6324744880000001,
        0.6297698270000001,
        0.634378556
      ],
      "exit_codes": [
        0,
        0,
        0,
        0,
        0,
        0,
        0,
        0,
        0,
        0
      ]
    }
  ]
}
