{
  "results": [
    {
      "command": "./benchmark_hfiemulate2",
      "mean": 0.6738898797000001,
      "stddev": 0.005423226773905798,
      "median": 0.6751580295,
      "user": 0.661222,
      "system": 0.0055942,
      "min": 0.658569005,
      "max": 0.6767616470000001,
      "times": [
        0.675179097,
        0.676437841,
        0.6751369620000001,
        0.676204067,
        0.675132888,
        0.6767616470000001,
        0.658569005,
        0.675026413,
        0.6755840270000001,
        0.67486685
      ],
      "exit_codes": [
        0,
        0,
        0,
        0,
        0,
        0,
        0,
        0,
        0,
        0
      ]
    }
  ]
}
