{
  "results": [
    {
      "command": "./benchmark_boundschecks",
      "mean": 1.1729790943,
      "stddev": 0.00297392092627293,
      "median": 1.1715844035,
      "user": 1.1564447999999998,
      "system": 0.0047953,
      "min": 1.170541214,
      "max": 1.179079613,
      "times": [
        1.177434141,
        1.17415724,
        1.179079613,
        1.172005285,
        1.171446046,
        1.1715578,
        1.170541214,
        1.171611007,
        1.170895199,
        1.171063398
      ],
      "exit_codes": [
        0,
        0,
        0,
        0,
        0,
        0,
        0,
        0,
        0,
        0
      ]
    }
  ]
}
