{
  "results": [
    {
      "command": "./benchmark_guardpage_asmmove",
      "mean": 0.08643189850000002,
      "stddev": 0.000343710081028593,
      "median": 0.08631369850000001,
      "user": 0.08351864705882352,
      "system": 0.0018544117647058822,
      "min": 0.086052431,
      "max": 0.08735391,
      "times": [
        0.086375168,
        0.086323458,
        0.086235482,
        0.086456982,
        0.08630393900000001,
        0.08654954200000001,
        0.08725895800000001,
        0.08735391,
        0.086123952,
        0.086262213,
        0.086181984,
        0.086753414,
        0.08626598,
        0.086875294,
        0.086171013,
        0.086460454,
        0.086340362,
        0.08612249500000001,
        0.08626496700000001,
        0.086500068,
        0.086633702,
        0.086265062,
        0.086886188,
        0.086052431,
        0.08623370300000001,
        0.08608942300000001,
        0.08618252700000001,
        0.086443873,
        0.086264982,
        0.087229417,
        0.08655850300000001,
        0.08649158100000001,
        0.086060945,
        0.08611257700000001
      ],
      "exit_codes": [
        0,
        0,
        0,
        0,
        0,
        0,
        0,
        0,
        0,
        0,
        0,
        0,
        0,
        0,
        0,
        0,
        0,
        0,
        0,
        0,
        0,
        0,
        0,
        0,
        0,
        0,
        0,
        0,
        0,
        0,
        0,
        0,
        0,
        0
      ]
    }
  ]
}
