{
  "results": [
    {
      "command": "./benchmark_guardpage_asmmove",
      "mean": 0.8806812566000002,
      "stddev": 0.0101199731464079,
      "median": 0.884153709,
      "user": 0.8654112999999999,
      "system": 0.0063931000000000005,
      "min": 0.851957786,
      "max": 0.8848110640000001,
      "times": [
        0.8830343900000001,
        0.882858981,
        0.8841633160000001,
        0.8826852390000001,
        0.88456259,
        0.8848110640000001,
        0.884144102,
        0.8843022250000001,
        0.851957786,
        0.884292873
      ],
      "exit_codes": [
        0,
        0,
        0,
        0,
        0,
        0,
        0,
        0,
        0,
        0
      ]
    }
  ]
}
