{
  "results": [
    {
      "command": "./benchmark_masking",
      "mean": 0.22390875546153843,
      "stddev": 0.00030429666745289006,
      "median": 0.223904603,
      "user": 0.2199694615384615,
      "system": 0.0015325384615384613,
      "min": 0.22332030900000002,
      "max": 0.224459816,
      "times": [
        0.22397539600000002,
        0.223916427,
        0.223457118,
        0.224459816,
        0.223981869,
        0.22389123400000002,
        0.223810321,
        0.22332030900000002,
        0.224378705,
        0.22387186,
        0.22400899100000002,
        0.223904603,
        0.223837172
      ],
      "exit_codes": [
        0,
        0,
        0,
        0,
        0,
        0,
        0,
        0,
        0,
        0,
        0,
        0,
        0
      ]
    }
  ]
}
