{
  "results": [
    {
      "command": "./benchmark_masking",
      "mean": 0.6104517958000002,
      "stddev": 0.009500719496019053,
      "median": 0.6060869345,
      "user": 0.6005049,
      "system": 0.0036162,
      "min": 0.60549761,
      "max": 0.6294398790000001,
      "times": [
        0.606295596,
        0.605971798,
        0.6056484520000001,
        0.627438532,
        0.6294398790000001,
        0.605635123,
        0.606829103,
        0.60549761,
        0.606202071,
        0.605559794
      ],
      "exit_codes": [
        0,
        0,
        0,
        0,
        0,
        0,
        0,
        0,
        0,
        0
      ]
    }
  ]
}
