{
  "results": [
    {
      "command": "./benchmark_guardpage_asmmove",
      "mean": 0.2240638774615384,
      "stddev": 0.00037671552390444594,
      "median": 0.22409768400000002,
      "user": 0.21938115384615384,
      "system": 0.002135846153846154,
      "min": 0.223264696,
      "max": 0.224667469,
      "times": [
        0.22429047900000001,
        0.223904243,
        0.223892954,
        0.224271871,
        0.223865466,
        0.224662411,
        0.22376457000000002,
        0.22409768400000002,
        0.224164213,
        0.224137032,
        0.22384731900000002,
        0.224667469,
        0.223264696
      ],
      "exit_codes": [
        0,
        0,
        0,
        0,
        0,
        0,
        0,
        0,
        0,
        0,
        0,
        0,
        0
      ]
    }
  ]
}
