{
  "results": [
    {
      "command": "./benchmark_boundschecks",
      "mean": 0.26163477163636367,
      "stddev": 0.00031823943131022766,
      "median": 0.261687856,
      "user": 0.25583,
      "system": 0.002902363636363636,
      "min": 0.261052426,
      "max": 0.26204983800000003,
      "times": [
        0.261795694,
        0.261566737,
        0.26185256900000003,
        0.26181650300000003,
        0.26114010000000004,
        0.261932045,
        0.26204983800000003,
        0.26168244,
        0.261052426,
        0.261687856,
        0.26140628
      ],
      "exit_codes": [
        0,
        0,
        0,
        0,
        0,
        0,
        0,
        0,
        0,
        0,
        0
      ]
    }
  ]
}
