{
  "results": [
    {
      "command": "./benchmark_masking",
      "mean": 0.7073396366000001,
      "stddev": 0.005696569794613111,
      "median": 0.7090844755000001,
      "user": 0.6976916,
      "system": 0.0023933,
      "min": 0.6913944360000001,
      "max": 0.710848759,
      "times": [
        0.7097313270000001,
        0.7068914150000001,
        0.6913944360000001,
        0.7097294230000001,
        0.709454439,
        0.710848759,
        0.709309697,
        0.7087875760000001,
        0.70839004,
        0.708859254
      ],
      "exit_codes": [
        0,
        0,
        0,
        0,
        0,
        0,
        0,
        0,
        0,
        0
      ]
    }
  ]
}
