{
  "results": [
    {
      "command": "./benchmark_guardpage_asmmove",
      "mean": 0.6134243690000002,
      "stddev": 0.026196908522291385,
      "median": 0.598120513,
      "user": 0.6037896,
      "system": 0.0031956,
      "min": 0.5758218620000001,
      "max": 0.646765398,
      "times": [
        0.597509351,
        0.598254744,
        0.597947727,
        0.597986282,
        0.597887602,
        0.5758218620000001,
        0.6466958230000001,
        0.6286351560000001,
        0.646765398,
        0.6467397450000001
      ],
      "exit_codes": [
        0,
        0,
        0,
        0,
        0,
        0,
        0,
        0,
        0,
        0
      ]
    }
  ]
}
