{
  "results": [
    {
      "command": "./benchmark_boundschecks",
      "mean": 1.3637576654,
      "stddev": 0.0030119079816017637,
      "median": 1.3629842855,
      "user": 1.3440238,
      "system": 0.005587199999999999,
      "min": 1.362099301,
      "max": 1.372253667,
      "times": [
        1.363092885,
        1.36225027,
        1.363041563,
        1.3627557829999999,
        1.362626442,
        1.362099301,
        1.363150874,
        1.372253667,
        1.363378861,
        1.362927008
      ],
      "exit_codes": [
        0,
        0,
        0,
        0,
        0,
        0,
        0,
        0,
        0,
        0
      ]
    }
  ]
}
