{
  "results": [
    {
      "command": "./benchmark_guardpage_asmmove",
      "mean": 0.606039467,
      "stddev": 0.0008688642981772606,
      "median": 0.605923834,
      "user": 0.5967185999999999,
      "system": 0.0027955000000000002,
      "min": 0.6049982890000001,
      "max": 0.607822753,
      "times": [
        0.607822753,
        0.605726018,
        0.605388518,
        0.606216101,
        0.606357351,
        0.605682417,
        0.6061216500000001,
        0.6051075960000001,
        0.6049982890000001,
        0.606973977
      ],
      "exit_codes": [
        0,
        0,
        0,
        0,
        0,
        0,
        0,
        0,
        0,
        0
      ]
    }
  ]
}
