{
  "results": [
    {
      "command": "./benchmark_guardpage_asmmove",
      "mean": 3.0436123368,
      "stddev": 0.014701188411362734,
      "median": 3.041137281,
      "user": 3.0033575999999997,
      "system": 0.0104093,
      "min": 3.026928798,
      "max": 3.061436904,
      "times": [
        3.029303494,
        3.039622783,
        3.030015148,
        3.026928798,
        3.061436904,
        3.0547413900000002,
        3.061176209,
        3.029222318,
        3.061024545,
        3.042651779
      ],
      "exit_codes": [
        0,
        0,
        0,
        0,
        0,
        0,
        0,
        0,
        0,
        0
      ]
    }
  ]
}
