{
  "results": [
    {
      "command": "./benchmark_boundschecks",
      "mean": 3.1584786603000006,
      "stddev": 0.017795634581079182,
      "median": 3.1550979675,
      "user": 3.1186553999999997,
      "system": 0.0079966,
      "min": 3.128610746,
      "max": 3.184178158,
      "times": [
        3.1711166,
        3.175827063,
        3.143400418,
        3.150406294,
        3.128610746,
        3.149704236,
        3.159789641,
        3.145806997,
        3.17594645,
        3.184178158
      ],
      "exit_codes": [
        0,
        0,
        0,
        0,
        0,
        0,
        0,
        0,
        0,
        0
      ]
    }
  ]
}
