{
  "results": [
    {
      "command": "./benchmark_hfiemulate2",
      "mean": 0.8836040411000001,
      "stddev": 0.004063334566140038,
      "median": 0.8827065280000002,
      "user": 0.8707455,
      "system": 0.0040015,
      "min": 0.8798923070000001,
      "max": 0.894677762,
      "times": [
        0.8826741910000001,
        0.881317643,
        0.8815000380000001,
        0.883542936,
        0.894677762,
        0.8798923070000001,
        0.883373772,
        0.8827388650000001,
        0.883649196,
        0.8826737010000001
      ],
      "exit_codes": [
        0,
        0,
        0,
        0,
        0,
        0,
        0,
        0,
        0,
        0
      ]
    }
  ]
}
