{
  "results": [
    {
      "command": "./benchmark_hfiemulate2",
      "mean": 0.2590938396363637,
      "stddev": 0.0032918739597276284,
      "median": 0.260314471,
      "user": 0.2536939090909091,
      "system": 0.002510454545454545,
      "min": 0.249992138,
      "max": 0.260868237,
      "times": [
        0.260314471,
        0.260490541,
        0.260532669,
        0.260329811,
        0.26030545,
        0.260772312,
        0.26013648100000003,
        0.26016540800000004,
        0.249992138,
        0.25612471800000003,
        0.260868237
      ],
      "exit_codes": [
        0,
        0,
        0,
        0,
        0,
        0,
        0,
        0,
        0,
        0,
        0
      ]
    }
  ]
}
