{
  "results": [
    {
      "command": "./benchmark_hfiemulate2",
      "mean": 0.04670604290476189,
      "stddev": 0.0023741906566752983,
      "median": 0.047058455000000006,
      "user": 0.0446217619047619,
      "system": 0.001438253968253968,
      "min": 0.028294959,
      "max": 0.047583958,
      "times": [
        0.047363907000000004,
        0.047276085,
        0.047047910000000005,
        0.046741669,
        0.047224858,
        0.047004406000000006,
        0.046831395000000005,
        0.047156578000000005,
        0.046677487000000004,
        0.047295748000000006,
        0.028294959,
        0.045861405,
        0.046731137000000006,
        0.04722935,
        0.047305461,
        0.046981465,
        0.047105232000000004,
        0.046801426,
        0.047160853,
        0.047130889,
        0.046881258,
        0.047168928000000006,
        0.046649536000000005,
        0.047206394000000006,
        0.046648156,
        0.047049701000000006,
        0.047313401000000005,
        0.047223055,
        0.047161587000000005,
        0.046722038,
        0.047196823000000006,
        0.047235451000000005,
        0.046670095,
        0.047195007000000004,
        0.046666497,
        0.047105977,
        0.046757891,
        0.047048432,
        0.047583958,
        0.046767127000000006,
        0.047044897,
        0.046753508000000006,
        0.047058455000000006,
        0.047443318000000005,
        0.046712231,
        0.046971184000000006,
        0.046628616000000005,
        0.047206943,
        0.047148639000000006,
        0.046779294000000006,
        0.047166094000000006,
        0.046682469000000004,
        0.047174009,
        0.047414579000000005,
        0.046964956,
        0.047098229000000005,
        0.04656819,
        0.047193692,
        0.04671978,
        0.047248807000000004,
        0.047224225,
        0.046694913000000005,
        0.047110143
      ],
      "exit_codes": [
        0,
        0,
        0,
        0,
        0,
        0,
        0,
        0,
        0,
        0,
        0,
        0,
        0,
        0,
        0,
        0,
        0,
        0,
        0,
        0,
        0,
        0,
        0,
        0,
        0,
        0,
        0,
        0,
        0,
        0,
        0,
        0,
        0,
        0,
        0,
        0,
        0,
        0,
        0,
        0,
        0,
        0,
        0,
        0,
        0,
        0,
        0,
        0,
        0,
        0,
        0,
        0,
        0,
        0,
        0,
        0,
        0,
        0,
        0,
        0,
        0,
        0,
        0
      ]
    }
  ]
}
