{
  "results": [
    {
      "command": "./benchmark_hfiemulate2",
      "mean": 0.9441425031999999,
      "stddev": 0.0014100502394194581,
      "median": 0.9445069515,
      "user": 0.9288883,
      "system": 0.005208,
      "min": 0.941254774,
      "max": 0.9461909740000001,
      "times": [
        0.944788175,
        0.945102144,
        0.9453042500000001,
        0.944369043,
        0.9433282270000001,
        0.94464486,
        0.9461909740000001,
        0.941254774,
        0.943282602,
        0.943159983
      ],
      "exit_codes": [
        0,
        0,
        0,
        0,
        0,
        0,
        0,
        0,
        0,
        0
      ]
    }
  ]
}
