{
  "results": [
    {
      "command": "./benchmark_guardpage_asmmove",
      "mean": 0.7103214793999999,
      "stddev": 0.0034757712449523886,
      "median": 0.709207173,
      "user": 0.6978914999999999,
      "system": 0.005198400000000001,
      "min": 0.708482179,
      "max": 0.7201556020000001,
      "times": [
        0.7094825730000001,
        0.7091319460000001,
        0.708482179,
        0.709290627,
        0.709262897,
        0.7100092290000001,
        0.709114517,
        0.709151449,
        0.7201556020000001,
        0.7091337750000001
      ],
      "exit_codes": [
        0,
        0,
        0,
        0,
        0,
        0,
        0,
        0,
        0,
        0
      ]
    }
  ]
}
