{
  "results": [
    {
      "command": "./benchmark_guardpage_asmmove",
      "mean": 0.4208426863,
      "stddev": 0.003117507641359578,
      "median": 0.41982756200000004,
      "user": 0.4134646,
      "system": 0.0027949999999999997,
      "min": 0.41954679500000003,
      "max": 0.42968563800000004,
      "times": [
        0.41977069800000005,
        0.420091272,
        0.42022304400000005,
        0.41954679500000003,
        0.419714968,
        0.419684571,
        0.41957073100000003,
        0.41988442600000003,
        0.42968563800000004,
        0.42025472
      ],
      "exit_codes": [
        0,
        0,
        0,
        0,
        0,
        0,
        0,
        0,
        0,
        0
      ]
    }
  ]
}
