{
  "results": [
    {
      "command": "./benchmark_masking",
      "mean": 0.4197094027,
      "stddev": 0.0003655546814199102,
      "median": 0.419711226,
      "user": 0.4133722000000001,
      "system": 0.0019855000000000003,
      "min": 0.41925370100000003,
      "max": 0.420368836,
      "times": [
        0.41988840800000005,
        0.41925370100000003,
        0.420368836,
        0.41939783,
        0.41953632,
        0.419841956,
        0.41970904600000003,
        0.41925471000000003,
        0.419713406,
        0.42012981400000005
      ],
      "exit_codes": [
        0,
        0,
        0,
        0,
        0,
        0,
        0,
        0,
        0,
        0
      ]
    }
  ]
}
