{
  "results": [
    {
      "command": "./benchmark_guardpage_asmmove",
      "mean": 1.5889900974,
      "stddev": 0.015599118426775912,
      "median": 1.5937538805,
      "user": 1.5676565999999998,
      "system": 0.004801000000000001,
      "min": 1.5446213690000001,
      "max": 1.594698406,
      "times": [
        1.593939779,
        1.5935679820000002,
        1.59342756,
        1.59463995,
        1.5446213690000001,
        1.593265722,
        1.594698406,
        1.593231647,
        1.594428054,
        1.594080505
      ],
      "exit_codes": [
        0,
        0,
        0,
        0,
        0,
        0,
        0,
        0,
        0,
        0
      ]
    }
  ]
}
