{
  "results": [
    {
      "command": "./benchmark_boundschecks",
      "mean": 0.8905537252,
      "stddev": 0.0003548577228166568,
      "median": 0.8905028955000001,
      "user": 0.8763555999999999,
      "system": 0.0052058,
      "min": 0.889850588,
      "max": 0.891067759,
      "times": [
        0.8903244610000001,
        0.891067759,
        0.8905225370000001,
        0.8909819750000001,
        0.890375358,
        0.890595247,
        0.8908592320000001,
        0.890476841,
        0.889850588,
        0.8904832540000001
      ],
      "exit_codes": [
        0,
        0,
        0,
        0,
        0,
        0,
        0,
        0,
        0,
        0
      ]
    }
  ]
}
