{
  "results": [
    {
      "command": "./benchmark_masking",
      "mean": 0.04857405586885245,
      "stddev": 0.0004410654533587382,
      "median": 0.048527079,
      "user": 0.04623868852459016,
      "system": 0.0016824098360655737,
      "min": 0.048004674000000004,
      "max": 0.050566291000000006,
      "times": [
        0.048566918,
        0.048789103,
        0.048393733,
        0.048169137,
        0.048592228,
        0.048652264,
        0.048151598000000004,
        0.048469422000000005,
        0.048624409,
        0.048483241,
        0.048580954,
        0.048084438,
        0.048527079,
        0.048882742,
        0.048655192,
        0.048594387,
        0.048100652,
        0.049496385000000004,
        0.048458923,
        0.048329928,
        0.048432020000000006,
        0.048265338000000005,
        0.048285945000000004,
        0.048455695,
        0.048588716000000004,
        0.048653555,
        0.048935995,
        0.048827607,
        0.048793057,
        0.048004674000000004,
        0.048577477,
        0.048083191000000004,
        0.048480832,
        0.048431211,
        0.048092207000000005,
        0.048624896,
        0.048046713000000005,
        0.048859375000000003,
        0.048958293,
        0.048451148000000006,
        0.049321372,
        0.048183421000000004,
        0.048496050000000006,
        0.048644988,
        0.048158612,
        0.049573817000000006,
        0.048102654,
        0.048514428000000005,
        0.050566291000000006,
        0.048180477000000006,
        0.048407570000000004,
        0.048482035,
        0.049205471,
        0.049390197000000004,
        0.048631718000000004,
        0.048584005000000006,
        0.048704931,
        0.048063883,
        0.048658121000000006,
        0.048046093000000005,
        0.048650596000000004
      ],
      "exit_codes": [
        0,
        0,
        0,
        0,
        0,
        0,
        0,
        0,
        0,
        0,
        0,
        0,
        0,
        0,
        0,
        0,
        0,
        0,
        0,
        0,
        0,
        0,
        0,
        0,
        0,
        0,
        0,
        0,
        0,
        0,
        0,
        0,
        0,
        0,
        0,
        0,
        0,
        0,
        0,
        0,
        0,
        0,
        0,
        0,
        0,
        0,
        0,
        0,
        0,
        0,
        0,
        0,
        0,
        0,
        0,
        0,
        0,
        0,
        0,
        0,
        0
      ]
    }
  ]
}
