{
  "results": [
    {
      "command": "./benchmark_hfiemulate2",
      "mean": 0.07938223956756756,
      "stddev": 0.004546523551013795,
      "median": 0.080113822,
      "user": 0.0764771891891892,
      "system": 0.001926432432432432,
      "min": 0.052585893,
      "max": 0.081103956,
      "times": [
        0.07979720300000001,
        0.08051720600000001,
        0.080522993,
        0.08030667400000001,
        0.080713064,
        0.080026258,
        0.079713474,
        0.080217803,
        0.07993804,
        0.07953734800000001,
        0.08062077200000001,
        0.080086529,
        0.080210643,
        0.080007902,
        0.080113822,
        0.080102635,
        0.079518277,
        0.080786044,
        0.08003753300000001,
        0.052585893,
        0.07970091800000001,
        0.07920218200000001,
        0.080395617,
        0.07954720600000001,
        0.07999049500000001,
        0.080141958,
        0.07983373,
        0.07995360900000001,
        0.080396907,
        0.081103956,
        0.080531843,
        0.08011547200000001,
        0.080387128,
        0.080116112,
        0.08059253200000001,
        0.08040783,
        0.07936525600000001
      ],
      "exit_codes": [
        0,
        0,
        0,
        0,
        0,
        0,
        0,
        0,
        0,
        0,
        0,
        0,
        0,
        0,
        0,
        0,
        0,
        0,
        0,
        0,
        0,
        0,
        0,
        0,
        0,
        0,
        0,
        0,
        0,
        0,
        0,
        0,
        0,
        0,
        0,
        0,
        0
      ]
    }
  ]
}
