{
  "results": [
    {
      "command": "./benchmark_hfiemulate2",
      "mean": 3.0952696818,
      "stddev": 0.011098743289350841,
      "median": 3.1012183955,
      "user": 3.0543028,
      "system": 0.010805199999999997,
      "min": 3.069617768,
      "max": 3.102456811,
      "times": [
        3.100846125,
        3.101623795,
        3.10117026,
        3.08774279,
        3.069617768,
        3.102011373,
        3.08449159,
        3.102456811,
        3.101266531,
        3.101469775
      ],
      "exit_codes": [
        0,
        0,
        0,
        0,
        0,
        0,
        0,
        0,
        0,
        0
      ]
    }
  ]
}
