{
  "results": [
    {
      "command": "./benchmark_boundschecks",
      "mean": 0.2813465741,
      "stddev": 0.0055295542817449,
      "median": 0.281259896,
      "user": 0.2757758,
      "system": 0.0023933,
      "min": 0.27395508500000004,
      "max": 0.287372889,
      "times": [
        0.277447689,
        0.28566812,
        0.28722302,
        0.27705412900000004,
        0.287372889,
        0.285072103,
        0.277372367,
        0.27533435700000003,
        0.286965982,
        0.27395508500000004
      ],
      "exit_codes": [
        0,
        0,
        0,
        0,
        0,
        0,
        0,
        0,
        0,
        0
      ]
    }
  ]
}
