{
  "results": [
    {
      "command": "./benchmark_masking",
      "mean": 0.8837018936,
      "stddev": 0.0010489169660685682,
      "median": 0.8836749195,
      "user": 0.8704663,
      "system": 0.004380899999999999,
      "min": 0.881748101,
      "max": 0.885325298,
      "times": [
        0.883628038,
        0.883291161,
        0.8828525300000001,
        0.883925422,
        0.885325298,
        0.8842863700000001,
        0.883168283,
        0.881748101,
        0.885071932,
        0.8837218010000001
      ],
      "exit_codes": [
        0,
        0,
        0,
        0,
        0,
        0,
        0,
        0,
        0,
        0
      ]
    }
  ]
}
