{
  "results": [
    {
      "command": "./benchmark_masking",
      "mean": 3.0354749025,
      "stddev": 0.01150992724763348,
      "median": 3.034209835,
      "user": 2.9954218999999997,
      "system": 0.010405500000000002,
      "min": 3.017959344,
      "max": 3.058620788,
      "times": [
        3.028265733,
        3.036485152,
        3.044000423,
        3.033424222,
        3.024004651,
        3.044405873,
        3.032587391,
        3.017959344,
        3.058620788,
        3.034995448
      ],
      "exit_codes": [
        0,
        0,
        0,
        0,
        0,
        0,
        0,
        0,
        0,
        0
      ]
    }
  ]
}
