{
  "results": [
    {
      "command": "./benchmark_guardpage_asmmove",
      "mean": 0.04851487047540984,
      "stddev": 0.0003609484848860298,
      "median": 0.048508604000000004,
      "user": 0.04663680327868853,
      "system": 0.00122327868852459,
      "min": 0.047992404,
      "max": 0.049386107000000005,
      "times": [
        0.048719587,
        0.048181676,
        0.048525290000000006,
        0.048143077000000006,
        0.048962242,
        0.049182961000000004,
        0.048229424,
        0.048392678,
        0.048414047,
        0.048515641000000005,
        0.048634999000000005,
        0.048147352000000004,
        0.048658344000000006,
        0.049201864000000005,
        0.048090894,
        0.0486282,
        0.048034676000000005,
        0.048832368,
        0.048312184,
        0.048265797000000006,
        0.048981851,
        0.048332778,
        0.048627884,
        0.048008970000000005,
        0.049043377000000006,
        0.048508604000000004,
        0.048197748000000006,
        0.048345507,
        0.048933309,
        0.048146685,
        0.048705607000000005,
        0.047992404,
        0.048839098000000004,
        0.049095947,
        0.048158876,
        0.048691955,
        0.048020974,
        0.049283803,
        0.049386107000000005,
        0.048034001,
        0.048480893000000004,
        0.048306577,
        0.048556581,
        0.049113473000000005,
        0.048002257,
        0.04880616,
        0.048516182000000005,
        0.048168749000000004,
        0.048789369000000006,
        0.048125128,
        0.048442309,
        0.048171576,
        0.04861411,
        0.048677924000000004,
        0.048246987000000005,
        0.048784514,
        0.048365102,
        0.048508315,
        0.048538658000000005,
        0.048202009000000004,
        0.048581440000000004
      ],
      "exit_codes": [
        0,
        0,
        0,
        0,
        0,
        0,
        0,
        0,
        0,
        0,
        0,
        0,
        0,
        0,
        0,
        0,
        0,
        0,
        0,
        0,
        0,
        0,
        0,
        0,
        0,
        0,
        0,
        0,
        0,
        0,
        0,
        0,
        0,
        0,
        0,
        0,
        0,
        0,
        0,
        0,
        0,
        0,
        0,
        0,
        0,
        0,
        0,
        0,
        0,
        0,
        0,
        0,
        0,
        0,
        0,
        0,
        0,
        0,
        0,
        0,
        0
      ]
    }
  ]
}
