{
  "results": [
    {
      "command": "./benchmark_masking",
      "mean": 0.6444348420000001,
      "stddev": 0.005712348826086641,
      "median": 0.6461843335,
      "user": 0.6347509,
      "system": 0.0031885999999999998,
      "min": 0.6281903120000001,
      "max": 0.6465469530000001,
      "times": [
        0.646027479,
        0.6459766450000001,
        0.6459189150000001,
        0.646399209,
        0.646297117,
        0.64607155,
        0.646520748,
        0.6281903120000001,
        0.646399492,
        0.6465469530000001
      ],
      "exit_codes": [
        0,
        0,
        0,
        0,
        0,
        0,
        0,
        0,
        0,
        0
      ]
    }
  ]
}
