{
  "results": [
    {
      "command": "./benchmark_masking",
      "mean": 0.08639644702941177,
      "stddev": 0.00033936048390487426,
      "median": 0.086295254,
      "user": 0.08441329411764706,
      "system": 0.0009338823529411765,
      "min": 0.08595092900000001,
      "max": 0.087343139,
      "times": [
        0.086286872,
        0.08640070200000001,
        0.08604093600000001,
        0.086123372,
        0.086224588,
        0.086160502,
        0.086467548,
        0.086854607,
        0.08595092900000001,
        0.08643363200000001,
        0.086382489,
        0.086303636,
        0.08619565500000001,
        0.08696777400000001,
        0.08640080400000001,
        0.08610288,
        0.086164208,
        0.086531435,
        0.086401645,
        0.086079349,
        0.087343139,
        0.08697357500000001,
        0.08638011000000001,
        0.08615961100000001,
        0.086265064,
        0.08653796600000001,
        0.086108607,
        0.08613419,
        0.08611808500000001,
        0.086465844,
        0.08624387,
        0.087182914,
        0.08686985900000001,
        0.086222802
      ],
      "exit_codes": [
        0,
        0,
        0,
        0,
        0,
        0,
        0,
        0,
        0,
        0,
        0,
        0,
        0,
        0,
        0,
        0,
        0,
        0,
        0,
        0,
        0,
        0,
        0,
        0,
        0,
        0,
        0,
        0,
        0,
        0,
        0,
        0,
        0,
        0
      ]
    }
  ]
}
