{
  "results": [
    {
      "command": "./benchmark_masking",
      "mean": 0.011022166277777785,
      "stddev": 0.0001644621379425447,
      "median": 0.010986734500000001,
      "user": 0.009934196296296303,
      "system": 0.0008450999999999999,
      "min": 0.010806769,
      "max": 0.011608356,
      "times": [
        0.011072852000000001,
        0.011119296,
        0.011172305,
        0.010950899,
        0.010921611000000001,
        0.010941703,
        0.010942720000000001,
        0.011000019000000002,
        0.011302027000000001,
        0.011164132,
        0.010873446,
        0.011013728,
        0.010939804000000001,
        0.010902321000000001,
        0.011114477000000001,
        0.011205386000000001,
        0.010990340000000001,
        0.01084292,
        0.011002905,
        0.010832105,
        0.011260346000000001,
        0.010846006,
        0.011193313,
        0.010943655,
        0.010899909000000001,
        0.010973985,
        0.011180676,
        0.011183150000000001,
        0.010964796,
        0.010940182000000001,
        0.010936264000000001,
        0.010908975000000001,
        0.01121887,
        0.010920203,
        0.011135759,
        0.010848768,
        0.011054041,
        0.010969729000000001,
        0.011129705,
        0.011159486000000001,
        0.010849057,
        0.011037375,
        0.010832024,
        0.011024540000000001,
        0.011112231,
        0.011215643,
        0.011000842,
        0.010836413000000001,
        0.010988358,
        0.010806769,
        0.011001695,
        0.011150035,
        0.011173490000000001,
        0.010954275000000001,
        0.010909604,
        0.010951062000000001,
        0.010909866,
        0.011404907,
        0.010897156,
        0.01101671,
        0.010959512000000001,
        0.010897563,
        0.01095286,
        0.011182711000000001,
        0.01112862,
        0.010895249000000001,
        0.011004246,
        0.010849554,
        0.011004837,
        0.011451746,
        0.010877015,
        0.011004483,
        0.010888872,
        0.010998177000000001,
        0.010864475,
        0.011502223,
        0.010963423,
        0.010891385,
        0.011014498000000001,
        0.010843263,
        0.011075611,
        0.011119601000000002,
        0.011155937000000001,
        0.010938086000000001,
        0.010896092000000001,
        0.010943013000000001,
        0.010901647,
        0.011529469,
        0.010869314000000001,
        0.011019081,
        0.010965777000000001,
        0.010870838,
        0.010958999,
        0.011160239,
        0.011238281000000001,
        0.010830314,
        0.01100129,
        0.010845434000000001,
        0.010979697,
        0.011109393,
        0.011153090000000001,
        0.011052159,
        0.010841892,
        0.010967315,
        0.010829252000000001,
        0.011291289000000001,
        0.010880389,
        0.011140273000000001,
        0.010961814,
        0.010927413,
        0.011003949,
        0.011096078,
        0.011230136,
        0.010974062000000001,
        0.010924782000000001,
        0.010946979,
        0.010991154000000001,
        0.01139768,
        0.010838675,
        0.01098519,
        0.010840651000000001,
        0.011025321000000001,
        0.010949495,
        0.011244835,
        0.011158401,
        0.010844637,
        0.01101645,
        0.010838492,
        0.010994762,
        0.011122943000000001,
        0.011192771,
        0.011067716,
        0.010843710000000001,
        0.01099757,
        0.010822312,
        0.011459321000000001,
        0.010988279,
        0.010946095000000001,
        0.010949712,
        0.010906467000000001,
        0.010959186000000001,
        0.011185873,
        0.011128099,
        0.010827647000000001,
        0.011021108,
        0.010976482000000001,
        0.010927243000000001,
        0.011281755000000001,
        0.010929424,
        0.01115881,
        0.010860283,
        0.011004101,
        0.010894031,
        0.011269063000000001,
        0.011142841,
        0.010837724,
        0.010999464,
        0.010860715,
        0.010979384,
        0.011141012,
        0.011180342000000001,
        0.010956631000000001,
        0.010902766000000001,
        0.010998428000000001,
        0.010847191,
        0.011300438000000001,
        0.010914716000000001,
        0.011168231,
        0.010936401,
        0.010929664,
        0.010981624,
        0.011169382,
        0.011151159,
        0.010835211,
        0.011049514,
        0.010932562,
        0.010914821,
        0.011364125000000001,
        0.010867319,
        0.011021647,
        0.010847114000000001,
        0.011027368000000001,
        0.010849372000000001,
        0.011532602000000001,
        0.011265168,
        0.010837656000000001,
        0.011014893000000001,
        0.010835797000000001,
        0.011031713,
        0.011117839000000001,
        0.011145711,
        0.010953879000000001,
        0.010910457,
        0.010930577,
        0.010836099,
        0.011508583000000001,
        0.010850206000000001,
        0.011015968000000001,
        0.010929703,
        0.010906358000000001,
        0.010968232000000001,
        0.011245971,
        0.011184468000000001,
        0.010836362,
        0.010998478,
        0.01082892,
        0.011025554,
        0.011273464,
        0.010901283000000001,
        0.011136425,
        0.010892055000000001,
        0.01099335,
        0.011151261,
        0.011150849000000001,
        0.010975199000000001,
        0.010882645,
        0.011001294,
        0.010879644,
        0.011591182,
        0.010870527000000001,
        0.011022233000000001,
        0.010938688,
        0.010972586000000001,
        0.010931975,
        0.01130016,
        0.011150204,
        0.010827814,
        0.01101087,
        0.010853644,
        0.011005392000000001,
        0.011420639000000002,
        0.010889053000000001,
        0.011040122000000001,
        0.010852007,
        0.010946855,
        0.010858972000000001,
        0.011331929000000001,
        0.010860980000000001,
        0.011174621000000001,
        0.011049635,
        0.010842605,
        0.010998486,
        0.011187999,
        0.011159214,
        0.010973238000000001,
        0.010903302,
        0.011004346,
        0.010893878000000001,
        0.011608356,
        0.010854738000000001,
        0.011009243,
        0.010942858000000001,
        0.010882059000000001,
        0.010973950000000001,
        0.011249823,
        0.011233301000000001,
        0.010834938,
        0.011012200000000002,
        0.010844789,
        0.011002083000000001,
        0.011331501,
        0.011190380000000002,
        0.01102462,
        0.011066789,
        0.011019665000000001,
        0.010821679,
        0.011580556,
        0.011026810000000001,
        0.010911927,
        0.010949338000000001
      ],