{
  "results": [
    {
      "command": "./benchmark_boundschecks",
      "mean": 1.1600742885,
      "stddev": 0.01982588487649317,
      "median": 1.154240798,
      "user": 1.1447417,
      "system": 0.0035990999999999996,
      "min": 1.131808938,
      "max": 1.210041279,
      "times": [
        1.153334035,
        1.16534462,
        1.210041279,
        1.131808938,
        1.153954572,
        1.154146967,
        1.1650418,
        1.158721431,
        1.154014614,
        1.154334629
      ],
      "exit_codes": [
        0,
        0,
        0,
        0,
        0,
        0,
        0,
        0,
        0,
        0
      ]
    }
  ]
}
