{
  "results": [
    {
      "command": "./benchmark_masking",
      "mean": 1.5878429264,
      "stddev": 0.011232483357635865,
      "median": 1.594281418,
      "user": 1.5632259000000002,
      "system": 0.0079911,
      "min": 1.565482909,
      "max": 1.595000401,
      "times": [
        1.595000401,
        1.594882472,
        1.576816334,
        1.594115497,
        1.565482909,
        1.594447339,
        1.594969291,
        1.594913559,
        1.593859477,
        1.573941985
      ],
      "exit_codes": [
        0,
        0,
        0,
        0,
        0,
        0,
        0,
        0,
        0,
        0
      ]
    }
  ]
}
