{
  "results": [
    {
      "command": "./benchmark_boundschecks",
      "mean": 0.7217089826,
      "stddev": 0.009522347640817497,
      "median": 0.7246810590000001,
      "user": 0.7115583999999999,
      "system": 0.0027886,
      "min": 0.694618032,
      "max": 0.725073097,
      "times": [
        0.725073097,
        0.694618032,
        0.725056502,
        0.7244515720000001,
        0.724757763,
        0.7246043550000001,
        0.724844777,
        0.7243212910000001,
        0.724449474,
        0.7249129630000001
      ],
      "exit_codes": [
        0,
        0,
        0,
        0,
        0,
        0,
        0,
        0,
        0,
        0
      ]
    }
  ]
}
