{
  "results": [
    {
      "command": "./benchmark_hfiemulate2",
      "mean": 0.22286670553846152,
      "stddev": 0.005650945666678363,
      "median": 0.224359359,
      "user": 0.2172063846153846,
      "system": 0.003091769230769231,
      "min": 0.204131961,
      "max": 0.22539603900000002,
      "times": [
        0.22539603900000002,
        0.22452117300000002,
        0.223857738,
        0.204131961,
        0.22523820400000003,
        0.224359359,
        0.223607095,
        0.224329681,
        0.224232067,
        0.224461815,
        0.22475080700000002,
        0.22398294300000002,
        0.22439829
      ],
      "exit_codes": [
        0,
        0,
        0,
        0,
        0,
        0,
        0,
        0,
        0,
        0,
        0,
        0,
        0
      ]
    }
  ]
}
