{
  "results": [
    {
      "command": "./benchmark_boundschecks",
      "mean": 0.013389121683035717,
      "stddev": 0.00020333512737190183,
      "median": 0.013318646,
      "user": 0.012349857142857138,
      "system": 0.0007510535714285715,
      "min": 0.013132355,
      "max": 0.014107245000000001,
      "times": [
        0.013375560000000002,
        0.013292934000000001,
        0.013540452000000001,
        0.01345935,
        0.013308490000000001,
        0.013161401000000001,
        0.013365443000000001,
        0.013732266000000002,
        0.013313852000000001,
        0.013193869,
        0.013339884000000002,
        0.013151902,
        0.014107245000000001,
        0.013299241000000002,
        0.013132355,
        0.013331176,
        0.01330863,
        0.013445066,
        0.013533301000000001,
        0.013326186,
        0.01325457,
        0.013209672,
        0.013835320000000002,
        0.013255767000000002,
        0.013269844000000001,
        0.013292839,
        0.013275719,
        0.013567641,
        0.013473923,
        0.01364714,
        0.013195666,
        0.01347073,
        0.0135966,
        0.013532417000000001,
        0.013167713000000001,
        0.013274192,
        0.013296312000000001,
        0.013501041,
        0.013443948,
        0.013313182000000002,
        0.013166132,
        0.013339535000000001,
        0.013821388,
        0.013284695000000001,
        0.013213325000000001,
        0.013315639,
        0.013273208000000002,
        0.013862956000000001,
        0.01332522,
        0.013307238,
        0.013207458,
        0.013307859,
        0.01383112,
        0.013222673,
        0.013332237,
        0.013254813,
        0.013217357,
        0.014012150000000001,
        0.013340320000000001,
        0.013206334,
        0.01329986,
        0.013368214000000002,
        0.013534303000000001,
        0.013452349,
        0.013301683000000002,
        0.013322,
        0.013211716,
        0.013956288,
        0.013252082,
        0.013210889,
        0.013326593000000001,
        0.013283188000000001,
        0.013949518000000001,
        0.013354827000000001,
        0.013250423,
        0.013483696000000002,
        0.013487952000000001,
        0.013641719,
        0.013174319,
        0.013446954,
        0.013289274,
        0.013244607,
        0.013457492000000001,
        0.013514669,
        0.013270178,
        0.013201074,
        0.013322867,
        0.013836487000000001,
        0.013162115,
        0.013390931,
        0.013302583000000002,
        0.013139005,
        0.013555030000000001,
        0.013546154000000001,
        0.013245039,
        0.013303161,
        0.013293059000000001,
        0.013409595000000002,
        0.013457994000000001,
        0.013327205000000002,
        0.013267957,
        0.013250691,
        0.013916206,
        0.013292650000000001,
        0.013228614000000001,
        0.013299376000000002,
        0.013152663,
        0.013644802000000001,
        0.013484683,
        0.013275389,
        0.013206296000000001,
        0.013311206,
        0.013685407,
        0.013197316,
        0.013296253000000001,
        0.013277941000000001,
        0.013192417000000001,
        0.013562576000000002,
        0.013466326,
        0.013185069,
        0.013610688000000001,
        0.013443026,
        0.013583084,
        0.013497011000000001,
        0.013322338000000001,
        0.013319307,
        0.013237179,
        0.013785254,
        0.013291284,
        0.013214143000000001,
        0.01331912,
        0.013305449,
        0.013473899000000001,
        0.013466517,
        0.013324882000000001,
        0.013195659,
        0.013308614000000002,
        0.013716598000000002,
        0.01318042,
        0.013287285000000001,
        0.013337290000000002,
        0.013160642,
        0.013609708000000002,
        0.013481100000000001,
        0.01323115,
        0.013248280000000001,
        0.013323618,
        0.013449491000000001,
        0.013482589000000001,
        0.013346909,
        0.013273439000000001,
        0.013241553000000001,
        0.013774597000000001,
        0.013350833000000001,
        0.013165885,
        0.013350240000000001,
        0.013250663000000001,
        0.013548594,
        0.013452706,
        0.013318756000000001,
        0.013138557,
        0.013369337,
        0.013852197,
        0.013271555,
        0.013488179000000001,
        0.013450309,
        0.013325354000000001,
        0.01354135,
        0.013460932,
        0.013318600000000002,
        0.013249775,
        0.013198612,
        0.013868677000000001,
        0.013300027,
        0.013204790000000001,
        0.013304934000000001,
        0.013257753,
        0.013892010000000002,
        0.013377001000000001,
        0.013251942000000001,
        0.013221984,
        0.013315233000000001,
        0.013789104000000002,
        0.01315292,
        0.013370867000000002,
        0.013240078,
        0.013220009000000001,
        0.013922731,
        0.01332113,
        0.013175108000000001,
        0.013339528000000002,
        0.013311900000000002,
        0.013552931,
        0.013472177,
        0.013314415000000001,
        0.013244905000000001,
        0.013238721,
        0.013900525,
        0.013264102000000002,
        0.013220576000000001,
        0.013321897000000001,
        0.013259853,
        0.013876777000000002,
        0.013331082000000001,
        0.013245655,
        0.013220184000000001,
        0.013318692,
        0.013810657,
        0.013223311000000001,
        0.013886433,
        0.013397229,
        0.013475419,
        0.013461325000000001,
        0.013316287000000001,
        0.013315363,
        0.013203682000000001,
        0.013307196,
        0.013547873,
        0.013450461,
        0.013346557,
        0.013303247,
        0.013198397,
        0.013832569000000001,
        0.01331705
      ],