{
  "results": [
    {
      "command": "./benchmark_guardpage_asmmove",
      "mean": 0.2619620024545455,
      "stddev": 0.0003963959110198786,
      "median": 0.262056136,
      "user": 0.2561153636363636,
      "system": 0.002875545454545454,
      "min": 0.261323276,
      "max": 0.262567172,
      "times": [
        0.261323276,
        0.262139025,
        0.261701911,
        0.26225586900000003,
        0.261437625,
        0.262410919,
        0.261958595,
        0.262056136,
        0.261633528,
        0.262567172,
        0.26209797100000004
      ],
      "exit_codes": [
        0,
        0,
        0,
        0,
        0,
        0,
        0,
        0,
        0,
        0,
        0
      ]
    }
  ]
}
