{
  "results": [
    {
      "command": "./benchmark_boundschecks",
      "mean": 0.008593387268656725,
      "stddev": 0.00041027826057003905,
      "median": 0.00857771,
      "user": 0.006878313432835818,
      "system": 0.0014845074626865672,
      "min": 0.004722454,
      "max": 0.009395512,
      "times": [
        0.008940953,
        0.00847747,
        0.008676949,
        0.008916059,
        0.008930929,
        0.008544817,
        0.008596758000000001,
        0.008524688,
        0.008483419,
        0.008795433,
        0.008461774,
        0.007976413,
        0.004722454,
        0.005070491,
        0.005483921,
        0.006438557,
        0.007232044000000001,
        0.008483368,
        0.008460088000000001,
        0.008584034,
        0.00857771,
        0.008540027,
        0.009301376,
        0.008510389,
        0.008633524,
        0.008538135,
        0.009045502,
        0.008560554,
        0.00859392,
        0.008604292000000001,
        0.008941716,
        0.008827313,
        0.008518865,
        0.008698807000000001,
        0.008433543,
        0.00862487,
        0.008433092,
        0.00924554,
        0.008581255000000001,
        0.008590691000000001,
        0.008493681000000001,
        0.008483097,
        0.008623574,
        0.00853099,
        0.008581944000000001,
        0.008896005,
        0.008503687000000001,
        0.008507401000000001,
        0.008649821,
        0.0085477,
        0.008463238,
        0.008659444,
        0.008465993,
        0.009126515,
        0.008510442,
        0.008611842,
        0.008542532,
        0.00850934,
        0.008648832,
        0.008442969,
        0.008642028000000001,
        0.008860811,
        0.00885083,
        0.008495168,
        0.008577059,
        0.008516712000000001,
        0.00852141,
        0.008639151000000001,
        0.008487982,
        0.008674177,
        0.008829879,
        0.008816550000000001,
        0.008488846000000001,
        0.008609983,
        0.008526309000000001,
        0.008524773000000001,
        0.008641727,
        0.008731927,
        0.008855471,
        0.008511607000000001,
        0.008578436,
        0.008518649,
        0.008563814000000001,
        0.008513202000000001,
        0.008462843000000001,
        0.009375846,
        0.00856143,
        0.008570736,
        0.008565983000000001,
        0.008477262000000001,
        0.00860427,
        0.008486069,
        0.008583962,
        0.008929107,
        0.008864208,
        0.008504829,
        0.008576322,
        0.009175431000000001,
        0.008502619000000001,
        0.008626532000000001,
        0.008836323,
        0.008857109,
        0.00848837,
        0.008700166,
        0.008475179000000001,
        0.00860371,
        0.008508192000000001,
        0.008483409,
        0.008641349000000001,
        0.008499001,
        0.009099671,
        0.008509568,
        0.008633954000000001,
        0.008561726,
        0.00863386,
        0.008540831,
        0.008488245,
        0.008660044,
        0.008812946,
        0.009019003000000001,
        0.008504969000000001,
        0.008669842,
        0.008519331,
        0.008460509,
        0.008664398,
        0.008760730000000001,
        0.008833634,
        0.008486945000000001,
        0.008652185,
        0.008477564,
        0.008600914000000001,
        0.008552808,
        0.008501301000000001,
        0.008948165000000001,
        0.008480016,
        0.008867653000000001,
        0.008504595,
        0.008663937,
        0.008469879000000001,
        0.00861624,
        0.008659629,
        0.008895154,
        0.008831837,
        0.008476648,
        0.008652224,
        0.008468564000000001,
        0.008575850000000001,
        0.008549552,
        0.008538974000000001,
        0.008914079,
        0.008559991000000001,
        0.008797372000000001,
        0.008466280000000001,
        0.008636716000000001,
        0.008470105,
        0.008607229000000001,
        0.008537457,
        0.008462490000000001,
        0.008996457000000001,
        0.008499161,
        0.008816368,
        0.008465128,
        0.008620956,
        0.008522150000000001,
        0.008573185,
        0.008546357000000001,
        0.008835719,
        0.008885220000000001,
        0.008488719,
        0.008618768,
        0.008467559000000001,
        0.008632798,
        0.008450689,
        0.009164878000000001,
        0.008490371,
        0.008617371,
        0.008547822,
        0.008520424,
        0.008620896000000001,
        0.008433461,
        0.008638222000000001,
        0.008867066,
        0.008512926,
        0.008780959000000001,
        0.008599394,
        0.008547729,
        0.008505967,
        0.008647188,
        0.008494069,
        0.009266541000000001,
        0.008521106,
        0.008596134,
        0.008502168000000001,
        0.008494221,
        0.008641301,
        0.008530863000000001,
        0.008653230000000001,
        0.008947315,
        0.008873443,
        0.008472171,
        0.008598619,
        0.008527934000000001,
        0.008434456,
        0.008635093,
        0.008525870000000001,
        0.008590662,
        0.008835784000000001,
        0.008808937000000001,
        0.008470645,
        0.008587514000000001,
        0.008544056000000001,
        0.008467329000000001,
        0.008626133000000001,
        0.008509041,
        0.009178496000000001,
        0.008573748,
        0.008583291,
        0.008513932,
        0.008524721,
        0.008516237000000001,
        0.008480501,
        0.008987123000000001,
        0.008535624,
        0.008854269000000001,
        0.008440595,
        0.008577468000000001,
        0.008535015,
        0.008456346,
        0.008647750000000001,
        0.008834878000000001,
        0.008958218,
        0.008469336000000001,
        0.008682746,
        0.008830782,
        0.008962665,
        0.008531054,
        0.008840009000000001,
        0.008617213,
        0.008516949000000001,
        0.008769916,
        0.008577772000000001,
        0.008587129,
        0.008476103,
        0.008642047,
        0.008489043,
        0.009395512,
        0.008524678,
        0.00857364,
        0.008552169,
        0.008449502000000001,
        0.008665268,
        0.008433213,
        0.008628019,
        0.008486275,
        0.009194287,
        0.008514792,
        0.008614306,
        0.008518296,
        0.008463095,
        0.008684913,
        0.008481083,
        0.008850938000000001,
        0.008795279000000001,
        0.008637510000000001,
        0.00855475,
        0.008461316,
        0.008637905000000001,
        0.00850992,
        0.008601947,
        0.008951166,
        0.008569737000000001,
        0.008775488,
        0.008470867,
        0.008658755,
        0.008446046,
        0.008660198000000001,
        0.008457366000000001,
        0.009253563000000001,
        0.008610825,
        0.008614756000000001,
        0.008502746,
        0.008506442000000001,
        0.008650105,
        0.008459981,
        0.008620123,
        0.008904403,
        0.008914277,
        0.008527951,
        0.008594813,
        0.008524151,
        0.008459171,
        0.008675856000000001,
        0.008461175000000001,
        0.008612498,
        0.008853193,
        0.008499719000000001,
        0.008796095,
        0.008614367000000001,
        0.008575270000000001,
        0.008463837,
        0.008643817,
        0.008452552,
        0.009220567,
        0.00853258,
        0.008601354,
        0.008954111,
        0.008616479,
        0.008764909000000001,
        0.008562647000000001,
        0.008904299000000001,
        0.008526978000000001,
        0.008898447,
        0.00848346,
        0.008627946000000001,
        0.008463434,
        0.008621793,
        0.008533928000000001,
        0.008816106,
        0.008640072,
        0.008627471000000001,
        0.008534376,
        0.008471855,
