{
  "results": [
    {
      "command": "./benchmark_guardpage_asmmove",
      "mean": 0.007161433910628014,
      "stddev": 0.00015604706928843665,
      "median": 0.00711146,
      "user": 0.00529749275362319,
      "system": 0.0016541135265700478,
      "min": 0.006976297,
      "max": 0.007919802,
      "times": [
        0.007236824,
        0.007075268,
        0.007050688,
        0.007229398000000001,
        0.007385687,
        0.007037493000000001,
        0.007330119,
        0.007027336,
        0.007167955,
        0.0070593060000000004,
        0.007047854,
        0.007163267,
        0.007161888000000001,
        0.007403889,
        0.007470317000000001,
        0.007073418000000001,
        0.007152023,
        0.007126323,
        0.007010856,
        0.007143341,
        0.007075603000000001,
        0.007058727000000001,
        0.007105459000000001,
        0.0071386290000000005,
        0.00738977,
        0.007471147000000001,
        0.007085567,
        0.007175038000000001,
        0.0071228080000000004,
        0.007084836000000001,
        0.007122142000000001,
        0.007077119000000001,
        0.00702396,
        0.007189989000000001,
        0.007530641,
        0.007034200000000001,
        0.007343143000000001,
        0.007076927,
        0.007169909,
        0.0070886460000000005,
        0.006996422,
        0.007171571000000001,
        0.007055003000000001,
        0.007391934,
        0.007371206000000001,
        0.007077693,
        0.007126089,
        0.007110557000000001,
        0.007058926,
        0.007130578,
        0.007098115,
        0.007050862000000001,
        0.007181328000000001,
        0.0071309170000000005,
        0.007292343000000001,
        0.007386683000000001,
        0.0070601330000000006,
        0.00712866,
        0.007064772,
        0.007043946000000001,
        0.007144994000000001,
        0.007067699,
        0.007017398,
        0.007153560000000001,
        0.0075457810000000005,
        0.007043112000000001,
        0.007406998000000001,
        0.007059517,
        0.007161715000000001,
        0.007071056,
        0.007007168,
        0.007127041000000001,
        0.007088168000000001,
        0.0074311920000000005,
        0.0073972000000000005,
        0.007044695,
        0.007124295,
        0.007161020000000001,
        0.007056046000000001,
        0.0071478,
        0.007119249,
        0.006976297,
        0.007117480000000001,
        0.007116677,
        0.007302879000000001,
        0.0073582610000000005,
        0.007035775,
        0.007219349000000001,
        0.007118798000000001,
        0.007106562,
        0.007155178000000001,
        0.007119402,
        0.0070311670000000005,
        0.0071406790000000005,
        0.007423907,
        0.007065178,
        0.007326956000000001,
        0.006997897,
        0.007146908,
        0.007116744,
        0.007077547000000001,
        0.0071942970000000005,
        0.007106414,
        0.007375854,
        0.007390232,
        0.007023551,
        0.007174646000000001,
        0.007158926,
        0.007050712000000001,
        0.007174046000000001,
        0.007112104,
        0.007048761000000001,
        0.007469469,
        0.007397750000000001,
        0.007034248000000001,
        0.007232014,
        0.007047233000000001,
        0.007419778,
        0.00735196,
        0.007008126000000001,
        0.007139745,
        0.00747555,
        0.007174278,
        0.007343023000000001,
        0.00700231,
        0.007163928000000001,
        0.007089661000000001,
        0.0070551450000000005,
        0.00717685,
        0.007048732,
        0.007045756,
        0.007152545000000001,
        0.007040080000000001,
        0.007459201,
        0.007322319000000001,
        0.007068808,
        0.007157173,
        0.007072119000000001,
        0.006998539000000001,
        0.007146841,
        0.0070864610000000005,
        0.0070300910000000005,
        0.007919802,
        0.007123855,
        0.0070605550000000005,
        0.0072302980000000005,
        0.006980462000000001,
        0.007035225000000001,
        0.007186904,
        0.007033925000000001,
        0.007221653000000001,
        0.007078762000000001,
        0.00705519,
        0.007147720000000001,
        0.007613376000000001,
        0.0070286770000000005,
        0.007161911000000001,
        0.007122022,
        0.007037182,
        0.00723394,
        0.007079743,
        0.007052559000000001,
        0.00718677,
        0.007356753000000001,
        0.0070325100000000005,
        0.007364031,
        0.007033026,
        0.007188364,
        0.007083573,
        0.0070294730000000005,
        0.007161116,
        0.007111093000000001,
        0.007439816,
        0.007491838000000001,
        0.007064478000000001,
        0.007111889000000001,
        0.007084847,
        0.0070157100000000005,
        0.007277521,
        0.007070448,
        0.007000518000000001,
        0.0071343100000000005,
        0.0074243140000000004,
        0.007039504,
        0.00734799,
        0.007024549000000001,
        0.0071989870000000004,
        0.007110245,
        0.007060005,
        0.007233387000000001,
        0.007086515000000001,
        0.007020086,
        0.007271538,
        0.007303797000000001,
        0.007051802,
        0.00735048,
        0.006987395,
        0.007484185000000001,
        0.007139042000000001,
        0.007038436,
        0.007453393000000001,
        0.00704162,
        0.007445826000000001,
        0.007457611,
        0.006991314,
        0.007193545000000001,
        0.006996297,
        0.007001220000000001,
        0.007200331000000001,
        0.00702469,
        0.007005347,
        0.007620552,
        0.007086238000000001,
        0.007025659,
        0.007346336,
        0.007103507,
        0.007191862,
        0.007000575,
        0.007010724,
        0.0072651980000000005,
        0.0070768260000000005,
        0.007008151000000001,
        0.007264139,
        0.007398564000000001,
        0.007090363000000001,
        0.007349833,
        0.007024401,
        0.007211956,
        0.007057056000000001,
        0.007056308000000001,
        0.007206916000000001,
        0.007062344000000001,
        0.007300944,
        0.007507105000000001,
        0.0070306660000000005,
        0.007158793,
        0.007056387000000001,
        0.00704848,
        0.0071830570000000005,
        0.007034454000000001,
        0.007056777,
        0.0075514020000000005,
        0.0071033500000000005,
        0.007033536000000001,
        0.007439963000000001,
        0.007024441,
        0.007180145000000001,
        0.0069926450000000005,
        0.007006414000000001,
        0.007240886,
        0.0070628900000000005,
        0.007011373,
        0.007176222,
        0.007364346000000001,
        0.007082156,
        0.007390300000000001,
        0.007009734,
        0.007211286000000001,
        0.006985600000000001,
        0.007068474000000001,
        0.007209452000000001,
        0.007014559,
        0.007332242,
        0.007329901000000001,
        0.007048484000000001,
        0.007312071000000001,
        0.0070594310000000006,
        0.007079091,
        0.007171618,
        0.00712985,
        0.007012781,
        0.007610075000000001,
        0.007056212,
        0.007010475,
        0.007370769,
        0.0070572610000000004,
        0.007153465,
        0.007004573,
        0.007026311,
        0.00719658,
        0.007069662000000001,
        0.007011318000000001,
        0.00723176,
        0.007347294000000001,
        0.007057333000000001,
        0.007323065,
        0.007041324000000001,
        0.00721121,
        0.0070056730000000005,
        0.007068169,
        0.007183858,
        0.0070308770000000005,
        0.007371883,
        0.00735898,
        0.00704763,
        0.007168147000000001,
        0.007021187000000001,
        0.007008542,
        0.007188377,
