{
  "results": [
    {
      "command": "./benchmark_masking",
      "mean": 0.007253147190578158,
      "stddev": 0.0003598217494652842,
      "median": 0.007221759,
      "user": 0.00554057815845824,
      "system": 0.001493798715203426,
      "min": 0.003931243,
      "max": 0.007984107,
      "times": [
        0.006422971,
        0.006887502,
        0.007237210000000001,
        0.007653123,
        0.007230327000000001,
        0.007532098,
        0.007154949000000001,
        0.007245385,
        0.007244333,
        0.007142622,
        0.007338844000000001,
        0.007282153,
        0.007177604000000001,
        0.0076577780000000005,
        0.004970815,
        0.003931243,
        0.004087605,
        0.004706388000000001,
        0.004833245,
        0.005307596,
        0.006105439000000001,
        0.0069727240000000005,
        0.007169638000000001,
        0.007237538000000001,
        0.00719162,
        0.007202610000000001,
        0.0076402480000000005,
        0.007180105000000001,
        0.0071619480000000004,
        0.007479406,
        0.007118318,
        0.007299128,
        0.007202111000000001,
        0.007169368000000001,
        0.007362225000000001,
        0.007562423,
        0.007153286,
        0.0074516090000000005,
        0.007148445000000001,
        0.007310438000000001,
        0.007481518,
        0.007196679,
        0.007474736,
        0.0071565050000000005,
        0.007865579000000001,
        0.007208381000000001,
        0.007228165000000001,
        0.0073386910000000005,
        0.007183166,
        0.007120307,
        0.0072774630000000005,
        0.0071667860000000005,
        0.0072467650000000005,
        0.0075294310000000005,
        0.007173148000000001,
        0.007477624,
        0.007145251,
        0.007217577,
        0.007310616000000001,
        0.007124316,
        0.007268124000000001,
        0.00715891,
        0.007501982000000001,
        0.007586662,
        0.007183138,
        0.007263015,
        0.007242116000000001,
        0.0071750780000000005,
        0.007268646,
        0.007182006,
        0.007140175,
        0.007246692000000001,
        0.007913969,
        0.007202881,
        0.007375799000000001,
        0.007149217,
        0.007163186,
        0.007400271000000001,
        0.007134493,
        0.007176948000000001,
        0.007301633,
        0.0074985270000000005,
        0.00748616,
        0.0071701460000000005,
        0.007161133,
        0.0073125410000000005,
        0.0071253950000000005,
        0.007228376000000001,
        0.007343785,
        0.007161305000000001,
        0.007879989,
        0.007271944000000001,
        0.007248101000000001,
        0.007302658,
        0.0071497110000000004,
        0.007299988,
        0.007207708,
        0.007143569000000001,
        0.007247217,
        0.007890526,
        0.007186474000000001,
        0.007332054,
        0.007215078000000001,
        0.007128018000000001,
        0.007275043,
        0.007135863,
        0.007186304,
        0.0073488170000000005,
        0.007447625,
        0.007166859,
        0.007557603,
        0.007117984000000001,
        0.007377455000000001,
        0.0071253900000000005,
        0.007155492,
        0.007302376,
        0.007156463,
        0.00740804,
        0.00748108,
        0.007179149,
        0.007332361000000001,
        0.007420334000000001,
        0.007243847,
        0.007587455000000001,
        0.007158974,
        0.007319807,
        0.007490719000000001,
        0.007175855,
        0.007653493000000001,
        0.007140226,
        0.007298369000000001,
        0.007125979,
        0.007127088,
        0.007392331,
        0.007122774,
        0.007471985,
        0.007486825000000001,
        0.00713024,
        0.007323369000000001,
        0.00716139,
        0.007126468,
        0.007356551,
        0.007131143,
        0.007142275,
        0.0077775480000000004,
        0.007188685,
        0.007441665,
        0.007237742,
        0.007102445000000001,
        0.0073047780000000005,
        0.007140217000000001,
        0.00712897,
        0.007308157000000001,
        0.007619416,
        0.007517699,
        0.007209923,
        0.007175826000000001,
        0.007314862,
        0.007167473000000001,
        0.007353601,
        0.007173882,
        0.007119413000000001,
        0.007921550000000001,
        0.007201369000000001,
        0.0071785600000000005,
        0.007339743,
        0.007201806000000001,
        0.007147821,
        0.007321368000000001,
        0.007152451000000001,
        0.007265673,
        0.007634282,
        0.007199039000000001,
        0.0074808340000000004,
        0.007158375000000001,
        0.007207942,
        0.007206873000000001,
        0.007219832000000001,
        0.007255959,
        0.007188639,
        0.007636854,
        0.007504594000000001,
        0.007210748,
        0.0072627920000000006,
        0.007221567000000001,
        0.007208424000000001,
        0.007306802,
        0.007186625,
        0.0071921630000000005,
        0.0075743220000000005,
        0.0075799610000000005,
        0.007184846000000001,
        0.007365822,
        0.007117623000000001,
        0.007129397000000001,
        0.007311072,
        0.007158028,
        0.007116327,
        0.007704219000000001,
        0.007322049000000001,
        0.007467804000000001,
        0.007141902,
        0.007153151000000001,
        0.0075758430000000005,
        0.007180827000000001,
        0.007437377,
        0.007132434000000001,
        0.007581146,
        0.007342891000000001,
        0.007157321,
        0.007211205,
        0.007494601,
        0.007114728000000001,
        0.0073235290000000005,
        0.007167558,
        0.007137789,
        0.007304548,
        0.007477597000000001,
        0.007509647,
        0.0071327050000000005,
        0.007129645,
        0.0073554200000000005,
        0.007148898000000001,
        0.007202763,
        0.007343358,
        0.007159274,
        0.007873754,
        0.007177510000000001,
        0.007149997000000001,
        0.007351942,
        0.007115717000000001,
        0.007259711,
        0.007170869000000001,
        0.007126271000000001,
        0.007284797000000001,
        0.007560739,
        0.007149296,
        0.007484677,
        0.0071742740000000004,
        0.007252484000000001,
        0.007194870000000001,
        0.007124524,
        0.007319571,
        0.0072402000000000005,
        0.00746412,
        0.007472121000000001,
        0.007232912,
        0.007258181000000001,
        0.007164164000000001,
        0.007124339,
        0.007271481000000001,
        0.007230435,
        0.007154300000000001,
        0.007813711000000001,
        0.007216702,
        0.007286193000000001,
        0.007204,
        0.007194984000000001,
        0.007264334000000001,
        0.007213888000000001,
        0.007134631000000001,
        0.007264339000000001,
        0.007587391000000001,
        0.007165875,
        0.007500706,
        0.00714533,
        0.0072275920000000006,
        0.0071996740000000005,
        0.007182135,
        0.007253964000000001,
        0.007187349000000001,
        0.0074685,
        0.007462327,
        0.0071400330000000005,
        0.007256404,
        0.00725569,
        0.0071225820000000006,
        0.007324590000000001,
        0.007173286,
        0.007137271000000001,
        0.007817303000000001,
        0.007203542,
        0.007151118000000001,
        0.007527560000000001,
        0.00716036,
        0.007891467000000001,
        0.007202675,
        0.007261926,
        0.007230033,
        0.007514084000000001,
        0.007537051,
        0.007126246,
        0.007234248,
        0.007237304000000001,
        0.007270737,
        0.0072490390000000005,
        0.007188975,
        0.0071787100000000005,
        0.007914290000000001,
        0.007203297000000001,
        0.007137199,
