{
  "results": [
    {
      "command": "./benchmark_boundschecks",
      "mean": 1.51531487852,
      "stddev": 0.006374013677307917,
      "median": 1.514294792,
      "user": 1.4924967999999998,
      "system": 0.007365039999999998,
      "min": 1.495135799,
      "max": 1.5252095319999999,
      "times": [
        1.513953836,
        1.5190441030000001,
        1.509737468,
        1.5232974320000001,
        1.522279094,
        1.514294792,
        1.517796609,
        1.5229998290000002,
        1.51457313,
        1.5128754,
        1.517299964,
        1.511953566,
        1.507838038,
        1.516500904,
        1.51295578,
        1.495135799,
        1.5171338040000002,
        1.524917335,
        1.5252095319999999,
        1.513676677,
        1.5095275460000002,
        1.5126729220000001,
        1.51944042,
        1.5135661690000002,
        1.5141918140000001
      ],
      "exit_codes": [
        0,
        0,
        0,
        0,
        0,
        0,
        0,
        0,
        0,
        0,
        0,
        0,
        0,
        0,
        0,
        0,
        0,
        0,
        0,
        0,
        0,
        0,
        0,
        0,
        0
      ]
    }
  ]
}
