{
  "results": [
    {
      "command": "./benchmark_boundschecks",
      "mean": 1.0356056331999997,
      "stddev": 0.002004434306463999,
      "median": 1.034893334,
      "user": 1.0202634800000003,
      "system": 0.00479748,
      "min": 1.0330822,
      "max": 1.040235392,
      "times": [
        1.034121872,
        1.033895662,
        1.03457214,
        1.035063175,
        1.033883917,
        1.035563996,
        1.034893334,
        1.034587059,
        1.0394593,
        1.036151507,
        1.035531035,
        1.035870178,
        1.034959909,
        1.034538448,
        1.040235392,
        1.038168018,
        1.03483729,
        1.0330822,
        1.034595426,
        1.033940737,
        1.036874748,
        1.038943403,
        1.038821787,
        1.033551626,
        1.033998671
      ],
      "exit_codes": [
        0,
        0,
        0,
        0,
        0,
        0,
        0,
        0,
        0,
        0,
        0,
        0,
        0,
        0,
        0,
        0,
        0,
        0,
        0,
        0,
        0,
        0,
        0,
        0,
        0
      ]
    }
  ]
}
