{
  "results": [
    {
      "command": "./benchmark_guardpage_asmmove",
      "mean": 0.8833247096400001,
      "stddev": 0.0036002349850697605,
      "median": 0.883795269,
      "user": 0.8695972399999999,
      "system": 0.0047983999999999995,
      "min": 0.8663425480000001,
      "max": 0.8861652940000001,
      "times": [
        0.8861652940000001,
        0.884120499,
        0.885336809,
        0.8837903100000001,
        0.8837423130000001,
        0.883763831,
        0.8839723780000001,
        0.8839891150000001,
        0.883358025,
        0.8836902510000001,
        0.883195531,
        0.88439413,
        0.884288547,
        0.8846109310000001,
        0.884678916,
        0.883503024,
        0.8831748970000001,
        0.8832798690000001,
        0.8663425480000001,
        0.8839602860000001,
        0.883969819,
        0.8837668420000001,
        0.884459922,
        0.8837683850000001,
        0.883795269
      ],
      "exit_codes": [
        0,
        0,
        0,
        0,
        0,
        0,
        0,
        0,
        0,
        0,
        0,
        0,
        0,
        0,
        0,
        0,
        0,
        0,
        0,
        0,
        0,
        0,
        0,
        0,
        0
      ]
    }
  ]
}
