{
  "results": [
    {
      "command": "./benchmark_boundschecks",
      "mean": 0.25340683572,
      "stddev": 0.026267316063082784,
      "median": 0.261000053,
      "user": 0.24888127999999998,
      "system": 0.0017459999999999997,
      "min": 0.136404871,
      "max": 0.261892977,
      "times": [
        0.26096309100000004,
        0.260733042,
        0.261892977,
        0.26068287100000004,
        0.26091954300000003,
        0.261575771,
        0.26086122100000003,
        0.26120275800000003,
        0.26114433200000003,
        0.261430861,
        0.261070348,
        0.261547596,
        0.26084608600000003,
        0.261264011,
        0.261185285,
        0.261000053,
        0.261619462,
        0.261272575,
        0.26079677300000004,
        0.260941294,
        0.26112886700000004,
        0.21844775000000002,
        0.136404871,
        0.235240312,
        0.260999143
      ],
      "exit_codes": [
        0,
        0,
        0,
        0,
        0,
        0,
        0,
        0,
        0,
        0,
        0,
        0,
        0,
        0,
        0,
        0,
        0,
        0,
        0,
        0,
        0,
        0,
        0,
        0,
        0
      ]
    }
  ]
}
