{
  "results": [
    {
      "command": "./benchmark_guardpage_asmmove",
      "mean": 0.048326794967213135,
      "stddev": 0.00035734096652016516,
      "median": 0.048341956000000005,
      "user": 0.046317131147540984,
      "system": 0.001352245901639344,
      "min": 0.047776165,
      "max": 0.049215638000000006,
      "times": [
        0.049072092000000005,
        0.048307783,
        0.049215638000000006,
        0.048194087000000004,
        0.048099843,
        0.048431305,
        0.047965317,
        0.048285914000000006,
        0.047897421,
        0.048331948,
        0.048061312,
        0.048134086,
        0.048366860000000005,
        0.048997125,
        0.04786212,
        0.048986705000000005,
        0.048401114,
        0.048346309000000004,
        0.048504990000000005,
        0.048296134000000004,
        0.048557826000000005,
        0.048103977000000006,
        0.049122844000000006,
        0.048399853,
        0.047854583000000006,
        0.049041026,
        0.048614063000000006,
        0.048078270000000006,
        0.048212050000000006,
        0.048496492,
        0.048543309,
        0.047795932000000006,
        0.048505059,
        0.048086097,
        0.048543919000000005,
        0.048652098000000005,
        0.048064835,
        0.048166075,
        0.048484167,
        0.047922003000000005,
        0.048341956000000005,
        0.047800054,
        0.048354202000000006,
        0.048457003000000005,
        0.047839739000000006,
        0.048138867,
        0.048269607000000006,
        0.048548739,
        0.048486117,
        0.047868280000000006,
        0.048402193,
        0.048771592,
        0.047776165,
        0.048422378,
        0.047809126,
        0.048381504000000006,
        0.048667093,
        0.047984043000000004,
        0.048327108,
        0.047818434,
        0.048467712
      ],
      "exit_codes": [
        0,
        0,
        0,
        0,
        0,
        0,
        0,
        0,
        0,
        0,
        0,
        0,
        0,
        0,
        0,
        0,
        0,
        0,
        0,
        0,
        0,
        0,
        0,
        0,
        0,
        0,
        0,
        0,
        0,
        0,
        0,
        0,
        0,
        0,
        0,
        0,
        0,
        0,
        0,
        0,
        0,
        0,
        0,
        0,
        0,
        0,
        0,
        0,
        0,
        0,
        0,
        0,
        0,
        0,
        0,
        0,
        0,
        0,
        0,
        0,
        0
      ]
    }
  ]
}
