{
  "results": [
    {
      "command": "./benchmark_masking",
      "mean": 0.22912144699999998,
      "stddev": 0.00036765947984683837,
      "median": 0.229065015,
      "user": 0.22513404,
      "system": 0.00145084,
      "min": 0.22844317700000003,
      "max": 0.230111529,
      "times": [
        0.22971228500000002,
        0.22891923900000002,
        0.229065015,
        0.22844317700000003,
        0.22902776300000002,
        0.22930360600000002,
        0.22911101900000003,
        0.22906494900000002,
        0.22910607200000002,
        0.22912947800000003,
        0.22897603600000002,
        0.228914421,
        0.229215214,
        0.22911293100000002,
        0.22902728400000003,
        0.230111529,
        0.229881473,
        0.22860802400000002,
        0.22913773,
        0.22903265,
        0.228883216,
        0.229270362,
        0.22943470000000002,
        0.228862052,
        0.22868595000000003
      ],
      "exit_codes": [
        0,
        0,
        0,
        0,
        0,
        0,
        0,
        0,
        0,
        0,
        0,
        0,
        0,
        0,
        0,
        0,
        0,
        0,
        0,
        0,
        0,
        0,
        0,
        0,
        0
      ]
    }
  ]
}
