{
  "results": [
    {
      "command": "./benchmark_guardpage_asmmove",
      "mean": 0.7100869028000001,
      "stddev": 0.009154370989281258,
      "median": 0.709545814,
      "user": 0.698864,
      "system": 0.003677279999999999,
      "min": 0.6804268870000001,
      "max": 0.7290245080000001,
      "times": [
        0.710114114,
        0.7091466390000001,
        0.709545814,
        0.710088355,
        0.7290245080000001,
        0.708911571,
        0.70960734,
        0.709357106,
        0.7089818330000001,
        0.709642246,
        0.7095688,
        0.691311811,
        0.6804268870000001,
        0.709947046,
        0.7091808030000001,
        0.70883425,
        0.709292278,
        0.721396585,
        0.718954898,
        0.7102780350000001,
        0.709464227,
        0.709202945,
        0.7095133250000001,
        0.720417815,
        0.7199633390000001
      ],
      "exit_codes": [
        0,
        0,
        0,
        0,
        0,
        0,
        0,
        0,
        0,
        0,
        0,
        0,
        0,
        0,
        0,
        0,
        0,
        0,
        0,
        0,
        0,
        0,
        0,
        0,
        0
      ]
    }
  ]
}
