{
  "results": [
    {
      "command": "./benchmark_boundschecks",
      "mean": 0.05165646843636364,
      "stddev": 0.0008689572191325554,
      "median": 0.051472873,
      "user": 0.04957669090909091,
      "system": 0.001357381818181818,
      "min": 0.050914282000000005,
      "max": 0.055818802,
      "times": [
        0.054520303000000006,
        0.05183273,
        0.051664343,
        0.05139474300000001,
        0.051020338000000005,
        0.051217713000000005,
        0.051552466000000005,
        0.050932421000000005,
        0.051564071,
        0.052021579000000005,
        0.050914282000000005,
        0.051764482,
        0.051526839000000005,
        0.051304816,
        0.051625274000000006,
        0.050916375,
        0.051511381,
        0.051554685,
        0.051238754000000004,
        0.051345719000000005,
        0.051680042,
        0.050999536000000005,
        0.051425667,
        0.051838409,
        0.051631757,
        0.051526559000000006,
        0.05362046400000001,
        0.05153648,
        0.051907885,
        0.050951947000000004,
        0.051263582,
        0.051604503,
        0.051013283000000006,
        0.05141147200000001,
        0.051630608,
        0.051244625,
        0.051957415,
        0.051622496000000004,
        0.051352470000000004,
        0.051573349000000004,
        0.051231397000000005,
        0.051303983000000004,
        0.051472873,
        0.050937373,
        0.051407053,
        0.05146068400000001,
        0.051394452,
        0.051989738,
        0.055818802,
        0.050953816000000006,
        0.051470100000000005,
        0.051402826000000006,
        0.053780098000000005,
        0.051387087000000005,
        0.051879619
      ],
      "exit_codes": [
        0,
        0,
        0,
        0,
        0,
        0,
        0,
        0,
        0,
        0,
        0,
        0,
        0,
        0,
        0,
        0,
        0,
        0,
        0,
        0,
        0,
        0,
        0,
        0,
        0,
        0,
        0,
        0,
        0,
        0,
        0,
        0,
        0,
        0,
        0,
        0,
        0,
        0,
        0,
        0,
        0,
        0,
        0,
        0,
        0,
        0,
        0,
        0,
        0,
        0,
        0,
        0,
        0,
        0,
        0
      ]
    }
  ]
}
