{
  "results": [
    {
      "command": "./benchmark_hfiemulate2",
      "mean": 0.88096270412,
      "stddev": 0.004297122992556396,
      "median": 0.881817229,
      "user": 0.8669604,
      "system": 0.0051172,
      "min": 0.866708185,
      "max": 0.8850585790000001,
      "times": [
        0.883082263,
        0.881817229,
        0.8801912120000001,
        0.8822572110000001,
        0.883606533,
        0.883191375,
        0.8813361340000001,
        0.882212019,
        0.88263027,
        0.881170855,
        0.8850585790000001,
        0.8812605710000001,
        0.8825786990000001,
        0.8815082940000001,
        0.883540532,
        0.882694343,
        0.88143729,
        0.881635197,
        0.881853159,
        0.8806191790000001,
        0.867517493,
        0.881677527,
        0.8817739830000001,
        0.8827094710000001,
        0.866708185
      ],
      "exit_codes": [
        0,
        0,
        0,
        0,
        0,
        0,
        0,
        0,
        0,
        0,
        0,
        0,
        0,
        0,
        0,
        0,
        0,
        0,
        0,
        0,
        0,
        0,
        0,
        0,
        0
      ]
    }
  ]
}
