{
  "results": [
    {
      "command": "./benchmark_masking",
      "mean": 0.58479725368,
      "stddev": 0.013778936217014813,
      "median": 0.581221852,
      "user": 0.57565252,
      "system": 0.00304292,
      "min": 0.579936381,
      "max": 0.644180332,
      "times": [
        0.5816493890000001,
        0.581036538,
        0.5806051760000001,
        0.579936381,
        0.581267281,
        0.580627085,
        0.582407734,
        0.580334758,
        0.581347091,
        0.580432281,
        0.580386202,
        0.580780469,
        0.581048395,
        0.580969449,
        0.581303242,
        0.5805277640000001,
        0.581596777,
        0.644180332,
        0.581221852,
        0.611292606,
        0.581422396,
        0.580597716,
        0.58161322,
        0.5819381650000001,
        0.5814090430000001
      ],
      "exit_codes": [
        0,
        0,
        0,
        0,
        0,
        0,
        0,
        0,
        0,
        0,
        0,
        0,
        0,
        0,
        0,
        0,
        0,
        0,
        0,
        0,
        0,
        0,
        0,
        0,
        0
      ]
    }
  ]
}
