{
  "results": [
    {
      "command": "./benchmark_boundschecks",
      "mean": 2.9522917997600002,
      "stddev": 0.011657703150289373,
      "median": 2.9530909000000003,
      "user": 2.9128287600000005,
      "system": 0.010386639999999997,
      "min": 2.908984507,
      "max": 2.9670534550000003,
      "times": [
        2.947593043,
        2.95706164,
        2.952395302,
        2.954733909,
        2.949501828,
        2.952449949,
        2.934632493,
        2.952513177,
        2.964049845,
        2.964187118,
        2.954998541,
        2.939101987,
        2.95037424,
        2.954880818,
        2.908984507,
        2.955656223,
        2.952881886,
        2.959090787,
        2.95466025,
        2.958533871,
        2.9670534550000003,
        2.9530909000000003,
        2.9491866360000003,
        2.966896171,
        2.952786418
      ],
      "exit_codes": [
        0,
        0,
        0,
        0,
        0,
        0,
        0,
        0,
        0,
        0,
        0,
        0,
        0,
        0,
        0,
        0,
        0,
        0,
        0,
        0,
        0,
        0,
        0,
        0,
        0
      ]
    }
  ]
}
