{
  "results": [
    {
      "command": "./benchmark_guardpage_asmmove",
      "mean": 0.08639799932352943,
      "stddev": 0.00037696421251655376,
      "median": 0.086312642,
      "user": 0.08406052941176473,
      "system": 0.0012788235294117645,
      "min": 0.085755436,
      "max": 0.087305028,
      "times": [
        0.08636955,
        0.08611526,
        0.086177533,
        0.087305028,
        0.085755436,
        0.086556913,
        0.086480373,
        0.08689928000000001,
        0.08638458800000001,
        0.086173341,
        0.08613507100000001,
        0.086200065,
        0.086372507,
        0.086379407,
        0.086101223,
        0.086290617,
        0.08620174400000001,
        0.087202255,
        0.08609612600000001,
        0.087206558,
        0.086111221,
        0.08595725600000001,
        0.08647889,
        0.08607388,
        0.086450306,
        0.086870844,
        0.086084487,
        0.086636977,
        0.0862123,
        0.086440851,
        0.086288247,
        0.087069886,
        0.086334667,
        0.08611929
      ],
      "exit_codes": [
        0,
        0,
        0,
        0,
        0,
        0,
        0,
        0,
        0,
        0,
        0,
        0,
        0,
        0,
        0,
        0,
        0,
        0,
        0,
        0,
        0,
        0,
        0,
        0,
        0,
        0,
        0,
        0,
        0,
        0,
        0,
        0,
        0,
        0
      ]
    }
  ]
}
