{
  "results": [
    {
      "command": "./benchmark_masking",
      "mean": 0.9051316127199999,
      "stddev": 0.012414423180017047,
      "median": 0.9111205870000001,
      "user": 0.8922868799999998,
      "system": 0.0035216799999999997,
      "min": 0.8762376770000001,
      "max": 0.9147416820000001,
      "times": [
        0.911039059,
        0.9147416820000001,
        0.891077066,
        0.9119201880000001,
        0.9126207690000001,
        0.912594393,
        0.876965006,
        0.9111205870000001,
        0.910323591,
        0.910432839,
        0.912034953,
        0.9116116080000001,
        0.9118453750000001,
        0.8998628230000001,
        0.910388207,
        0.9130995140000001,
        0.9120435320000001,
        0.8762376770000001,
        0.9127243110000001,
        0.8892262110000001,
        0.8774076550000001,
        0.905024166,
        0.9119249930000001,
        0.9102726440000001,
        0.911751469
      ],
      "exit_codes": [
        0,
        0,
        0,
        0,
        0,
        0,
        0,
        0,
        0,
        0,
        0,
        0,
        0,
        0,
        0,
        0,
        0,
        0,
        0,
        0,
        0,
        0,
        0,
        0,
        0
      ]
    }
  ]
}
