{
  "results": [
    {
      "command": "./benchmark_hfiemulate2",
      "mean": 0.9412684232000003,
      "stddev": 0.0035425334583750277,
      "median": 0.9412767540000001,
      "user": 0.9268402399999996,
      "system": 0.004793959999999999,
      "min": 0.925614601,
      "max": 0.9449231830000001,
      "times": [
        0.9423258430000001,
        0.9408983620000001,
        0.940945808,
        0.9410486,
        0.9409008310000001,
        0.9417857460000001,
        0.9424870580000001,
        0.9411562470000001,
        0.9449231830000001,
        0.944562521,
        0.9422619510000001,
        0.9407715360000001,
        0.9399651000000001,
        0.9407599280000001,
        0.925614601,
        0.9406905830000001,
        0.9421939680000001,
        0.9411584340000001,
        0.9413514650000001,
        0.94416182,
        0.9425247790000001,
        0.9412767540000001,
        0.940451841,
        0.94456169,
        0.9429319310000001
      ],
      "exit_codes": [
        0,
        0,
        0,
        0,
        0,
        0,
        0,
        0,
        0,
        0,
        0,
        0,
        0,
        0,
        0,
        0,
        0,
        0,
        0,
        0,
        0,
        0,
        0,
        0,
        0
      ]
    }
  ]
}
