{
  "results": [
    {
      "command": "./benchmark_boundschecks",
      "mean": 0.09554674712903224,
      "stddev": 0.0002832491981979537,
      "median": 0.09550204100000001,
      "user": 0.09297138709677419,
      "system": 0.001429258064516129,
      "min": 0.09516157,
      "max": 0.09622994300000001,
      "times": [
        0.09554393200000001,
        0.095363181,
        0.095602772,
        0.095529951,
        0.095519459,
        0.09535378600000001,
        0.095363609,
        0.095280211,
        0.096171611,
        0.09560136300000001,
        0.09554952900000001,
        0.09556995900000001,
        0.095266956,
        0.09550204100000001,
        0.095796273,
        0.09552542600000001,
        0.09537960000000001,
        0.09526996,
        0.096074555,
        0.095469889,
        0.09597965200000001,
        0.095444102,
        0.09516157,
        0.09607249400000001,
        0.09557850000000001,
        0.095272224,
        0.095358883,
        0.095433265,
        0.09622994300000001,
        0.095384254,
        0.09530021100000001
      ],
      "exit_codes": [
        0,
        0,
        0,
        0,
        0,
        0,
        0,
        0,
        0,
        0,
        0,
        0,
        0,
        0,
        0,
        0,
        0,
        0,
        0,
        0,
        0,
        0,
        0,
        0,
        0,
        0,
        0,
        0,
        0,
        0,
        0
      ]
    }
  ]
}
