{
  "results": [
    {
      "command": "./benchmark_masking",
      "mean": 0.92455117132,
      "stddev": 0.004471594762054012,
      "median": 0.9250045800000001,
      "user": 0.9106020000000001,
      "system": 0.00463228,
      "min": 0.90456013,
      "max": 0.9292203600000001,
      "times": [
        0.924855815,
        0.9253439410000001,
        0.9225600530000001,
        0.9279434870000001,
        0.927632297,
        0.90456013,
        0.9292203600000001,
        0.9261467950000001,
        0.9242641220000001,
        0.92362093,
        0.9250045800000001,
        0.9225148040000001,
        0.926052289,
        0.9243318150000001,
        0.9252656720000001,
        0.9240222090000001,
        0.9242343670000001,
        0.924382393,
        0.9262914240000001,
        0.9273015880000001,
        0.924379304,
        0.9269927680000001,
        0.92480773,
        0.925437222,
        0.926613188
      ],
      "exit_codes": [
        0,
        0,
        0,
        0,
        0,
        0,
        0,
        0,
        0,
        0,
        0,
        0,
        0,
        0,
        0,
        0,
        0,
        0,
        0,
        0,
        0,
        0,
        0,
        0,
        0
      ]
    }
  ]
}
