{
  "results": [
    {
      "command": "./benchmark_hfiemulate2",
      "mean": 0.22436573595999998,
      "stddev": 0.00042254246520827775,
      "median": 0.22442778800000002,
      "user": 0.22014911999999998,
      "system": 0.0017546799999999996,
      "min": 0.22332463100000002,
      "max": 0.225090593,
      "times": [
        0.22429211400000001,
        0.224141215,
        0.22412119700000002,
        0.22450085900000002,
        0.22389874,
        0.22413739000000002,
        0.22332463100000002,
        0.224810963,
        0.22492182700000002,
        0.224379027,
        0.224451226,
        0.225090593,
        0.22400609600000002,
        0.22505454600000002,
        0.224527527,
        0.224606976,
        0.22391337300000003,
        0.223783799,
        0.224582199,
        0.224496876,
        0.22491133500000002,
        0.22442778800000002,
        0.22400334500000002,
        0.22426184500000002,
        0.22449791200000002
      ],
      "exit_codes": [
        0,
        0,
        0,
        0,
        0,
        0,
        0,
        0,
        0,
        0,
        0,
        0,
        0,
        0,
        0,
        0,
        0,
        0,
        0,
        0,
        0,
        0,
        0,
        0,
        0
      ]
    }
  ]
}
