{
  "results": [
    {
      "command": "./benchmark_masking",
      "mean": 0.051962926245614036,
      "stddev": 0.0004386440015884293,
      "median": 0.051974389,
      "user": 0.05005747368421053,
      "system": 0.001173280701754386,
      "min": 0.051326405000000005,
      "max": 0.053964267,
      "times": [
        0.052551763,
        0.052504421,
        0.051505363000000005,
        0.052218560000000004,
        0.051458376,
        0.05201145200000001,
        0.052252291000000006,
        0.052003624000000005,
        0.051575946000000004,
        0.052204059000000004,
        0.051556114,
        0.05204048,
        0.052182046,
        0.051677492000000005,
        0.051861361,
        0.051575097,
        0.051724820000000005,
        0.051974389,
        0.05151747,
        0.051981639,
        0.052023105,
        0.051554293,
        0.051700817,
        0.052315982000000004,
        0.051934345,
        0.051888176,
        0.052045430000000004,
        0.051410596,
        0.051962829,
        0.052126093000000005,
        0.051403845000000004,
        0.051970337000000005,
        0.051326405000000005,
        0.052471145000000004,
        0.052105204,
        0.052004108,
        0.052063998,
        0.051968464000000006,
        0.051463486,
        0.052302339,
        0.052570584000000004,
        0.051452844000000005,
        0.051861672000000004,
        0.052377204000000004,
        0.051504964,
        0.053964267,
        0.05168350100000001,
        0.052506904,
        0.051972886,
        0.052140411000000005,
        0.051346272000000005,
        0.052003474,
        0.051546608,
        0.052669726,
        0.051835998,
        0.052050642,
        0.051981079000000006
      ],
      "exit_codes": [
        0,
        0,
        0,
        0,
        0,
        0,
        0,
        0,
        0,
        0,
        0,
        0,
        0,
        0,
        0,
        0,
        0,
        0,
        0,
        0,
        0,
        0,
        0,
        0,
        0,
        0,
        0,
        0,
        0,
        0,
        0,
        0,
        0,
        0,
        0,
        0,
        0,
        0,
        0,
        0,
        0,
        0,
        0,
        0,
        0,
        0,
        0,
        0,
        0,
        0,
        0,
        0,
        0,
        0,
        0,
        0,
        0
      ]
    }
  ]
}
