{
  "results": [
    {
      "command": "./benchmark_masking",
      "mean": 0.08671248514705882,
      "stddev": 0.0002190938793819074,
      "median": 0.08665408250000001,
      "user": 0.08447738235294118,
      "system": 0.0011556176470588237,
      "min": 0.08637083400000001,
      "max": 0.087384323,
      "times": [
        0.086580553,
        0.08674106100000001,
        0.086641095,
        0.08694183600000001,
        0.08649477500000001,
        0.086724915,
        0.08695979200000001,
        0.086594949,
        0.086525006,
        0.086625874,
        0.086596718,
        0.08653123500000001,
        0.086780299,
        0.08668411200000001,
        0.086558668,
        0.086688492,
        0.086567186,
        0.087175481,
        0.08685664100000001,
        0.08676080900000001,
        0.087087783,
        0.08666707,
        0.086440323,
        0.08663045300000001,
        0.08637083400000001,
        0.08690415400000001,
        0.086740261,
        0.086541142,
        0.08657537200000001,
        0.086964885,
        0.08652126900000001,
        0.087384323,
        0.086562998,
        0.086804131
      ],
      "exit_codes": [
        0,
        0,
        0,
        0,
        0,
        0,
        0,
        0,
        0,
        0,
        0,
        0,
        0,
        0,
        0,
        0,
        0,
        0,
        0,
        0,
        0,
        0,
        0,
        0,
        0,
        0,
        0,
        0,
        0,
        0,
        0,
        0,
        0,
        0
      ]
    }
  ]
}
