{
  "results": [
    {
      "command": "./benchmark_guardpage_asmmove",
      "mean": 1.5953023382,
      "stddev": 0.008872761763797823,
      "median": 1.594332633,
      "user": 1.5710626399999998,
      "system": 0.007530719999999998,
      "min": 1.5799669550000002,
      "max": 1.635512904,
      "times": [
        1.635512904,
        1.594725999,
        1.594119647,
        1.59341269,
        1.5944630750000002,
        1.593549738,
        1.5937395030000001,
        1.5946768119999999,
        1.594604742,
        1.594469133,
        1.5944573069999999,
        1.5937048360000001,
        1.593318803,
        1.593732669,
        1.594488149,
        1.596166717,
        1.595073131,
        1.594126648,
        1.593147488,
        1.593282683,
        1.594263793,
        1.594438081,
        1.594332633,
        1.5799669550000002,
        1.594784319
      ],
      "exit_codes": [
        0,
        0,
        0,
        0,
        0,
        0,
        0,
        0,
        0,
        0,
        0,
        0,
        0,
        0,
        0,
        0,
        0,
        0,
        0,
        0,
        0,
        0,
        0,
        0,
        0
      ]
    }
  ]
}
