{
  "results": [
    {
      "command": "./benchmark_boundschecks",
      "mean": 0.22749279676000003,
      "stddev": 0.0004526696848734626,
      "median": 0.22736414800000002,
      "user": 0.22316860000000005,
      "system": 0.0017529199999999998,
      "min": 0.226564076,
      "max": 0.228584954,
      "times": [
        0.22808987500000003,
        0.22732839100000002,
        0.226564076,
        0.228584954,
        0.22714909700000002,
        0.22781790200000002,
        0.227226166,
        0.227062973,
        0.22736414800000002,
        0.22697050000000002,
        0.228352521,
        0.22717124100000002,
        0.22775741300000002,
        0.22787304000000003,
        0.227247303,
        0.227651293,
        0.227862211,
        0.22732594800000003,
        0.22735891600000002,
        0.22778230300000002,
        0.22696223100000001,
        0.22750613400000003,
        0.22744023300000002,
        0.22736340000000002,
        0.22750765
      ],
      "exit_codes": [
        0,
        0,
        0,
        0,
        0,
        0,
        0,
        0,
        0,
        0,
        0,
        0,
        0,
        0,
        0,
        0,
        0,
        0,
        0,
        0,
        0,
        0,
        0,
        0,
        0
      ]
    }
  ]
}
