{
  "results": [
    {
      "command": "./benchmark_boundschecks",
      "mean": 0.59552643848,
      "stddev": 0.009658136499839718,
      "median": 0.59739948,
      "user": 0.5853605999999999,
      "system": 0.0039930799999999995,
      "min": 0.549215213,
      "max": 0.59848716,
      "times": [
        0.597594737,
        0.597152852,
        0.596604798,
        0.597524198,
        0.597365245,
        0.5981782990000001,
        0.5969847,
        0.597663371,
        0.597061297,
        0.597363489,
        0.596854915,
        0.597281445,
        0.59739948,
        0.597561282,
        0.597959423,
        0.549215213,
        0.5970965220000001,
        0.597672826,
        0.5970720420000001,
        0.598108375,
        0.597675598,
        0.59848716,
        0.5974012670000001,
        0.5978243710000001,
        0.597058057
      ],
      "exit_codes": [
        0,
        0,
        0,
        0,
        0,
        0,
        0,
        0,
        0,
        0,
        0,
        0,
        0,
        0,
        0,
        0,
        0,
        0,
        0,
        0,
        0,
        0,
        0,
        0,
        0
      ]
    }
  ]
}
