{
  "results": [
    {
      "command": "./benchmark_guardpage_asmmove",
      "mean": 0.64643932772,
      "stddev": 0.00038775142928090784,
      "median": 0.6463971620000001,
      "user": 0.6371019200000001,
      "system": 0.0027133599999999993,
      "min": 0.645718678,
      "max": 0.6473993720000001,
      "times": [
        0.646039876,
        0.646678482,
        0.6463445760000001,
        0.646081841,
        0.6467109590000001,
        0.646444624,
        0.6464157540000001,
        0.6466774980000001,
        0.6465346510000001,
        0.6462485330000001,
        0.645965891,
        0.645718678,
        0.6463353620000001,
        0.6469548850000001,
        0.6463424320000001,
        0.646412745,
        0.646038726,
        0.646354485,
        0.646299787,
        0.6463971620000001,
        0.6473993720000001,
        0.646445342,
        0.647171201,
        0.646931059,
        0.646039272
      ],
      "exit_codes": [
        0,
        0,
        0,
        0,
        0,
        0,
        0,
        0,
        0,
        0,
        0,
        0,
        0,
        0,
        0,
        0,
        0,
        0,
        0,
        0,
        0,
        0,
        0,
        0,
        0
      ]
    }
  ]
}
