{
  "results": [
    {
      "command": "./benchmark_boundschecks",
      "mean": 1.6393393113199994,
      "stddev": 0.0049156361975751925,
      "median": 1.639909386,
      "user": 1.6151400399999993,
      "system": 0.007667839999999999,
      "min": 1.6221393640000001,
      "max": 1.647019652,
      "times": [
        1.639794774,
        1.636415336,
        1.627543888,
        1.640828531,
        1.639788667,
        1.6407393300000002,
        1.6396515520000001,
        1.639226971,
        1.6221393640000001,
        1.647019652,
        1.639956596,
        1.639415287,
        1.639912254,
        1.639104212,
        1.640232464,
        1.641681298,
        1.6392334050000001,
        1.640849508,
        1.6406106870000001,
        1.639445571,
        1.6398013630000001,
        1.645064732,
        1.644520449,
        1.639909386,
        1.6405975060000002
      ],
      "exit_codes": [
        0,
        0,
        0,
        0,
        0,
        0,
        0,
        0,
        0,
        0,
        0,
        0,
        0,
        0,
        0,
        0,
        0,
        0,
        0,
        0,
        0,
        0,
        0,
        0,
        0
      ]
    }
  ]
}
