{
  "results": [
    {
      "command": "./benchmark_masking",
      "mean": 0.34486612595999994,
      "stddev": 0.001084123014177498,
      "median": 0.344807384,
      "user": 0.339863,
      "system": 0.0012826399999999998,
      "min": 0.343701227,
      "max": 0.34830293900000003,
      "times": [
        0.343947634,
        0.344921246,
        0.343748771,
        0.34499424300000003,
        0.345664899,
        0.34413059300000004,
        0.345216611,
        0.344915252,
        0.346702869,
        0.344199753,
        0.343722535,
        0.345169661,
        0.344084314,
        0.34596466400000003,
        0.34459520600000004,
        0.344807384,
        0.34509312200000003,
        0.34830293900000003,
        0.346346064,
        0.34414775400000003,
        0.344235451,
        0.344853687,
        0.343809433,
        0.343701227,
        0.344377837
      ],
      "exit_codes": [
        0,
        0,
        0,
        0,
        0,
        0,
        0,
        0,
        0,
        0,
        0,
        0,
        0,
        0,
        0,
        0,
        0,
        0,
        0,
        0,
        0,
        0,
        0,
        0,
        0
      ]
    }
  ]
}
