{
  "results": [
    {
      "command": "./benchmark_masking",
      "mean": 0.26117952400000005,
      "stddev": 0.0002897201780583645,
      "median": 0.261170517,
      "user": 0.2561745999999999,
      "system": 0.00207868,
      "min": 0.260672205,
      "max": 0.26173149500000004,
      "times": [
        0.260898018,
        0.26172857,
        0.260672205,
        0.26110011,
        0.26107093000000003,
        0.261532456,
        0.26074964900000003,
        0.26117149900000003,
        0.26094892000000003,
        0.261159804,
        0.26123762300000003,
        0.261203055,
        0.26143755900000004,
        0.26173149500000004,
        0.261170517,
        0.261266274,
        0.26144489600000004,
        0.261039787,
        0.260808176,
        0.261120621,
        0.261378747,
        0.261032792,
        0.260736478,
        0.26146999200000004,
        0.261377927
      ],
      "exit_codes": [
        0,
        0,
        0,
        0,
        0,
        0,
        0,
        0,
        0,
        0,
        0,
        0,
        0,
        0,
        0,
        0,
        0,
        0,
        0,
        0,
        0,
        0,
        0,
        0,
        0
      ]
    }
  ]
}
