{
  "results": [
    {
      "command": "./benchmark_guardpage_asmmove",
      "mean": 0.4202334258800001,
      "stddev": 0.0046867963469773306,
      "median": 0.42006001800000003,
      "user": 0.41232148,
      "system": 0.0035268800000000005,
      "min": 0.40596747400000005,
      "max": 0.437841215,
      "times": [
        0.42159056500000003,
        0.419151276,
        0.421319259,
        0.420188404,
        0.42008565800000003,
        0.419452311,
        0.421079813,
        0.41939273000000005,
        0.41934328000000004,
        0.419221449,
        0.421135048,
        0.41981613900000003,
        0.420763961,
        0.42052973000000005,
        0.419933938,
        0.42085943000000003,
        0.42006001800000003,
        0.419472695,
        0.42016620000000005,
        0.40596747400000005,
        0.419136308,
        0.42070210500000005,
        0.437841215,
        0.419295927,
        0.41933071400000005
      ],
      "exit_codes": [
        0,
        0,
        0,
        0,
        0,
        0,
        0,
        0,
        0,
        0,
        0,
        0,
        0,
        0,
        0,
        0,
        0,
        0,
        0,
        0,
        0,
        0,
        0,
        0,
        0
      ]
    }
  ]
}
