{
  "results": [
    {
      "command": "./benchmark_boundschecks",
      "mean": 1.0804095321600002,
      "stddev": 0.0035992380765390805,
      "median": 1.081037195,
      "user": 1.06572312,
      "system": 0.0038477599999999995,
      "min": 1.063681393,
      "max": 1.084145309,
      "times": [
        1.081538736,
        1.080431772,
        1.080512745,
        1.080638371,
        1.080687596,
        1.08164823,
        1.081228967,
        1.081034415,
        1.081347508,
        1.084145309,
        1.081203106,
        1.079867787,
        1.080045027,
        1.081037195,
        1.081918631,
        1.081749465,
        1.081534626,
        1.082036095,
        1.081851342,
        1.081147826,
        1.080410986,
        1.080260327,
        1.080186343,
        1.063681393,
        1.080094506
      ],
      "exit_codes": [
        0,
        0,
        0,
        0,
        0,
        0,
        0,
        0,
        0,
        0,
        0,
        0,
        0,
        0,
        0,
        0,
        0,
        0,
        0,
        0,
        0,
        0,
        0,
        0,
        0
      ]
    }
  ]
}
