{
  "results": [
    {
      "command": "./benchmark_masking",
      "mean": 0.63813543884,
      "stddev": 0.00993588140109303,
      "median": 0.640128453,
      "user": 0.6274519199999999,
      "system": 0.0041502,
      "min": 0.590466102,
      "max": 0.6408078300000001,
      "times": [
        0.6401337500000001,
        0.6399734530000001,
        0.6404085220000001,
        0.639520506,
        0.6399625680000001,
        0.6397177940000001,
        0.639979752,
        0.640128453,
        0.6401162250000001,
        0.6401587350000001,
        0.590466102,
        0.639933293,
        0.640475686,
        0.6408078300000001,
        0.640169212,
        0.640463274,
        0.640146801,
        0.640570686,
        0.639860493,
        0.639891614,
        0.6396374260000001,
        0.6398178840000001,
        0.6402770520000001,
        0.6405174180000001,
        0.6402514420000001
      ],
      "exit_codes": [
        0,
        0,
        0,
        0,
        0,
        0,
        0,
        0,
        0,
        0,
        0,
        0,
        0,
        0,
        0,
        0,
        0,
        0,
        0,
        0,
        0,
        0,
        0,
        0,
        0
      ]
    }
  ]
}
