{
  "results": [
    {
      "command": "./benchmark_masking",
      "mean": 3.05353006268,
      "stddev": 0.013211052372266129,
      "median": 3.053632952,
      "user": 3.01073216,
      "system": 0.01248292,
      "min": 3.016757552,
      "max": 3.075201091,
      "times": [
        3.04390052,
        3.064231901,
        3.045521097,
        3.048650877,
        3.075201091,
        3.062301487,
        3.064812086,
        3.033318976,
        3.035798731,
        3.069520221,
        3.038251734,
        3.065979236,
        3.046669407,
        3.05255649,
        3.016757552,
        3.063782856,
        3.05249515,
        3.063472853,
        3.063715567,
        3.062603588,
        3.051676169,
        3.059313757,
        3.048877759,
        3.05520951,
        3.053632952
      ],
      "exit_codes": [
        0,
        0,
        0,
        0,
        0,
        0,
        0,
        0,
        0,
        0,
        0,
        0,
        0,
        0,
        0,
        0,
        0,
        0,
        0,
        0,
        0,
        0,
        0,
        0,
        0
      ]
    }
  ]
}
