{
  "results": [
    {
      "command": "./benchmark_guardpage_asmmove",
      "mean": 0.26187519004000004,
      "stddev": 0.0005096369137132857,
      "median": 0.26182794800000003,
      "user": 0.25742807999999995,
      "system": 0.00158848,
      "min": 0.26099107800000004,
      "max": 0.26300772,
      "times": [
        0.262160797,
        0.262298011,
        0.261084521,
        0.261909167,
        0.261533354,
        0.26191731700000004,
        0.262001209,
        0.26144419900000004,
        0.26183077400000004,
        0.26300772,
        0.26099107800000004,
        0.261520487,
        0.26252448700000003,
        0.261584969,
        0.262396905,
        0.261567895,
        0.26260219,
        0.261102021,
        0.26248819100000004,
        0.26158923,
        0.262388503,
        0.26172768500000004,
        0.261796772,
        0.261584321,
        0.26182794800000003
      ],
      "exit_codes": [
        0,
        0,
        0,
        0,
        0,
        0,
        0,
        0,
        0,
        0,
        0,
        0,
        0,
        0,
        0,
        0,
        0,
        0,
        0,
        0,
        0,
        0,
        0,
        0,
        0
      ]
    }
  ]
}
