{
  "results": [
    {
      "command": "./benchmark_guardpage_asmmove",
      "mean": 0.011027684375,
      "stddev": 0.00018346339757514197,
      "median": 0.0109870915,
      "user": 0.009642952205882353,
      "system": 0.0011359595588235297,
      "min": 0.010245160000000001,
      "max": 0.011608546,
      "times": [
        0.010989303,
        0.011255545,
        0.011200319,
        0.010831,
        0.011019163,
        0.010942929,
        0.010880062000000001,
        0.011021241000000001,
        0.010913396,
        0.011411138000000001,
        0.010837636000000001,
        0.011004773,
        0.010852434000000001,
        0.011007004,
        0.010964035,
        0.011462598000000001,
        0.010950883000000002,
        0.010927297,
        0.011002643000000001,
        0.010832287000000001,
        0.010999073,
        0.011184389000000001,
        0.011191253,
        0.010951339000000001,
        0.010898717,
        0.010955119000000001,
        0.010914371,
        0.011407460000000001,
        0.010833973,
        0.011051763000000001,
        0.010831741,
        0.010875769,
        0.010953280000000001,
        0.01120839,
        0.011204408,
        0.010854816000000002,
        0.011037266,
        0.010845688000000001,
        0.011007962000000001,
        0.011193455000000001,
        0.011152180000000001,
        0.011013696,
        0.011090134000000001,
        0.011209397000000001,
        0.010940755,
        0.011263306,
        0.011171202,
        0.010828180000000001,
        0.010988892,
        0.010822553,
        0.010990011000000001,
        0.011526341,
        0.010891241000000001,
        0.01099657,
        0.010828306000000001,
        0.010976915,
        0.01084263,
        0.011608546,
        0.010997812000000001,
        0.010904319,
        0.010937053,
        0.010915455000000001,
        0.010985214,
        0.011138934000000001,
        0.011164164,
        0.010988129000000001,
        0.010927228,
        0.011012306000000001,
        0.01091083,
        0.011398449000000001,
        0.010849554,
        0.010988551000000001,
        0.010894889000000001,
        0.010990679000000001,
        0.010962026000000001,
        0.011194452,
        0.011165672000000001,
        0.010881734,
        0.011001973,
        0.010861058,
        0.011026922000000002,
        0.011116473,
        0.011187905000000001,
        0.011001302000000001,
        0.01084616,
        0.010977399,
        0.010856384,
        0.011507989000000001,
        0.010982213000000001,
        0.010913099,
        0.010954725,
        0.010891208000000001,
        0.010962567000000001,
        0.011163665000000001,
        0.01124458,
        0.011278013,
        0.010934483,
        0.011145968000000001,
        0.011086578000000001,
        0.011160358,
        0.010968957000000001,
        0.010962932,
        0.010952285,
        0.010879297000000001,
        0.010978544000000002,
        0.011148257,
        0.011150241,
        0.010848297000000002,
        0.010945084,
        0.010961497,
        0.010882709,
        0.011399178000000001,
        0.010894821,
        0.010994011000000001,
        0.010834501,
        0.010982536000000001,
        0.010890500000000001,
        0.011579933,
        0.011012408000000001,
        0.010902363,
        0.010946406,
        0.010904512,
        0.010964855,
        0.011179319,
        0.011135999,
        0.010885967,
        0.011022601,
        0.010973317000000002,
        0.010888684000000001,
        0.011489731000000001,
        0.010920271,
        0.010992902,
        0.010853186,
        0.010991608,
        0.010855876,
        0.011597204000000002,
        0.010954342,
        0.010950328,
        0.010969584000000001,
        0.010886977,
        0.010975557,
        0.011135475,
        0.011203137,
        0.010871556000000001,
        0.01100017,
        0.011009821000000001,
        0.010889711,
        0.011456651,
        0.010846365,
        0.011310371000000001,
        0.010859593,
        0.011198650000000001,
        0.011520203000000001,
        0.010874980000000001,
        0.011022214,
        0.010944877,
        0.010900805000000001,
        0.011014139000000001,
        0.010899945000000001,
        0.011442886000000001,
        0.010865643000000001,
        0.011017275,
        0.010836494,
        0.011008264,
        0.010852585000000001,
        0.011265585,
        0.011182623000000001,
        0.010857135,
        0.010974255,
        0.010829415,
        0.011040107,
        0.011194539,
        0.011185504,
        0.011001700000000001,
        0.010909674000000001,
        0.011008336,
        0.01083592,
        0.011471969,
        0.010957246,
        0.010905751,
        0.01096778,
        0.010942823,
        0.010951691000000001,
        0.011172971,
        0.011133148,
        0.010848071,
        0.011010808,
        0.010943201000000001,
        0.01097305,
        0.011379315000000001,
        0.010867330000000001,
        0.011022142,
        0.010833064,
        0.010999777,
        0.010823794000000001,
        0.011349799,
        0.010870671,
        0.011121764000000001,
        0.011017415000000001,
        0.010823741000000001,
        0.011011486000000001,
        0.011132388,
        0.011280006,
        0.011412887,
        0.010846995,
        0.011011425,
        0.011166046,
        0.011151797000000001,
        0.011001017,
        0.010871221,
        0.011031061,
        0.010853000000000002,
        0.010962295,
        0.011199694000000001,
        0.011150624000000001,
        0.010955743,
        0.010911748,
        0.011003374000000002,
        0.010914692,
        0.011483825000000001,
        0.010847976,
        0.011014393,
        0.010961757,
        0.010991541,
        0.011021554000000001,
        0.011157625000000001,
        0.011143644000000001,
        0.010870814000000001,
        0.010972943,
        0.010860847,
        0.010986054,
        0.011607831,
        0.010935532000000001,
        0.010995995000000001,
        0.010816456,
        0.010991505,
        0.010842791000000001,
        0.011507747,
        0.010913834,
        0.011009466,
        0.010950998,
        0.010884801000000001,
        0.010946053,
        0.011141736000000001,
        0.011148418,
        0.010880664,
        0.011062997000000001,
        0.010883222000000001,
        0.011283245,
        0.011187770000000001,
        0.010850476000000001,
        0.011005085000000001,
        0.010845591,
        0.011050292000000001,
        0.011171519000000001,
        0.011165586,
        0.010939028,
        0.011263349,
        0.011245290000000002,
        0.010847278,
        0.011367835000000001,
        0.011141223,
        0.010840333,
        0.010995811000000001,
        0.010859242,
        0.010973179000000001,
        0.011164097000000001,
        0.011212334000000001,
        0.010963628000000001,
        0.010900674,
        0.010994861,
        0.010245160000000001
      ],