{
  "results": [
    {
      "command": "./benchmark_guardpage_asmmove",
      "mean": 0.22400509072000002,
      "stddev": 0.0003644198809159459,
      "median": 0.22391532500000003,
      "user": 0.21956872,
      "system": 0.00191828,
      "min": 0.22343131000000002,
      "max": 0.22504725,
      "times": [
        0.224119685,
        0.22389206,
        0.223482797,
        0.223706185,
        0.22371485600000002,
        0.22367488600000002,
        0.224439626,
        0.22343131000000002,
        0.224144173,
        0.223990874,
        0.22427607400000002,
        0.224355355,
        0.22370853400000001,
        0.223907705,
        0.22504725,
        0.22391532500000003,
        0.224166621,
        0.223708078,
        0.224418369,
        0.22421437500000002,
        0.22410795300000003,
        0.22384582400000003,
        0.223603028,
        0.22437699600000002,
        0.22387932900000002
      ],
      "exit_codes": [
        0,
        0,
        0,
        0,
        0,
        0,
        0,
        0,
        0,
        0,
        0,
        0,
        0,
        0,
        0,
        0,
        0,
        0,
        0,
        0,
        0,
        0,
        0,
        0,
        0
      ]
    }
  ]
}
