{
  "results": [
    {
      "command": "./benchmark_masking",
      "mean": 1.5138481709599998,
      "stddev": 0.034583791337398515,
      "median": 1.501084132,
      "user": 1.48955592,
      "system": 0.00847256,
      "min": 1.49983918,
      "max": 1.605920227,
      "times": [
        1.500041216,
        1.605219613,
        1.500056243,
        1.503534191,
        1.502626197,
        1.49983918,
        1.5007181059999999,
        1.501084132,
        1.50272945,
        1.5009921350000002,
        1.503238186,
        1.499921191,
        1.501184136,
        1.5000980190000002,
        1.500928734,
        1.501075684,
        1.502279287,
        1.500767701,
        1.5002240100000002,
        1.501529331,
        1.5043003270000002,
        1.500456293,
        1.605522223,
        1.605920227,
        1.501918462
      ],
      "exit_codes": [
        0,
        0,
        0,
        0,
        0,
        0,
        0,
        0,
        0,
        0,
        0,
        0,
        0,
        0,
        0,
        0,
        0,
        0,
        0,
        0,
        0,
        0,
        0,
        0,
        0
      ]
    }
  ]
}
