{
  "results": [
    {
      "command": "./benchmark_guardpage_asmmove",
      "mean": 3.0233380363599998,
      "stddev": 0.014989177372467142,
      "median": 3.021320273,
      "user": 2.9783622000000003,
      "system": 0.014713960000000003,
      "min": 2.99021717,
      "max": 3.045869796,
      "times": [
        3.04371025,
        3.032177932,
        3.014185125,
        3.026687527,
        2.99021717,
        3.020787984,
        3.028357436,
        3.045869796,
        3.033399859,
        3.017144606,
        3.006215964,
        3.045762788,
        3.025894631,
        3.041870424,
        3.017350713,
        3.000612624,
        3.019267369,
        3.021320273,
        3.045799661,
        3.010799937,
        3.010087934,
        3.037880828,
        3.00966242,
        3.014779965,
        3.023607693
      ],
      "exit_codes": [
        0,
        0,
        0,
        0,
        0,
        0,
        0,
        0,
        0,
        0,
        0,
        0,
        0,
        0,
        0,
        0,
        0,
        0,
        0,
        0,
        0,
        0,
        0,
        0,
        0
      ]
    }
  ]
}
