{
  "results": [
    {
      "command": "./benchmark_hfiemulate2",
      "mean": 0.74648910048,
      "stddev": 0.0090993560911646,
      "median": 0.74831974,
      "user": 0.7348705599999998,
      "system": 0.004001319999999999,
      "min": 0.7029629340000001,
      "max": 0.750148519,
      "times": [
        0.749431119,
        0.748771642,
        0.748544669,
        0.7029629340000001,
        0.747506404,
        0.750148519,
        0.7479198210000001,
        0.747505618,
        0.7471604040000001,
        0.74752266,
        0.747038897,
        0.749525933,
        0.7489771500000001,
        0.7476383990000001,
        0.7485437500000001,
        0.7477665250000001,
        0.7480104000000001,
        0.748177718,
        0.7484232900000001,
        0.748786355,
        0.7488543990000001,
        0.74831974,
        0.74771502,
        0.748463104,
        0.748513042
      ],
      "exit_codes": [
        0,
        0,
        0,
        0,
        0,
        0,
        0,
        0,
        0,
        0,
        0,
        0,
        0,
        0,
        0,
        0,
        0,
        0,
        0,
        0,
        0,
        0,
        0,
        0,
        0
      ]
    }
  ]
}
