{
  "results": [
    {
      "command": "./benchmark_boundschecks",
      "mean": 0.4561097060800001,
      "stddev": 0.00038466808346081076,
      "median": 0.456076405,
      "user": 0.4478284399999999,
      "system": 0.0035397199999999997,
      "min": 0.45534705600000003,
      "max": 0.456710643,
      "times": [
        0.456710643,
        0.45534705600000003,
        0.455892212,
        0.45639909100000003,
        0.455982149,
        0.45662325000000004,
        0.456305128,
        0.45574153700000003,
        0.45603698800000003,
        0.45588988500000005,
        0.45644387000000003,
        0.455955257,
        0.45640826900000003,
        0.456382769,
        0.45578808000000004,
        0.45658462400000005,
        0.45631168000000005,
        0.45662138300000005,
        0.45568437100000003,
        0.456333472,
        0.45626837200000003,
        0.455419699,
        0.456076405,
        0.455958901,
        0.455577561
      ],
      "exit_codes": [
        0,
        0,
        0,
        0,
        0,
        0,
        0,
        0,
        0,
        0,
        0,
        0,
        0,
        0,
        0,
        0,
        0,
        0,
        0,
        0,
        0,
        0,
        0,
        0,
        0
      ]
    }
  ]
}
