{
  "results": [
    {
      "command": "./benchmark_masking",
      "mean": 0.011129177984674334,
      "stddev": 0.00018373122857317275,
      "median": 0.011080986000000001,
      "user": 0.010006513409961696,
      "system": 0.0008685938697318007,
      "min": 0.010904782,
      "max": 0.011854381,
      "times": [
        0.011480795,
        0.010941850000000001,
        0.011257283,
        0.011077636,
        0.010976886,
        0.011055962,
        0.011047492,
        0.011083524,
        0.011017444000000001,
        0.011406371,
        0.010955669000000001,
        0.011254342,
        0.011048349,
        0.010995728000000001,
        0.011101377,
        0.011252721,
        0.011247744,
        0.010940481,
        0.011080900000000001,
        0.011036292000000001,
        0.010979652000000001,
        0.01157651,
        0.011022291,
        0.011130036000000001,
        0.010941138000000001,
        0.011094989000000001,
        0.010940254,
        0.011431727000000001,
        0.011299717,
        0.010982772,
        0.011088618000000001,
        0.010948156,
        0.011106878,
        0.011207277,
        0.011329720000000001,
        0.011075614000000001,
        0.010983267000000001,
        0.011084298000000001,
        0.010952189000000001,
        0.011547690000000001,
        0.011056879,
        0.011364250000000001,
        0.011256313,
        0.010990937000000001,
        0.011071836,
        0.01126746,
        0.011032098,
        0.011093782,
        0.010959907000000001,
        0.011101481,
        0.010965178,
        0.011604354,
        0.011058868000000001,
        0.010991065000000001,
        0.011055513000000001,
        0.010977328000000001,
        0.011087927000000001,
        0.011254988,
        0.011278413000000001,
        0.011052244000000001,
        0.010982832000000001,
        0.011037512000000001,
        0.011001143000000001,
        0.011556068000000001,
        0.010965023,
        0.011147180000000001,
        0.01105656,
        0.011007912,
        0.011047551000000001,
        0.011080986000000001,
        0.011293159,
        0.010982991000000001,
        0.011137349000000001,
        0.011044759000000001,
        0.011252013,
        0.011255745000000001,
        0.010977715,
        0.011099335,
        0.010952622,
        0.011140258,
        0.011263441,
        0.011401632,
        0.011089554000000001,
        0.010929705000000001,
        0.01108463,
        0.010925201,
        0.011389978,
        0.010947055,
        0.011321572,
        0.011043544,
        0.010996206000000001,
        0.01109356,
        0.011214531000000002,
        0.011306438,
        0.01103247,
        0.0113024,
        0.011246556000000001,
        0.010930218,
        0.011410074000000001,
        0.010937516000000001,
        0.011288488000000001,
        0.011100006,
        0.010930101000000001,
        0.011101331,
        0.011257616000000002,
        0.011219050000000001,
        0.011066659000000001,
        0.011055883,
        0.011056838000000001,
        0.010950695,
        0.011426790000000001,
        0.010959139000000001,
        0.011227389,
        0.011037254000000002,
        0.010962707,
        0.01110966,
        0.011330709000000001,
        0.011274073,
        0.010942849000000001,
        0.011098736000000001,
        0.011022460000000001,
        0.011000976,
        0.011665415,
        0.010966926,
        0.011096874000000001,
        0.010986143,
        0.011073228000000001,
        0.011055094000000001,
        0.011385612000000002,
        0.011313042,
        0.010944656,
        0.011107589000000001,
        0.010933370000000001,
        0.011082394,
        0.011243256,
        0.011275959,
        0.011151901,
        0.010943295,
        0.011085637,
        0.010944885000000001,
        0.011854381,
        0.011053768,
        0.011033589,
        0.011103595,
        0.011020936,
        0.011054566,
        0.011352506,
        0.011351242000000001,
        0.010917533,
        0.011428064,
        0.011385203,
        0.010954059,
        0.011555041,
        0.011072982,
        0.011013918000000001,
        0.011052223,
        0.011015888000000001,
        0.011045006000000001,
        0.01137465,
        0.011301313,
        0.010942705,
        0.011106189,
        0.011047173,
        0.010996721000000001,
        0.011692572,
        0.01100852,
        0.011116427,
        0.010941529,
        0.011111833000000002,
        0.011039994000000001,
        0.011322748,
        0.011256253,
        0.011042826,
        0.011089683000000001,
        0.010932692,
        0.011097612000000001,
        0.011281856000000002,
        0.011270694000000001,
        0.011094381,
        0.010968062,
        0.011083638,
        0.010926655,
        0.011717086000000002,
        0.011032425,
        0.011004804,
        0.011052870000000001,
        0.011033030000000001,
        0.011057443,
        0.011339093000000001,
        0.011254068,
        0.010928436000000001,
        0.011083004,
        0.011052545,
        0.011061339,
        0.011664484000000001,
        0.010939468,
        0.01109036,
        0.010917630000000001,
        0.011088948000000001,
        0.010904782,
        0.01149555,
        0.011256615000000001,
        0.010915774000000001,
        0.011428490000000001,
        0.010956152,
        0.011237032000000001,
        0.011571275,
        0.010965463,
        0.011143432,
        0.010934367,
        0.01109922,
        0.010950178000000001,
        0.011082204,
        0.011551750000000001,
        0.010924943000000001,
        0.011151863000000001,
        0.010947947000000001,
        0.01107134,
        0.010955541000000001,
        0.011691207,
        0.01105771,
        0.011017031,
        0.011095377,
        0.011004676000000001,
        0.011009983000000001,
        0.011329597,
        0.011336401000000001,
        0.011044344000000001,
        0.011002002,
        0.011103865000000001,
        0.010991483000000002,
        0.011510388,
        0.0109508,
        0.011130113,
        0.010920578,
        0.011069244,
        0.011121503000000001,
        0.011241519,
        0.011264630000000001,
        0.010954515000000001,
        0.011097154000000001,
        0.01093027,
        0.011094199,
        0.011304689000000001,
        0.011243838,
        0.01112837,
        0.010937793000000001,
        0.01109683,
        0.010915969000000001,
        0.011610572000000001,
        0.011085631,
        0.01104244,
        0.011041419,
        0.010989023,
        0.011097946000000001,
        0.011225945000000001,
        0.011243936000000001,
        0.011070588000000001,
        0.011280370000000001,
        0.011234471000000001,
        0.010962719000000001
      ],