{
  "results": [
    {
      "command": "./benchmark_boundschecks",
      "mean": 0.012891134097872344,
      "stddev": 0.00019215498735227675,
      "median": 0.012845582000000001,
      "user": 0.01177234893617022,
      "system": 0.0008556893617021275,
      "min": 0.012661338000000001,
      "max": 0.013630564000000001,
      "times": [
        0.012716617000000001,
        0.013178818,
        0.013025082,
        0.012858136000000001,
        0.012750412000000001,
        0.012839368,
        0.012702326000000002,
        0.012894668000000001,
        0.013413890000000001,
        0.012705308,
        0.01286803,
        0.012839277000000001,
        0.012661338000000001,
        0.012866853000000001,
        0.013212731,
        0.012725612,
        0.012844217000000002,
        0.012792015,
        0.012748018000000002,
        0.012894564,
        0.013381802000000002,
        0.012712112000000001,
        0.012836966,
        0.012822265000000001,
        0.012722289000000001,
        0.012896293000000001,
        0.013114546000000001,
        0.013036189,
        0.012852696,
        0.012780308,
        0.012714337000000001,
        0.012898609,
        0.012989848,
        0.012991708000000001,
        0.012863396000000001,
        0.012704461,
        0.012845582000000001,
        0.012834189000000001,
        0.013051619,
        0.012990852,
        0.012852339,
        0.012670466,
        0.012802568,
        0.012799193,
        0.013123488,
        0.013058625,
        0.012800038000000001,
        0.012745414,
        0.012845765,
        0.012792864000000001,
        0.013039372,
        0.013049194,
        0.012806270000000002,
        0.012744659,
        0.012858888,
        0.012691561,
        0.013600384,
        0.012891812,
        0.012680893,
        0.012855809000000001,
        0.012846288,
        0.012688890000000001,
        0.013630564000000001,
        0.012863561,
        0.012680283,
        0.012882113,
        0.012794969000000002,
        0.012746902000000001,
        0.013430772,
        0.012823737,
        0.012739431,
        0.012838913,
        0.012686342000000001,
        0.012834265000000001,
        0.013120721,
        0.012807411000000001,
        0.013045174000000001,
        0.013361498000000001,
        0.012844694,
        0.012761512000000001,
        0.013348965,
        0.012877123,
        0.012728034000000001,
        0.012837158000000001,
        0.012682297,
        0.012763634000000001,
        0.013369153000000002,
        0.012837095000000001,
        0.012733903000000001,
        0.012827034000000001,
        0.012684046000000001,
        0.012863563000000001,
        0.013099185000000001,
        0.013015612000000001,
        0.012851456,
        0.012784460000000001,
        0.012751668,
        0.012850718,
        0.013057857,
        0.013032343,
        0.012849763,
        0.012676616,
        0.012822204,
        0.012860519,
        0.012972349000000001,
        0.013039461,
        0.012838924000000002,
        0.012695651,
        0.012821902000000001,
        0.012778816,
        0.013089661,
        0.01300281,
        0.012880319000000001,
        0.012662360000000001,
        0.012844112000000001,
        0.012783083,
        0.013099016000000002,
        0.013000562,
        0.012852491,
        0.012746554,
        0.012822358,
        0.01267325,
        0.013105295000000001,
        0.012990142000000001,
        0.012848917000000001,
        0.013009313000000002,
        0.012986303000000001,
        0.013485552000000001,
        0.012686798,
        0.012849377,
        0.012844042,
        0.01275853,
        0.012848955,
        0.012776885,
        0.013580819000000001,
        0.012880642000000001,
        0.012724146,
        0.012831394000000001,
        0.012766384,
        0.012738714,
        0.013304616,
        0.012800815,
        0.012837040000000001,
        0.012824211,
        0.012691626000000001,
        0.012824025000000001,
        0.013100828,
        0.012748362000000001,
        0.013008934000000002,
        0.01290145,
        0.012675817,
        0.012831258000000002,
        0.013225275000000002,
        0.012690194,
        0.01284594,
        0.012900363000000001,
        0.012743814000000001,
        0.013318316,
        0.012872151,
        0.012680004,
        0.012850589,
        0.012847053,
        0.012743675000000001,
        0.013115695,
        0.012709796,
        0.013002552,
        0.012847889000000001,
        0.012819303,
        0.012744076,
        0.013359565,
        0.012818028,
        0.013074868000000002,
        0.012976295,
        0.012860524000000002,
        0.013065991,
        0.012963527,
        0.012871734000000001,
        0.012686789,
        0.012845982,
        0.012785222,
        0.012789992,
        0.013329288000000002,
        0.012714481000000001,
        0.012861168000000001,
        0.012783918,
        0.012703918000000002,
        0.012892027,
        0.013296276000000001,
        0.012701419,
        0.012842412000000001,
        0.012812517,
        0.012758767,
        0.012880523000000001,
        0.013013028000000001,
        0.012752133,
        0.012819709,
        0.012784538000000002,
        0.012755457000000001,
        0.012893606,
        0.012963516000000001,
        0.012978714,
        0.01284682,
        0.012710761000000001,
        0.012873043,
        0.012890581000000002,
        0.013019728000000001,
        0.012988372000000001,
        0.012860674,
        0.012683305,
        0.012845119,
        0.012795717000000002,
        0.013154678000000001,
        0.013028302,
        0.012845760000000001,
        0.01269284,
        0.012850997000000001,
        0.01280376,
        0.013062998000000001,
        0.013006680000000001,
        0.012826721000000001,
        0.012738893000000001,
        0.012826807,
        0.012799921,
        0.013391293,
        0.012905104,
        0.012689107000000002,
        0.012851584000000001,
        0.01282958,
        0.012689671000000001,
        0.013524875,
        0.012866163000000002,
        0.012684497000000001,
        0.012863242,
        0.012831385,
        0.012760654000000001
      ],