{
  "results": [
    {
      "command": "./benchmark_guardpage_asmmove",
      "mean": 0.6083797318,
      "stddev": 0.006723663863851387,
      "median": 0.606029335,
      "user": 0.5976874,
      "system": 0.004309759999999999,
      "min": 0.60471293,
      "max": 0.628805523,
      "times": [
        0.627763113,
        0.6063821420000001,
        0.605463489,
        0.606360086,
        0.6058378670000001,
        0.606922716,
        0.605155455,
        0.607302348,
        0.605186415,
        0.6062086830000001,
        0.605722705,
        0.62086993,
        0.605618234,
        0.60471293,
        0.607385084,
        0.606711165,
        0.6056936850000001,
        0.607227025,
        0.605387887,
        0.628805523,
        0.60604594,
        0.605964805,
        0.606029335,
        0.605160593,
        0.60557614
      ],
      "exit_codes": [
        0,
        0,
        0,
        0,
        0,
        0,
        0,
        0,
        0,
        0,
        0,
        0,
        0,
        0,
        0,
        0,
        0,
        0,
        0,
        0,
        0,
        0,
        0,
        0,
        0
      ]
    }
  ]
}
