{
  "results": [
    {
      "command": "./benchmark_mprotect_guardpages",
      "mean": 0.10995544100000003,
      "stddev": 0.011036947528380199,
      "median": 0.1142583835,
      "user": 0.051504607142857144,
      "system": 0.057221857142857144,
      "min": 0.072085021,
      "max": 0.11508364700000001,
      "times": [
        0.10569083600000001,
        0.11455040500000001,
        0.114143617,
        0.11424519300000001,
        0.114378398,
        0.114191495,
        0.11508364700000001,
        0.11421660500000001,
        0.11489657700000001,
        0.11426246300000001,
        0.114349774,
        0.11415979100000001,
        0.114258673,
        0.11448532300000001,
        0.11407431700000001,
        0.114661991,
        0.11468397200000001,
        0.09610819400000001,
        0.09753711500000001,
        0.114457294,
        0.114258094,
        0.11464368300000001,
        0.114183486,
        0.11465109500000001,
        0.11438561300000001,
        0.11247344100000001,
        0.072085021,
        0.07763623500000001
      ],
      "exit_codes": [
        0,
        0,
        0,
        0,
        0,
        0,
        0,
        0,
        0,
        0,
        0,
        0,
        0,
        0,
        0,
        0,
        0,
        0,
        0,
        0,
        0,
        0,
        0,
        0,
        0,
        0,
        0,
        0
      ]
    }
  ]
}
