{
  "results": [
    {
      "command": "./benchmark_guardpage",
      "mean": 0.006811852605700717,
      "stddev": 0.00014634263489192347,
      "median": 0.00675798,
      "user": 0.0051737244655581955,
      "system": 0.0014482945368171022,
      "min": 0.006656250000000001,
      "max": 0.007260491000000001,
      "times": [
        0.007114554,
        0.0068200330000000005,
        0.006768904,
        0.007076624,
        0.006784547,
        0.007037006,
        0.006766801,
        0.006755690000000001,
        0.006700877,
        0.006730293,
        0.006762678,
        0.0067335830000000004,
        0.006962357000000001,
        0.006688824,
        0.006742355,
        0.007145879000000001,
        0.006736515,
        0.0070181,
        0.006692128,
        0.006795786000000001,
        0.006695424,
        0.0066865100000000005,
        0.006774291,
        0.006781739,
        0.006802437000000001,
        0.007021376,
        0.006725011,
        0.007111471,
        0.006684642,
        0.006802327,
        0.006674023,
        0.006784005,
        0.00669884,
        0.006687198,
        0.0070863110000000005,
        0.006752818000000001,
        0.0070545550000000005,
        0.006724521000000001,
        0.006731460000000001,
        0.006766785000000001,
        0.006694137,
        0.006804635000000001,
        0.006687833000000001,
        0.006729854,
        0.007134207,
        0.0067740560000000005,
        0.007033180000000001,
        0.0067848200000000004,
        0.006867593000000001,
        0.006681749000000001,
        0.006702673,
        0.0068335950000000005,
        0.006698601,
        0.006786981,
        0.007230857,
        0.006727185,
        0.007051621,
        0.006742212,
        0.006876508000000001,
        0.0066694630000000005,
        0.006693649,
        0.006802351000000001,
        0.006744297000000001,
        0.007038361000000001,
        0.006769706,
        0.007040950000000001,
        0.006706513000000001,
        0.0067183500000000005,
        0.006818979,
        0.006704878,
        0.00685888,
        0.0066804920000000005,
        0.006703753000000001,
        0.0071434870000000004,
        0.006735209000000001,
        0.007090456,
        0.006697603000000001,
        0.0067657030000000005,
        0.006722156000000001,
        0.00669345,
        0.006735124,
        0.006684195,
        0.006823904,
        0.007122376000000001,
        0.006821708,
        0.007036990000000001,
        0.0067182430000000005,
        0.006781568000000001,
        0.006709242000000001,
        0.006664336000000001,
        0.0067700370000000005,
        0.006703447,
        0.006826746000000001,
        0.006769177,
        0.006704751,
        0.007052741,
        0.006723290000000001,
        0.007059043,
        0.006740361,
        0.00676905,
        0.006692036,
        0.0067051490000000005,
        0.0067446400000000005,
        0.006733549,
        0.0067718760000000005,
        0.007098189,
        0.006690181000000001,
        0.007095119,
        0.006759668000000001,
        0.006862116000000001,
        0.006698297000000001,
        0.006773339000000001,
        0.006690328000000001,
        0.006712212,
        0.007052767000000001,
        0.006768269,
        0.007177081,
        0.006734558000000001,
        0.006691643000000001,
        0.0067842810000000005,
        0.006674855,
        0.006753350000000001,
        0.006734493,
        0.006666008,
        0.007131509,
        0.006787597,
        0.007055432,
        0.006803527,
        0.006788082000000001,
        0.006699003,
        0.006690865000000001,
        0.006806721000000001,
        0.006710430000000001,
        0.006796906,
        0.0071143230000000005,
        0.006707965000000001,
        0.007013071,
        0.00667106,
        0.006807169,
        0.006734028,
        0.0067692510000000004,
        0.006782460000000001,
        0.006681079,
        0.007215654,
        0.006812797000000001,
        0.007083913000000001,
        0.006696592,
        0.00673652,
        0.006782418,
        0.006711323000000001,
        0.006772804,
        0.006747273000000001,
        0.00669036,
        0.007163417,
        0.006818676,
        0.00703048,
        0.006713604000000001,
        0.0067823810000000005,
        0.0067149670000000005,
        0.006656250000000001,
        0.006781812000000001,
        0.006712443,
        0.006774821,
        0.007128138000000001,
        0.006772421000000001,
        0.007182286,
        0.0068036830000000005,
        0.006764132000000001,
        0.006717544000000001,
        0.006730734,
        0.006810625000000001,
        0.006707415,
        0.006783043000000001,
        0.006720219,
        0.0068269540000000005,
        0.007056607,
        0.006799719,
        0.007031796000000001,
        0.006703707000000001,
        0.006776154,
        0.006725835,
        0.006667810000000001,
        0.00679144,
        0.006710349,
        0.007019168,
        0.00675196,
        0.006764021,
        0.0070608500000000005,
        0.006694224,
        0.006812526,
        0.006679992,
        0.0067887170000000005,
        0.006690672000000001,
        0.006722106,
        0.0070749210000000005,
        0.006702128000000001,
        0.007069410000000001,
        0.0067048,
        0.006746233000000001,
        0.006769514000000001,
        0.006679282000000001,
        0.006767237000000001,
        0.006673409000000001,
        0.006703008000000001,
        0.007090189,
        0.006753017,
        0.007014717,
        0.006735611000000001,
        0.006799172,
        0.006761369000000001,
        0.006772783,
        0.006757371000000001,
        0.006695104,
        0.0067991810000000005,
        0.0071189,
        0.006736258,
        0.007047055000000001,
        0.006709400000000001,
        0.006762187,
        0.0067250800000000005,
        0.0066585030000000005,
        0.006846047,
        0.006680190000000001,
        0.007137239,
        0.006771825,
        0.007046486,
        0.006741214000000001,
        0.0067061130000000005,
        0.0067997380000000005,
        0.006683204000000001,
        0.006818364,
        0.0066876620000000005,
        0.0067581970000000005,
        0.007207421,
        0.0067270870000000005,
        0.007026531000000001,
        0.006731985,
        0.006825623,
        0.006753714,
        0.006687633,
        0.006795624,
        0.00669343,
        0.006778101000000001,
        0.007057306,
        0.006779666,
        0.007079673000000001,
        0.006744047,
        0.006835756,
        0.006723299,
        0.006704095,
        0.0067579300000000005,
        0.006711995,
        0.00675798,
        0.006736669000000001,
        0.006688724,
        0.007026428,
        0.006801546,
        0.007036854,
        0.006791142,
        0.006748051000000001,
        0.006704969000000001,
        0.006680766,
        0.006752620000000001,
        0.006748732,
        0.006799221,
        0.007161894,
        0.006671957,
        0.006994934,
        0.006786061,
        0.006772136000000001,
        0.0067858020000000005,
        0.006778340000000001,
        0.006781581,
        0.006658413,
        0.007100213,
        0.006755253,
        0.007024293,
        0.0066825470000000005,
        0.006730699000000001,
        0.006777539000000001,
        0.006825062000000001,
        0.00674064,
        0.0066825420000000005,
        0.006715331000000001,
        0.007109891,
        0.006754339000000001,
        0.007027674,
        0.006716017,
        0.006755860000000001,
        0.006741741000000001,
        0.006764664,
        0.0067955540000000005,
        0.0066844370000000005,
        0.0067874300000000005,
        0.007040630000000001,
        0.00677698,
        0.0070179380000000005,
        0.0067450190000000005,
        0.006742803,
        0.0067334280000000005,
        0.0066874510000000005,
