{
  "results": [
    {
      "command": "./benchmark_guardpage",
      "mean": 0.4967274856000001,
      "stddev": 0.0004190766394445834,
      "median": 0.49671592700000006,
      "user": 0.4906742799999999,
      "system": 0.00174664,
      "min": 0.49583856400000004,
      "max": 0.49742880700000003,
      "times": [
        0.49742880700000003,
        0.496804872,
        0.497343784,
        0.497108574,
        0.49643707000000004,
        0.497277536,
        0.49624890600000005,
        0.49607334200000003,
        0.49720758200000004,
        0.49639570200000005,
        0.49671245900000005,
        0.49583856400000004,
        0.49642434,
        0.49678278400000003,
        0.49671592700000006,
        0.49646439900000006,
        0.496333748,
        0.49705383100000006,
        0.49703893000000005,
        0.496498555,
        0.49686542000000006,
        0.496706101,
        0.497127132,
        0.497003403,
        0.496295372
      ],
      "exit_codes": [
        0,
        0,
        0,
        0,
        0,
        0,
        0,
        0,
        0,
        0,
        0,
        0,
        0,
        0,
        0,
        0,
        0,
        0,
        0,
        0,
        0,
        0,
        0,
        0,
        0
      ]
    }
  ]
}
