{
  "results": [
    {
      "command": "./benchmark_guardpage",
      "mean": 0.22489675648000002,
      "stddev": 0.00037921853756069893,
      "median": 0.22483517700000002,
      "user": 0.22183711999999997,
      "system": 0.00097884,
      "min": 0.22413627200000003,
      "max": 0.22576489000000002,
      "times": [
        0.225145695,
        0.22483517700000002,
        0.224472203,
        0.225424634,
        0.224595007,
        0.22481429400000003,
        0.22479336100000002,
        0.22510317600000002,
        0.22504594800000002,
        0.22485222700000002,
        0.22474004400000003,
        0.225281006,
        0.22413627200000003,
        0.22576489000000002,
        0.22451050800000003,
        0.22480738200000003,
        0.224437302,
        0.225130887,
        0.22449401500000002,
        0.225548931,
        0.22460486100000002,
        0.224756323,
        0.22486972100000002,
        0.225017253,
        0.22523779500000002
      ],
      "exit_codes": [
        0,
        0,
        0,
        0,
        0,
        0,
        0,
        0,
        0,
        0,
        0,
        0,
        0,
        0,
        0,
        0,
        0,
        0,
        0,
        0,
        0,
        0,
        0,
        0,
        0
      ]
    }
  ]
}
