{
  "results": [
    {
      "command": "./benchmark_guardpage",
      "mean": 0.010718170788888894,
      "stddev": 0.00015110466786671885,
      "median": 0.010650746,
      "user": 0.009759229629629631,
      "system": 0.0007463370370370369,
      "min": 0.010549301,
      "max": 0.011094483,
      "times": [
        0.011094483,
        0.010594598,
        0.010929168000000001,
        0.010653937,
        0.010569118,
        0.010668675,
        0.010650634,
        0.010644702,
        0.010710917,
        0.010632994000000002,
        0.010870364,
        0.010895911000000001,
        0.010574243,
        0.01064524,
        0.010658714000000001,
        0.010621180000000001,
        0.011020221,
        0.010882022,
        0.01059387,
        0.010652960000000001,
        0.010662888,
        0.010572670000000001,
        0.010703725,
        0.010646378000000001,
        0.010861247000000001,
        0.011027878000000001,
        0.010625662000000001,
        0.010563859,
        0.010673661000000001,
        0.010572798000000001,
        0.011020238,
        0.010926016,
        0.010558588,
        0.010651664,
        0.010692452,
        0.010631466000000001,
        0.010636248000000001,
        0.010724533000000001,
        0.010854404000000002,
        0.010875312,
        0.010683753,
        0.010574082,
        0.010621961000000001,
        0.010655875,
        0.010982908000000001,
        0.010944752,
        0.01057078,
        0.010636685,
        0.010648963000000001,
        0.010579276,
        0.010672987,
        0.0109552,
        0.010635305000000001,
        0.010935974000000001,
        0.010667808,
        0.010572899,
        0.010668832000000001,
        0.010654381000000001,
        0.010947951000000001,
        0.010907401,
        0.010689334,
        0.010590369,
        0.010644216000000001,
        0.010567968,
        0.010645468,
        0.011025001000000001,
        0.0106011,
        0.010920452,
        0.010656037,
        0.010597987000000001,
        0.010660471000000001,
        0.010640995,
        0.011021134,
        0.010902054000000001,
        0.010688482000000001,
        0.010588408,
        0.010641302,
        0.010662381,
        0.010571533000000001,
        0.010971831000000001,
        0.010606288,
        0.010871294,
        0.010712045,
        0.010579636,
        0.010644404000000001,
        0.010610837000000001,
        0.010578374000000001,
        0.010959139000000001,
        0.010969622,
        0.010656852000000001,
        0.010644129,
        0.010655148000000001,
        0.010588869,
        0.011010761,
        0.010911150000000001,
        0.0105821,
        0.010646748000000001,
        0.010652726000000001,
        0.010629129000000001,
        0.011071564,
        0.01063243,
        0.010895465,
        0.01063817,
        0.010574442,
        0.010693657,
        0.010631671,
        0.010915540000000001,
        0.010943486,
        0.010633635,
        0.010557479,
        0.010657993000000001,
        0.010615325,
        0.010627086,
        0.011042476,
        0.010604346,
        0.010899124000000001,
        0.010648595,
        0.010581214,
        0.010664076000000001,
        0.01066189,
        0.010584684,
        0.010918134000000001,
        0.010877769,
        0.010585815,
        0.010618962000000001,
        0.010644822,
        0.010601425000000001,
        0.010998913,
        0.01089874,
        0.010623351000000001,
        0.010658196,
        0.010573158000000001,
        0.010658978000000001,
        0.010651312000000001,
        0.010624277000000001,
        0.010906049000000001,
        0.010874546,
        0.010589371,
        0.010663694000000001,
        0.010631107,
        0.010573025000000002,
        0.011086163000000001,
        0.010898658,
        0.010560375,
        0.010647734,
        0.010655417,
        0.010569501,
        0.010639072000000001,
        0.010568875,
        0.010994229000000001,
        0.011004670000000001,
        0.01058475,
        0.010658563000000001,
        0.010659404,
        0.010582392000000001,
        0.010986419,
        0.01095839,
        0.01057515,
        0.010633501,
        0.010647878000000001,
        0.010563518000000001,
        0.010641821000000001,
        0.010583534,
        0.010908888,
        0.010943310000000001,
        0.010595287,
        0.010729256000000001,
        0.010616008000000001,
        0.010597220000000001,
        0.0109485,
        0.010917042,
        0.010650670000000001,
        0.010651513000000001,
        0.010646172,
        0.0105749,
        0.010630104000000001,
        0.010643816,
        0.010854364,
        0.011029557,
        0.010684077,
        0.010583082,
        0.010623674000000001,
        0.010580290000000001,
        0.010984611,
        0.010915943000000001,
        0.010573719,
        0.010687071000000001,
        0.010656941000000001,
        0.010582560000000001,
        0.010634866000000001,
        0.01064934,
        0.010841331000000001,
        0.010899934,
        0.010679277000000001,
        0.010584936000000001,
        0.010665962000000001,
        0.010556974,
        0.011010245,
        0.010888133000000001,
        0.010562841,
        0.010636890000000001,
        0.010719077,
        0.010549301,
        0.011066195000000001,
        0.01104971,
        0.010591489,
        0.010642885000000001,
        0.010654277,
        0.010619532000000001,
        0.010634418000000001,
        0.01064209,
        0.010855700000000001,
        0.010913967,
        0.010645494,
        0.010577543,
        0.010639866000000001,
        0.010613625,
        0.010985714,
        0.010910009,
        0.010576549000000001,
        0.010723779000000001,
        0.010649823000000001,
        0.010574354000000001,
        0.010683722000000001,
        0.010653779,
        0.010866099,
        0.010856364,
        0.010678311000000001,
        0.01056761,
        0.010650600000000001,
        0.010607698,
        0.010997126000000001,
        0.010882222,
        0.010614946,
        0.010640418,
        0.010619774,
        0.010556418000000001,
        0.010660002,
        0.010701229000000001,
        0.010650581000000001,
        0.010991209,
        0.010652215000000001,
        0.01056693,
        0.010650822,
        0.010636546,
        0.010957147,
        0.010906617,
        0.010588165,
        0.010763462000000001,
        0.010645641,
        0.010571187000000001,
        0.010643686000000001,
        0.010945385,
        0.01064266,
        0.010881302,
        0.010630685,
        0.010580864,
        0.010661841,
        0.010657421,
        0.010946983,
        0.010950414,
        0.010641285,
        0.010556532,
        0.010634547000000001,
        0.01059286,
        0.010607619,
        0.011019969000000001,
        0.010650238000000001,
        0.010930747000000001,
        0.010654343
      ],