{
  "results": [
    {
      "command": "./benchmark_guardpage",
      "mean": 0.05048541211864405,
      "stddev": 0.00040003926033057116,
      "median": 0.050459260000000006,
      "user": 0.0487461186440678,
      "system": 0.001171576271186441,
      "min": 0.049946709000000006,
      "max": 0.051520829000000004,
      "times": [
        0.050457128000000004,
        0.050076380000000004,
        0.050368227,
        0.051155407,
        0.050720132,
        0.050508359,
        0.050449007000000004,
        0.050153451,
        0.050808479000000004,
        0.049991172,
        0.050512615000000004,
        0.051085196000000006,
        0.050226183,
        0.051395098,
        0.050021704,
        0.050679662,
        0.050371346000000004,
        0.049971745000000005,
        0.051428099000000005,
        0.050512106,
        0.050018529000000006,
        0.050541579,
        0.050250873,
        0.051155973,
        0.050400718000000004,
        0.049946709000000006,
        0.050432711000000005,
        0.050541634,
        0.050176296,
        0.050447557000000004,
        0.050672767,
        0.050006894,
        0.050365537,
        0.050241964,
        0.050684797000000004,
        0.051520829000000004,
        0.049993099000000006,
        0.050570095,
        0.050813213,
        0.050299169000000005,
        0.051320341000000005,
        0.05015203,
        0.050977342,
        0.050508224000000004,
        0.049952753,
        0.050517706,
        0.050459418000000006,
        0.049964767,
        0.050420839,
        0.050529744,
        0.050124810000000006,
        0.050459260000000006,
        0.049981891,
        0.050505766,
        0.050499402000000006,
        0.051010400000000004,
        0.050701592000000004,
        0.050510517000000005,
        0.050070074000000006
      ],
      "exit_codes": [
        0,
        0,
        0,
        0,
        0,
        0,
        0,
        0,
        0,
        0,
        0,
        0,
        0,
        0,
        0,
        0,
        0,
        0,
        0,
        0,
        0,
        0,
        0,
        0,
        0,
        0,
        0,
        0,
        0,
        0,
        0,
        0,
        0,
        0,
        0,
        0,
        0,
        0,
        0,
        0,
        0,
        0,
        0,
        0,
        0,
        0,
        0,
        0,
        0,
        0,
        0,
        0,
        0,
        0,
        0,
        0,
        0,
        0,
        0
      ]
    }
  ]
}
