{
  "results": [
    {
      "command": "./benchmark_guardpage",
      "mean": 0.64184549452,
      "stddev": 0.0068063309851295285,
      "median": 0.638771572,
      "user": 0.63426488,
      "system": 0.00207956,
      "min": 0.636398529,
      "max": 0.656397827,
      "times": [
        0.637933944,
        0.655949918,
        0.638358679,
        0.6392062110000001,
        0.640645435,
        0.638849028,
        0.6387495440000001,
        0.638233006,
        0.63762257,
        0.6370868670000001,
        0.6536945150000001,
        0.6380934850000001,
        0.638576201,
        0.638698392,
        0.638771572,
        0.6392562070000001,
        0.638628316,
        0.654231819,
        0.636398529,
        0.6390157510000001,
        0.637788413,
        0.6399044070000001,
        0.6549809830000001,
        0.656397827,
        0.639065744
      ],
      "exit_codes": [
        0,
        0,
        0,
        0,
        0,
        0,
        0,
        0,
        0,
        0,
        0,
        0,
        0,
        0,
        0,
        0,
        0,
        0,
        0,
        0,
        0,
        0,
        0,
        0,
        0
      ]
    }
  ]
}
