{
  "results": [
    {
      "command": "./benchmark_guardpage",
      "mean": 3.15286476164,
      "stddev": 0.07579358534030611,
      "median": 3.178933952,
      "user": 3.1235789600000006,
      "system": 0.003685239999999999,
      "min": 2.91647387,
      "max": 3.196406856,
      "times": [
        3.175195361,
        3.167786644,
        3.183911808,
        3.178933952,
        3.172270995,
        3.196406856,
        3.1875488770000002,
        2.999643912,
        2.953803072,
        2.91647387,
        3.169628087,
        3.14078171,
        3.166781778,
        3.172436281,
        3.185963014,
        3.188734353,
        3.190212827,
        3.177435994,
        3.174778433,
        3.184737401,
        3.187633953,
        3.195866994,
        3.189514508,
        3.18150019,
        3.183638171
      ],
      "exit_codes": [
        0,
        0,
        0,
        0,
        0,
        0,
        0,
        0,
        0,
        0,
        0,
        0,
        0,
        0,
        0,
        0,
        0,
        0,
        0,
        0,
        0,
        0,
        0,
        0,
        0
      ]
    }
  ]
}
