{
  "results": [
    {
      "command": "./benchmark_guardpage",
      "mean": 0.2604811836,
      "stddev": 0.0003119414831792652,
      "median": 0.260476136,
      "user": 0.25693471999999995,
      "system": 0.0011067199999999998,
      "min": 0.259911263,
      "max": 0.261050118,
      "times": [
        0.260659906,
        0.260818883,
        0.26046553100000003,
        0.260634562,
        0.259959468,
        0.261050118,
        0.260109747,
        0.260654843,
        0.260506774,
        0.260366553,
        0.260984818,
        0.260325426,
        0.260368317,
        0.260543681,
        0.260476136,
        0.260690445,
        0.26045825100000003,
        0.260965385,
        0.26004892900000004,
        0.26069285200000003,
        0.26010024000000004,
        0.26061768900000004,
        0.260443296,
        0.259911263,
        0.260176477
      ],
      "exit_codes": [
        0,
        0,
        0,
        0,
        0,
        0,
        0,
        0,
        0,
        0,
        0,
        0,
        0,
        0,
        0,
        0,
        0,
        0,
        0,
        0,
        0,
        0,
        0,
        0,
        0
      ]
    }
  ]
}
