{
  "results": [
    {
      "command": "./benchmark_guardpage",
      "mean": 0.83040967968,
      "stddev": 0.006229827687130589,
      "median": 0.828060207,
      "user": 0.8159830800000001,
      "system": 0.007539040000000001,
      "min": 0.823583574,
      "max": 0.8447342320000001,
      "times": [
        0.837244427,
        0.825421108,
        0.8244563770000001,
        0.8242656150000001,
        0.828060207,
        0.824826331,
        0.8344032560000001,
        0.8249832250000001,
        0.8349026340000001,
        0.840541725,
        0.827437207,
        0.823583574,
        0.832422909,
        0.836106525,
        0.8447342320000001,
        0.825644033,
        0.8293697170000001,
        0.8364521210000001,
        0.828255293,
        0.8237371800000001,
        0.8258394160000001,
        0.83583154,
        0.8255659080000001,
        0.8396795060000001,
        0.826477926
      ],
      "exit_codes": [
        0,
        0,
        0,
        0,
        0,
        0,
        0,
        0,
        0,
        0,
        0,
        0,
        0,
        0,
        0,
        0,
        0,
        0,
        0,
        0,
        0,
        0,
        0,
        0,
        0
      ]
    }
  ]
}
