{
  "results": [
    {
      "command": "./benchmark_guardpage",
      "mean": 0.7617993956800001,
      "stddev": 0.009302161445079305,
      "median": 0.763340459,
      "user": 0.7539317999999998,
      "system": 0.0014282000000000001,
      "min": 0.7287020280000001,
      "max": 0.7741097010000001,
      "times": [
        0.7642603440000001,
        0.773447953,
        0.7641218590000001,
        0.763315072,
        0.746481833,
        0.762716841,
        0.763617697,
        0.7632984230000001,
        0.7634506310000001,
        0.762870609,
        0.773145937,
        0.7631673210000001,
        0.763340459,
        0.7629646720000001,
        0.763827861,
        0.763461107,
        0.7629948670000001,
        0.7287020280000001,
        0.7450513750000001,
        0.7741097010000001,
        0.7634084480000001,
        0.762895897,
        0.763684052,
        0.76296072,
        0.763689185
      ],
      "exit_codes": [
        0,
        0,
        0,
        0,
        0,
        0,
        0,
        0,
        0,
        0,
        0,
        0,
        0,
        0,
        0,
        0,
        0,
        0,
        0,
        0,
        0,
        0,
        0,
        0,
        0
      ]
    }
  ]
}
