{
  "results": [
    {
      "command": "./benchmark_guardpage",
      "mean": 0.0893619416666667,
      "stddev": 0.00022230697878717078,
      "median": 0.089266597,
      "user": 0.08770760606060606,
      "system": 0.0007147878787878788,
      "min": 0.08912188500000001,
      "max": 0.08994507800000001,
      "times": [
        0.08931238300000001,
        0.08918013300000001,
        0.089178296,
        0.089311001,
        0.08962107300000001,
        0.08954471200000001,
        0.089184577,
        0.08912188500000001,
        0.089182471,
        0.08956665500000001,
        0.08932313400000001,
        0.089261802,
        0.08914272200000001,
        0.089563866,
        0.089606481,
        0.08916481600000001,
        0.08972990800000001,
        0.08918015800000001,
        0.08938997100000001,
        0.089266597,
        0.08916618500000001,
        0.08915461200000001,
        0.08994507800000001,
        0.089724379,
        0.08924683400000001,
        0.089127051,
        0.08924387,
        0.089347383,
        0.089185805,
        0.08973779700000001,
        0.089511727,
        0.089499097,
        0.089221616
      ],
      "exit_codes": [
        0,
        0,
        0,
        0,
        0,
        0,
        0,
        0,
        0,
        0,
        0,
        0,
        0,
        0,
        0,
        0,
        0,
        0,
        0,
        0,
        0,
        0,
        0,
        0,
        0,
        0,
        0,
        0,
        0,
        0,
        0,
        0,
        0
      ]
    }
  ]
}
