{
  "results": [
    {
      "command": "./benchmark_hfiemulate2",
      "mean": 0.006762521981900446,
      "stddev": 0.00003250380766014705,
      "median": 0.006760720500000001,
      "user": 0.0052732918552036165,
      "system": 0.0013681289592760181,
      "min": 0.006696292,
      "max": 0.006951242000000001,
      "times": [
        0.006779773,
        0.006771684,
        0.0067573550000000005,
        0.006846728000000001,
        0.006745762000000001,
        0.006824048,
        0.006756743000000001,
        0.006716373,
        0.0067645660000000005,
        0.0067299280000000005,
        0.006815601,
        0.006744231000000001,
        0.006951242000000001,
        0.006772143,
        0.006742753000000001,
        0.0067794990000000005,
        0.006760111,
        0.0067666210000000004,
        0.006746002,
        0.006769666000000001,
        0.006794657000000001,
        0.006737199,
        0.006761794000000001,
        0.006734419,
        0.006830897000000001,
        0.006779894000000001,
        0.006755019,
        0.006794697000000001,
        0.006703118,
        0.006764002000000001,
        0.0067268630000000005,
        0.006717450000000001,
        0.0068035990000000005,
        0.006785350000000001,
        0.006756967,
        0.0067189730000000005,
        0.0068212820000000006,
        0.006767540000000001,
        0.0067210920000000006,
        0.006766436000000001,
        0.0067907720000000005,
        0.00675421,
        0.006742074000000001,
        0.006741857,
        0.0067516830000000005,
        0.0067453750000000005,
        0.006755522000000001,
        0.006785842,
        0.006774663,
        0.006823016,
        0.0067096740000000005,
        0.006781064000000001,
        0.006735197,
        0.0067470970000000005,
        0.006780261,
        0.0067473030000000005,
        0.006746699,
        0.006704009,
        0.00678633,
        0.0068113620000000005,
        0.006709512000000001,
        0.006718015000000001,
        0.006735133000000001,
        0.0067826660000000006,
        0.0067835130000000006,
        0.006761716,
        0.006784432000000001,
        0.0067324360000000005,
        0.006818968000000001,
        0.006744300000000001,
        0.006760288000000001,
        0.00677099,
        0.006775702000000001,
        0.006754123000000001,
        0.006772641,
        0.0067517670000000005,
        0.006725213000000001,
        0.006738597000000001,
        0.00671258,
        0.006795262000000001,
        0.0067668550000000004,
        0.006739873,
        0.0067470410000000005,
        0.006794259,
        0.006734796,
        0.006745845,
        0.0067621980000000005,
        0.006777499,
        0.006802432000000001,
        0.006730671000000001,
        0.006766284,
        0.006768141,
        0.006698955,
        0.006724104000000001,
        0.006811963000000001,
        0.006808204,
        0.00674791,
        0.006773541,
        0.006825479000000001,
        0.006757245,
        0.006743870000000001,
        0.006752991000000001,
        0.006751301,
        0.0067129170000000005,
        0.0068169680000000005,
        0.0067571440000000005,
        0.006809761,
        0.006727058,
        0.006767344000000001,
        0.006798950000000001,
        0.006780172,
        0.006764381000000001,
        0.006742088,
        0.0067429840000000005,
        0.006788588000000001,
        0.006752699,
        0.006762339,
        0.006782033000000001,
        0.006843757000000001,
        0.0068041640000000006,
        0.006742561,
        0.006713186,
        0.006789494,
        0.00673841,
        0.006780278000000001,
        0.006776311,
        0.006740791,
        0.006721871000000001,
        0.006702645,
        0.006778837,
        0.006820174,
        0.006755752,
        0.006774663,
        0.006764506,
        0.006796539000000001,
        0.006717254000000001,
        0.006766711000000001,
        0.006783992000000001,
        0.006789277000000001,
        0.006779262,
        0.006716995000000001,
        0.006794106,
        0.006760467,
        0.006712621,
        0.006789644,
        0.006759897000000001,
        0.00678267,
        0.006736627,
        0.006770812,
        0.006799748,
        0.006830486,
        0.006723948,
        0.006740988000000001,
        0.006827854,
        0.006747788,
        0.006755314,
        0.006751488000000001,
        0.006746821,
        0.006748279,
        0.006731763000000001,
        0.006773472,
        0.0067656750000000005,
        0.006771968000000001,
        0.006762595000000001,
        0.006709082000000001,
        0.006813833,
        0.006731330000000001,
        0.006708622,
        0.00677915,
        0.0067962790000000006,
        0.006756118,
        0.006723482,
        0.006728179000000001,
        0.006764669,
        0.006760136000000001,
        0.006737595000000001,
        0.006752074,
        0.006800148000000001,
        0.0067347380000000005,
        0.006833648,
        0.006732686000000001,
        0.006799192000000001,
        0.006779909000000001,
        0.006793388,
        0.006708268000000001,
        0.006805810000000001,
        0.006718681000000001,
        0.006763632,
        0.006749032,
        0.00674847,
        0.006789278,
        0.006728004,
        0.0067573170000000005,
        0.006785228000000001,
        0.006771969,
        0.006731284000000001,
        0.006808472,
        0.006772725,
        0.006739489,
        0.006766472000000001,
        0.006811061,
        0.0067885160000000005,
        0.006791747000000001,
        0.0067491,
        0.006779800000000001,
        0.006705171,
        0.006735306000000001,
        0.00672453,
        0.006730011,
        0.006776133,
        0.006768663,
        0.006748667000000001,
        0.006776147000000001,
        0.006781018000000001,
        0.006794144,
        0.006743331000000001,
        0.006754424,
        0.006784623,
        0.006763929,
        0.00670454,
        0.006728851,
        0.006776052,
        0.006775518,
        0.0067829990000000005,
        0.006814668,
        0.006713705,
        0.0067662370000000005,
        0.006752791,
        0.006771905000000001,
        0.006763189,
        0.006735154,
        0.006740551,
        0.006748749,
        0.00680806,
        0.006738746,
        0.006774738000000001,
        0.006712774,
        0.006819536,
        0.006745658000000001,
        0.00672161,
        0.006741933,
        0.006747686,
        0.006744639,
        0.006777213000000001,
        0.0067436020000000005,
        0.006784265,
        0.006769474,
        0.006807648,
        0.006762416,
        0.0067347480000000005,
        0.006821262000000001,
        0.006737499,
        0.006800682000000001,
        0.006727787000000001,
        0.0067617070000000005,
        0.006759864000000001,
        0.006727918,
        0.00672832,
        0.006791227,
        0.006827058,
        0.006750343000000001,
        0.006729087000000001,
        0.006766586000000001,
        0.006769537000000001,
        0.006773513,
        0.006741856,
        0.006740742,
        0.006767418000000001,
        0.006783552000000001,
        0.0067442000000000005,
        0.0067795320000000004,
        0.006763857000000001,
        0.006785129000000001,
        0.006736807,
        0.00675668,
        0.006755812000000001,
        0.006784384,
        0.006743799000000001,
        0.006758231000000001,
        0.006820091,
        0.006732002000000001,
        0.0067751140000000005,
        0.006804706000000001,
        0.006763486000000001,
        0.006799439,
        0.006727753,
        0.006759650000000001,
        0.006770362,
        0.006740269,
        0.006752612000000001,
        0.006764712000000001,
        0.006762687000000001,
        0.006734187000000001,
        0.006739903,
        0.0068313770000000005,
        0.006787962000000001,
        0.006832100000000001,
        0.006758412,
