{
  "results": [
    {
      "command": "./benchmark_boundschecks",
      "mean": 0.00860038906,
      "stddev": 0.00019597373497710365,
      "median": 0.008530909,
      "user": 0.0068771257142857195,
      "system": 0.0015144228571428568,
      "min": 0.00840708,
      "max": 0.009322187000000001,
      "times": [
        0.008561084,
        0.008654535000000001,
        0.008477291000000001,
        0.00887795,
        0.008522564,
        0.008852322000000001,
        0.008456278000000001,
        0.008542267000000001,
        0.00845457,
        0.008505258,
        0.008624504,
        0.008951770000000001,
        0.008556515,
        0.008782519,
        0.008433632,
        0.008570109000000001,
        0.008440384,
        0.008543294,
        0.008518308,
        0.009322187000000001,
        0.008482481,
        0.008535995000000001,
        0.008439245,
        0.00858034,
        0.008416948,
        0.008519055000000001,
        0.008538178,
        0.008821937,
        0.008897484,
        0.008480831000000001,
        0.008886391,
        0.008529761,
        0.0087901,
        0.008451615,
        0.008893017000000001,
        0.008500695,
        0.008791833,
        0.008546748,
        0.008516308,
        0.008417487000000001,
        0.008553107,
        0.008482163000000001,
        0.008507727000000001,
        0.008809631,
        0.008806712000000001,
        0.008472488,
        0.008549207000000001,
        0.008514807000000001,
        0.008521193,
        0.008500987,
        0.008536595000000001,
        0.009101655,
        0.008474585,
        0.008638862,
        0.008483972000000001,
        0.008570132000000001,
        0.008512178,
        0.008531045000000001,
        0.008469726,
        0.009137943,
        0.008502104,
        0.008546289,
        0.008481429,
        0.008545375000000001,
        0.008494346,
        0.008588164,
        0.008444797,
        0.008968643,
        0.008513147,
        0.008782059,
        0.008428456,
        0.008565515000000001,
        0.008444297,
        0.008514802,
        0.008506357,
        0.008997794,
        0.008848294000000001,
        0.008463647000000001,
        0.00853327,
        0.008436194000000001,
        0.008569181,
        0.008454911,
        0.008580800000000001,
        0.008491376,
        0.009088556000000001,
        0.008480285,
        0.008556989000000001,
        0.008491241,
        0.0085222,
        0.008482031000000001,
        0.008543894,
        0.008786378000000001,
        0.008871150000000001,
        0.008550813,
        0.008562207,
        0.008448421000000001,
        0.008529938,
        0.008463974,
        0.008517171,
        0.008789733000000001,
        0.008780769,
        0.00853709,
        0.008495585,
        0.008565333000000001,
        0.008470267,
        0.008560867,
        0.008445932,
        0.009164849000000001,
        0.008484891000000001,
        0.008530773,
        0.00844343,
        0.008573878,
        0.008461014000000001,
        0.008527294000000001,
        0.008495536,
        0.009227555,
        0.008513583,
        0.008550497,
        0.008461766,
        0.00851409,
        0.008434976,
        0.008581826,
        0.008477892,
        0.008943467,
        0.008484807,
        0.008767522,
        0.008497214000000001,
        0.008545875000000001,
        0.008544272,
        0.008448658000000001,
        0.008634024,
        0.008468943000000001,
        0.009221721,
        0.008606159,
        0.008508435,
        0.008506419000000001,
        0.008552975,
        0.008455291,
        0.008507519,
        0.008540712,
        0.009122201,
        0.008498381000000001,
        0.008549505,
        0.008484046,
        0.00855906,
        0.008425591000000001,
        0.008538692,
        0.008841162000000001,
        0.008895435,
        0.008521128000000001,
        0.008620227000000001,
        0.008465185,
        0.008435418,
        0.008551441,
        0.008434871,
        0.009308887,
        0.008538623,
        0.008525032,
        0.008508984,
        0.0085602,
        0.008455444000000001,
        0.008527944,
        0.008439026,
        0.009232192,
        0.008504601,
        0.008578252,
        0.008848269,
        0.009017538,
        0.008477761,
        0.008546071,
        0.008828269,
        0.008828343,
        0.008478404,
        0.008549290000000001,
        0.008549267000000001,
        0.008461812,
        0.008626581000000001,
        0.00840708,
        0.008617466,
        0.008434884,
        0.009126868,
        0.00851762,
        0.008524024,
        0.008465841,
        0.008531196000000001,
        0.008494965,
        0.008578582000000001,
        0.008458313,
        0.009078207000000001,
        0.008481504,
        0.008535062000000001,
        0.008465658000000001,
        0.008509495,
        0.008450202,
        0.008517494,
        0.008820656000000001,
        0.008837721,
        0.008454183,
        0.008530306000000001,
        0.008461875,
        0.008600001000000001,
        0.008519793000000001,
        0.008468557,
        0.009238356000000001,
        0.008564714000000001,
        0.008597283,
        0.008455242,
        0.008517226000000001,
        0.008491009,
        0.008547154000000001,
        0.008458473000000001,
        0.009155917000000001,
        0.008503081000000001,
        0.008616065000000001,
        0.008457368,
        0.008522399,
        0.008448681000000001,
        0.008512973,
        0.008472061000000001,
        0.008943184,
        0.008558226,
        0.008808112,
        0.008541738,
        0.008529455,
        0.008458720000000001,
        0.008543554,
        0.00856755,
        0.008849191000000001,
        0.008922201000000001,
        0.008442309,
        0.008557005000000001,
        0.008449263,
        0.008584258,
        0.008439939,
        0.008596538,
        0.008433796,
        0.009161212,
        0.008489331000000001,
        0.00887226,
        0.008575570000000001,
        0.008773785000000001,
        0.008509510000000001,
        0.008884557000000001,
        0.008498615000000001,
        0.00884381,
        0.008464675000000001,
        0.008506217,
        0.008438369000000001,
        0.008546513,
        0.008531332,
        0.008511765000000001,
        0.009163394,
        0.008538667,
        0.008562308000000001,
        0.008432212,
        0.008543761,
        0.008443316000000001,
        0.008656259000000001,
        0.008492335,
        0.009234553000000001,
        0.008545204,
        0.008538049,
        0.008420004,
        0.008579254,
        0.008453468,
        0.008530540000000001,
        0.008462383,
        0.008850971000000001,
        0.008564773000000001,
        0.008799917,
        0.008456995,
        0.008497781000000001,
        0.008455918,
        0.008514115000000001,
        0.008487070000000001,
        0.008934021,
        0.008814209,
        0.008463079,
        0.008569723000000001,
        0.008451406,
        0.008518323000000001,
        0.008482234,
        0.008546959,
        0.008477344000000001,
        0.009049263,
        0.008519635000000001,
        0.008537753,
        0.008504579,
        0.008552096,
        0.00843722,
        0.008582791000000001,
        0.008821668000000001,
        0.008925217000000001,
        0.008511506,
        0.008523925,
        0.008475839,
        0.008626861000000001,
        0.008465588000000001,
        0.008538790000000001,
        0.008849185,
        0.008790532,
        0.008557215,
        0.008474179,
        0.008531763000000001,
        0.00844872,
        0.008551995,
        0.008512326,
        0.009100786000000001,
        0.008491159,
        0.008546553,
        0.00844983,
        0.008522858000000001,
        0.008478928,
        0.008558591,
        0.008433531000000001,
        0.009217092000000001,
        0.00849039,
        0.00858416,
        0.008444917,
