{
  "results": [
    {
      "command": "./benchmark_guardpage_asmmove",
      "mean": 0.007136658381733021,
      "stddev": 0.00014768666913895319,
      "median": 0.0070819590000000005,
      "user": 0.005479585480093678,
      "system": 0.001463789227166276,
      "min": 0.006965255,
      "max": 0.007563015,
      "times": [
        0.007016718000000001,
        0.007250073,
        0.007387483,
        0.0074054360000000005,
        0.007074808,
        0.0071770900000000006,
        0.007005062,
        0.0070374650000000006,
        0.007097338000000001,
        0.007045244000000001,
        0.007094506,
        0.006991192,
        0.007162835,
        0.007486093,
        0.007112112,
        0.007362783,
        0.0070149620000000005,
        0.007068581000000001,
        0.007038252,
        0.007171777000000001,
        0.006987285,
        0.0070287760000000005,
        0.007104831000000001,
        0.007097445000000001,
        0.007387592,
        0.0071094190000000005,
        0.007464945000000001,
        0.00735927,
        0.007334554,
        0.007025515,
        0.007014604000000001,
        0.007122036000000001,
        0.0070032160000000005,
        0.007078152000000001,
        0.007535457000000001,
        0.007349648,
        0.0071054510000000005,
        0.007009911000000001,
        0.007159901000000001,
        0.006994578,
        0.007132764000000001,
        0.007020088000000001,
        0.007124422,
        0.007353865,
        0.007087540000000001,
        0.007403771000000001,
        0.007080976,
        0.007068469000000001,
        0.007011511000000001,
        0.0071104,
        0.007013701000000001,
        0.007004785,
        0.007075011000000001,
        0.0070440830000000005,
        0.007404636,
        0.007032237,
        0.007398435,
        0.00700584,
        0.007002292,
        0.007136529000000001,
        0.0070469930000000005,
        0.0070844260000000004,
        0.007059868,
        0.007093187000000001,
        0.007401797000000001,
        0.007380763,
        0.007030449,
        0.0071129340000000004,
        0.007084487,
        0.007042767,
        0.007103792,
        0.007011525,
        0.007057632,
        0.007410814000000001,
        0.007051188000000001,
        0.007395966,
        0.007012904,
        0.007086810000000001,
        0.007040374,
        0.007155355,
        0.007021045,
        0.0070930410000000004,
        0.007078891,
        0.00702949,
        0.007140889,
        0.007339312000000001,
        0.007324097000000001,
        0.0069779410000000005,
        0.007026421000000001,
        0.007176979000000001,
        0.007041808,
        0.007088793,
        0.006986145,
        0.007101513,
        0.00733944,
        0.0070819590000000005,
        0.007357723,
        0.0070190420000000005,
        0.007089619,
        0.007023891000000001,
        0.007104785000000001,
        0.007055633,
        0.007020372,
        0.007450815,
        0.007035377000000001,
        0.007379781,
        0.00702056,
        0.007095828,
        0.007019936,
        0.007041751000000001,
        0.007471748,
        0.007070337,
        0.0073827400000000005,
        0.006992657,
        0.007133064000000001,
        0.007277696,
        0.007355960000000001,
        0.0071138980000000004,
        0.007001602000000001,
        0.007107996,
        0.007032542,
        0.007089430000000001,
        0.0070266980000000005,
        0.007139402,
        0.007357851,
        0.007080368,
        0.007329582,
        0.007044497,
        0.007145798,
        0.007034810000000001,
        0.007178979,
        0.006995114,
        0.007030155000000001,
        0.007539517000000001,
        0.007139291000000001,
        0.007405237,
        0.007021859,
        0.0072004650000000005,
        0.0070111800000000005,
        0.007015821,
        0.007106638,
        0.007034364,
        0.007033884000000001,
        0.0070073570000000005,
        0.007072760000000001,
        0.007462768000000001,
        0.007036068,
        0.00737695,
        0.007004801000000001,
        0.0070834140000000006,
        0.007025226000000001,
        0.007150349,
        0.006986637,
        0.007100657000000001,
        0.007287203000000001,
        0.0070653520000000004,
        0.007398418,
        0.007019367,
        0.007070821000000001,
        0.007010217,
        0.0070826990000000005,
        0.007021076,
        0.006973551000000001,
        0.0075369090000000005,
        0.007050934,
        0.007388762,
        0.007015895,
        0.007153502000000001,
        0.007032903,
        0.007077252,
        0.007130088000000001,
        0.007006621,
        0.007066965000000001,
        0.00746079,
        0.007563015,
        0.006999545,
        0.007013232,
        0.007056614,
        0.007063851,
        0.007105005,
        0.007113735,
        0.007088677000000001,
        0.007003592,
        0.007064117000000001,
        0.007372507,
        0.007068088,
        0.0074063900000000005,
        0.0071036580000000005,
        0.0070694500000000006,
        0.006995932000000001,
        0.007099208,
        0.0070878090000000005,
        0.006988063,
        0.0074105460000000005,
        0.007097102,
        0.0073592150000000005,
        0.007076362,
        0.0070783800000000004,
        0.007004189,
        0.007020857,
        0.007109586,
        0.007062532000000001,
        0.007076911000000001,
        0.007363831,
        0.007377785,
        0.007057033000000001,
        0.007036704,
        0.007103202,
        0.007074236,
        0.007097517,
        0.00702587,
        0.007089489,
        0.00706131,
        0.007035258000000001,
        0.00736543,
        0.007056128,
        0.0073851920000000005,
        0.007039596,
        0.007102861,
        0.007034933,
        0.0070239740000000005,
        0.007106339000000001,
        0.006965255,
        0.007138343,
        0.007440243,
        0.007413542,
        0.00706618,
        0.006983099,
        0.007066352000000001,
        0.007066172000000001,
        0.007088171000000001,
        0.007026712,
        0.007138496,
        0.007389474,
        0.007138794,
        0.007402229000000001,
        0.007136197,
        0.0070588280000000005,
        0.007022825000000001,
        0.007074131000000001,
        0.007026957,
        0.007009658,
        0.00713275,
        0.007069948,
        0.0074410100000000005,
        0.007099477000000001,
        0.007341926,
        0.006985006,
        0.007084191,
        0.0069892570000000005,
        0.00711376,
        0.007075036000000001,
        0.007010103,
        0.007143895000000001,
        0.007400246,
        0.007462086000000001,
        0.007220730000000001,
        0.007016427,
        0.007089518,
        0.007013037000000001,
        0.007079210000000001,
        0.0070412090000000005,
        0.0070820250000000005,
        0.0074563680000000005,
        0.007158537,
        0.007350515,
        0.007043917,
        0.007120539,
        0.007075624000000001,
        0.007075494000000001,
        0.006989553000000001,
        0.00699107,
        0.007079125,
        0.0070088550000000005,
        0.007129423,
        0.007349421,
        0.007356849,
        0.007290155,
        0.007069571,
        0.007390796000000001,
        0.007044298,
        0.007097637,
        0.007383897,
        0.007404825,
        0.007044496000000001,
        0.007082468000000001,
        0.006983311000000001,
        0.0069894810000000005,
        0.007096095,
        0.007019931,
        0.0071692760000000005,
        0.0070169410000000005,
        0.007056014,
        0.007492384,
        0.0070514340000000005,
        0.007348633,
        0.007020142,
        0.007179633,
        0.007032066,
        0.00708458,
        0.007060991000000001,
        0.007071223000000001,
        0.007070047,
        0.006996922,
        0.007071736,
        0.0073799830000000005,
