{
  "results": [
    {
      "command": "./benchmark_masking",
      "mean": 0.007245419995157376,
      "stddev": 0.00014502069834307308,
      "median": 0.007196976000000001,
      "user": 0.005473917675544792,
      "system": 0.001580334140435834,
      "min": 0.0070819640000000005,
      "max": 0.007666906,
      "times": [
        0.007262543000000001,
        0.007179717,
        0.007207862000000001,
        0.007511390000000001,
        0.007137566000000001,
        0.0075230620000000005,
        0.007108687000000001,
        0.007182532,
        0.007149995,
        0.007119297,
        0.007109052,
        0.007307503000000001,
        0.007189751,
        0.0075028560000000005,
        0.007323968,
        0.007212443000000001,
        0.007503039,
        0.007131023,
        0.007140102000000001,
        0.007191515000000001,
        0.007143916,
        0.007268597000000001,
        0.0075845520000000005,
        0.007525784000000001,
        0.007223382,
        0.007207263,
        0.007143283,
        0.007100241,
        0.007191398000000001,
        0.007154969000000001,
        0.0071966040000000005,
        0.007117638000000001,
        0.0072372420000000005,
        0.007624491000000001,
        0.007203701000000001,
        0.007462105,
        0.007124058000000001,
        0.007193664000000001,
        0.00713509,
        0.0071967640000000005,
        0.0071180440000000005,
        0.0071988320000000005,
        0.007532774000000001,
        0.007145829,
        0.007507786000000001,
        0.0071393,
        0.007246516000000001,
        0.007117542,
        0.0072221920000000005,
        0.0071588120000000005,
        0.007113749000000001,
        0.007201758000000001,
        0.0071015,
        0.007186977000000001,
        0.0074492790000000005,
        0.007498717,
        0.007148705000000001,
        0.007208066000000001,
        0.007106931,
        0.007116583,
        0.007210804,
        0.007146761000000001,
        0.007248774,
        0.0075042780000000005,
        0.007478926,
        0.007115487,
        0.007284512000000001,
        0.007108476000000001,
        0.007153375000000001,
        0.007215998,
        0.007131050000000001,
        0.007239574,
        0.007579314,
        0.007544898,
        0.007146512000000001,
        0.007118846000000001,
        0.007200303000000001,
        0.007205151000000001,
        0.007214954000000001,
        0.0071839040000000005,
        0.0072388420000000005,
        0.007138325,
        0.007112365000000001,
        0.007492291000000001,
        0.007166732,
        0.007445087,
        0.0071370190000000005,
        0.00717382,
        0.007198286000000001,
        0.007210388000000001,
        0.007135120000000001,
        0.007125895,
        0.007591130000000001,
        0.0071720410000000005,
        0.007466733000000001,
        0.007143717000000001,
        0.007204660000000001,
        0.007438987,
        0.007588877000000001,
        0.0071972780000000005,
        0.00713158,
        0.007617371,
        0.0072089170000000004,
        0.007444069,
        0.007153016000000001,
        0.0072585390000000005,
        0.0070888900000000005,
        0.007205271,
        0.007159083,
        0.007098128,
        0.007597441000000001,
        0.0071618490000000005,
        0.007544075000000001,
        0.007145047000000001,
        0.007258142,
        0.007127586000000001,
        0.00711188,
        0.007184261000000001,
        0.007145308,
        0.007216986000000001,
        0.007602867,
        0.007531039000000001,
        0.007161708,
        0.007229030000000001,
        0.007148595000000001,
        0.007091072,
        0.007212058,
        0.007173771000000001,
        0.007183443,
        0.00711592,
        0.007252122000000001,
        0.007414735,
        0.007209246000000001,
        0.007447685000000001,
        0.007194150000000001,
        0.0072330350000000005,
        0.007207072,
        0.007188338000000001,
        0.007126684,
        0.00722698,
        0.007489983,
        0.007141402000000001,
        0.007446814,
        0.007220132000000001,
        0.007226019,
        0.007137617000000001,
        0.007204221,
        0.007105763,
        0.007152963,
        0.0071989870000000004,
        0.007134731,
        0.007174140000000001,
        0.007437993,
        0.007520347,
        0.007231835000000001,
        0.007198477000000001,
        0.007142909,
        0.0071386,
        0.007263061,
        0.007129165000000001,
        0.007247315000000001,
        0.007485135,
        0.007461642,
        0.007189306,
        0.007164035,
        0.007186599,
        0.0071210530000000005,
        0.007226454,
        0.007113264,
        0.007189972,
        0.007585570000000001,
        0.0075033800000000005,
        0.007161429,
        0.007139926,
        0.007233572000000001,
        0.007093748,
        0.007247937,
        0.007147185,
        0.007199471000000001,
        0.007520489000000001,
        0.007465651,
        0.0071470990000000005,
        0.007163388000000001,
        0.007256264,
        0.0071193590000000005,
        0.0072210270000000005,
        0.007121027,
        0.007355116,
        0.007108993,
        0.007133597,
        0.007506308000000001,
        0.007168590000000001,
        0.007624528,
        0.007135947,
        0.007237062000000001,
        0.007141133,
        0.007202288,
        0.007101285000000001,
        0.007140934000000001,
        0.0075687210000000005,
        0.007186254,
        0.007493914000000001,
        0.007156648000000001,
        0.007240525,
        0.007144705,
        0.007110216000000001,
        0.007236514,
        0.007117611,
        0.007212380000000001,
        0.007567653000000001,
        0.007470876,
        0.0071855700000000005,
        0.0072006610000000006,
        0.007163068000000001,
        0.007121584,
        0.007199752,
        0.007095504000000001,
        0.007180119,
        0.007124374,
        0.007232337,
        0.007538557,
        0.0071423780000000004,
        0.007454622,
        0.007158581000000001,
        0.007222123,
        0.00712806,
        0.007204536,
        0.0070940940000000004,
        0.007195483000000001,
        0.007666906,
        0.007217591000000001,
        0.007504203,
        0.007201141,
        0.007237663,
        0.007122900000000001,
        0.007204968000000001,
        0.00715316,
        0.007220861,
        0.007505596000000001,
        0.007159213,
        0.007449105,
        0.007200036000000001,
        0.007231413000000001,
        0.007122027,
        0.007264039000000001,
        0.007110048000000001,
        0.007128764,
        0.007227039,
        0.007161304,
        0.007194900000000001,
        0.0074383,
        0.007484025,
        0.007213733000000001,
        0.0071834970000000005,
        0.007116595000000001,
        0.007234384000000001,
        0.00719454,
        0.0071269260000000004,
        0.007234426,
        0.007499802000000001,
        0.007475818,
        0.007161044,
        0.007125299000000001,
        0.007514085,
        0.007228674,
        0.007435527000000001,
        0.007122916000000001,
        0.0071913310000000005,
        0.007509184,
        0.00751935,
        0.007173626000000001,
        0.0071169020000000005,
        0.007173658,
        0.007147803,
        0.007236666,
        0.007119582,
        0.007220861,
        0.007438784,
        0.0075052140000000005,
        0.007138203,
        0.0071106450000000005,
        0.007212197,
        0.007159535000000001,
        0.007245647,
        0.007134515,
        0.007269532,
        0.007517237,
        0.007204201,
        0.007472278000000001,
        0.007120082000000001,
        0.007200583000000001,
        0.0071157270000000005,
        0.007232019,
        0.007110914,
        0.007230654,
        0.007232474,
        0.0071815870000000006,
        0.0072186640000000005,
