{
  "results": [
    {
      "command": "./benchmark_masking",
      "mean": 0.34085614788000007,
      "stddev": 0.009121438611097609,
      "median": 0.343285353,
      "user": 0.33594784,
      "system": 0.0019084800000000002,
      "min": 0.310509654,
      "max": 0.34463277600000003,
      "times": [
        0.343173349,
        0.34383112600000004,
        0.343285353,
        0.343940626,
        0.3439054,
        0.310509654,
        0.343743991,
        0.342909652,
        0.343384132,
        0.343745941,
        0.34463277600000003,
        0.34278763700000003,
        0.34455678300000003,
        0.343257399,
        0.34280659700000005,
        0.34314107200000005,
        0.34431150400000005,
        0.342665794,
        0.342864673,
        0.343650856,
        0.343807301,
        0.342821531,
        0.310703624,
        0.34294303600000003,
        0.34402389
      ],
      "exit_codes": [
        0,
        0,
        0,
        0,
        0,
        0,
        0,
        0,
        0,
        0,
        0,
        0,
        0,
        0,
        0,
        0,
        0,
        0,
        0,
        0,
        0,
        0,
        0,
        0,
        0
      ]
    }
  ]
}
