{
  "results": [
    {
      "command": "./benchmark_guardpage_asmmove",
      "mean": 0.708691237,
      "stddev": 0.004027538318038209,
      "median": 0.707027575,
      "user": 0.70131664,
      "system": 0.00128456,
      "min": 0.7062855520000001,
      "max": 0.7184948320000001,
      "times": [
        0.707607294,
        0.70750406,
        0.717188846,
        0.7064390030000001,
        0.707741362,
        0.7071410730000001,
        0.707380031,
        0.7068039150000001,
        0.7168055320000001,
        0.707119901,
        0.7062855520000001,
        0.706877709,
        0.707027575,
        0.706700235,
        0.7065871810000001,
        0.706775919,
        0.7068337560000001,
        0.7065177420000001,
        0.7184948320000001,
        0.707521552,
        0.7069721090000001,
        0.7069759360000001,
        0.706712761,
        0.707061715,
        0.7182053340000001
      ],
      "exit_codes": [
        0,
        0,
        0,
        0,
        0,
        0,
        0,
        0,
        0,
        0,
        0,
        0,
        0,
        0,
        0,
        0,
        0,
        0,
        0,
        0,
        0,
        0,
        0,
        0,
        0
      ]
    }
  ]
}
