{
  "results": [
    {
      "command": "./benchmark_boundschecks",
      "mean": 1.51010599292,
      "stddev": 0.008845318000930554,
      "median": 1.5109503229999999,
      "user": 1.49295496,
      "system": 0.004314599999999999,
      "min": 1.475549959,
      "max": 1.5226941200000002,
      "times": [
        1.5176628970000001,
        1.508881739,
        1.5113970380000001,
        1.509590953,
        1.510815046,
        1.517652362,
        1.5152358590000001,
        1.5174528390000002,
        1.509690488,
        1.50939021,
        1.510802916,
        1.509237131,
        1.5109503229999999,
        1.5226941200000002,
        1.516446368,
        1.5072903389999999,
        1.513603098,
        1.500566474,
        1.5121103310000001,
        1.508186914,
        1.514710284,
        1.475549959,
        1.5113275019999999,
        1.5129035640000001,
        1.498501069
      ],
      "exit_codes": [
        0,
        0,
        0,
        0,
        0,
        0,
        0,
        0,
        0,
        0,
        0,
        0,
        0,
        0,
        0,
        0,
        0,
        0,
        0,
        0,
        0,
        0,
        0,
        0,
        0
      ]
    }
  ]
}
