{
  "results": [
    {
      "command": "./benchmark_hfiemulate2",
      "mean": 0.04631718965625,
      "stddev": 0.00008840724787159218,
      "median": 0.046293791,
      "user": 0.04509174999999999,
      "system": 0.0010831249999999999,
      "min": 0.046180697,
      "max": 0.046540368000000006,
      "times": [
        0.046394272,
        0.046457599,
        0.046268674,
        0.046328342,
        0.046514585000000004,
        0.046332108000000004,
        0.046188856,
        0.046375910000000006,
        0.046454649,
        0.046283432000000006,
        0.046344058,
        0.046314255000000006,
        0.046349065,
        0.046326261,
        0.046335172,
        0.046392714,
        0.046200668,
        0.046273192000000005,
        0.046230086000000004,
        0.046265925000000006,
        0.046256739000000005,
        0.046258994000000005,
        0.046476487000000004,
        0.046180697,
        0.046303938,
        0.046418415000000005,
        0.046273702,
        0.046460688,
        0.046223934,
        0.046287480000000006,
        0.046447549000000005,
        0.046381648000000004,
        0.046206623,
        0.046288913,
        0.04627917,
        0.046438169,
        0.046266168,
        0.046226544,
        0.046295741,
        0.046273472,
        0.046311196000000006,
        0.046383989,
        0.046454888,
        0.046261755,
        0.046188442,
        0.04633649,
        0.046287411,
        0.046221791000000005,
        0.046282419000000005,
        0.046298567000000006,
        0.046325393,
        0.046258489,
        0.046271530000000005,
        0.046291841,
        0.046210758000000005,
        0.0465218,
        0.046252592,
        0.046540368000000006,
        0.046270751000000006,
        0.046347961,
        0.046369211,
        0.046197996000000005,
        0.046298227000000004,
        0.046241379000000006
      ],
      "exit_codes": [
        0,
        0,
        0,
        0,
        0,
        0,
        0,
        0,
        0,
        0,
        0,
        0,
        0,
        0,
        0,
        0,
        0,
        0,
        0,
        0,
        0,
        0,
        0,
        0,
        0,
        0,
        0,
        0,
        0,
        0,
        0,
        0,
        0,
        0,
        0,
        0,
        0,
        0,
        0,
        0,
        0,
        0,
        0,
        0,
        0,
        0,
        0,
        0,
        0,
        0,
        0,
        0,
        0,
        0,
        0,
        0,
        0,
        0,
        0,
        0,
        0,
        0,
        0,
        0
      ]
    }
  ]
}
