{
  "results": [
    {
      "command": "./benchmark_boundschecks",
      "mean": 1.6404729126800002,
      "stddev": 0.0029495169380230083,
      "median": 1.6397554030000001,
      "user": 1.6158063599999999,
      "system": 0.011365199999999999,
      "min": 1.63709596,
      "max": 1.6482483669999999,
      "times": [
        1.6375800040000001,
        1.642063238,
        1.6397554030000001,
        1.6398443,
        1.6371506,
        1.637113641,
        1.645219262,
        1.63962453,
        1.637221565,
        1.6417022970000001,
        1.639327264,
        1.639343099,
        1.641254674,
        1.641234625,
        1.6386670790000002,
        1.6420279230000001,
        1.637697221,
        1.63709596,
        1.64252711,
        1.641181373,
        1.645753478,
        1.637780704,
        1.6482483669999999,
        1.643370293,
        1.639038807
      ],
      "exit_codes": [
        0,
        0,
        0,
        0,
        0,
        0,
        0,
        0,
        0,
        0,
        0,
        0,
        0,
        0,
        0,
        0,
        0,
        0,
        0,
        0,
        0,
        0,
        0,
        0,
        0
      ]
    }
  ]
}
