{
  "results": [
    {
      "command": "./benchmark_boundschecks",
      "mean": 0.2268034844,
      "stddev": 0.00041841516451725144,
      "median": 0.22671590300000002,
      "user": 0.22322011999999997,
      "system": 0.0014690800000000002,
      "min": 0.22596685700000002,
      "max": 0.227771099,
      "times": [
        0.22713643300000003,
        0.22661279,
        0.22705311700000003,
        0.22596685700000002,
        0.226801636,
        0.227431387,
        0.22745615300000002,
        0.22646727900000002,
        0.22634751400000003,
        0.226611515,
        0.226695909,
        0.227409412,
        0.22646201200000002,
        0.22675915300000002,
        0.22627163700000003,
        0.226763231,
        0.227771099,
        0.22671590300000002,
        0.22718088300000003,
        0.22662863500000002,
        0.22672224100000002,
        0.226585221,
        0.226596867,
        0.22657722700000002,
        0.22706299900000002
      ],
      "exit_codes": [
        0,
        0,
        0,
        0,
        0,
        0,
        0,
        0,
        0,
        0,
        0,
        0,
        0,
        0,
        0,
        0,
        0,
        0,
        0,
        0,
        0,
        0,
        0,
        0,
        0
      ]
    }
  ]
}
