{
  "results": [
    {
      "command": "./benchmark_hfiemulate2",
      "mean": 0.07884956856756757,
      "stddev": 0.000807414422705126,
      "median": 0.078708628,
      "user": 0.07805597297297298,
      "system": 0.0006367837837837838,
      "min": 0.077332969,
      "max": 0.08037341,
      "times": [
        0.079018034,
        0.079952703,
        0.078352483,
        0.077835807,
        0.079076172,
        0.079752583,
        0.077332969,
        0.079432599,
        0.078930317,
        0.08011778,
        0.07848917500000001,
        0.07860860700000001,
        0.08012211100000001,
        0.077809318,
        0.078708628,
        0.079768003,
        0.077841566,
        0.078331448,
        0.078023166,
        0.078474102,
        0.079040367,
        0.07955002300000001,
        0.079168632,
        0.07798010300000001,
        0.079646702,
        0.07928916800000001,
        0.079941939,
        0.08037341,
        0.07867246700000001,
        0.07834722000000001,
        0.07919482,
        0.07968800000000001,
        0.07830609200000001,
        0.07762145000000001,
        0.07817736,
        0.077998622,
        0.07846009100000001
      ],
      "exit_codes": [
        0,
        0,
        0,
        0,
        0,
        0,
        0,
        0,
        0,
        0,
        0,
        0,
        0,
        0,
        0,
        0,
        0,
        0,
        0,
        0,
        0,
        0,
        0,
        0,
        0,
        0,
        0,
        0,
        0,
        0,
        0,
        0,
        0,
        0,
        0,
        0,
        0
      ]
    }
  ]
}
