{
  "results": [
    {
      "command": "./benchmark_guardpage_asmmove",
      "mean": 0.22336904456000006,
      "stddev": 0.0002824170446958822,
      "median": 0.22335046800000002,
      "user": 0.2194772,
      "system": 0.0017553200000000003,
      "min": 0.22289027400000003,
      "max": 0.223856785,
      "times": [
        0.22382854600000002,
        0.22335046800000002,
        0.223172014,
        0.223827402,
        0.22339118500000002,
        0.22364271400000002,
        0.22311734000000003,
        0.223099244,
        0.22362884200000002,
        0.22321163900000002,
        0.22289393300000002,
        0.22355275300000002,
        0.22324833000000002,
        0.22318958600000002,
        0.223856785,
        0.223360829,
        0.22333835400000002,
        0.22307061600000003,
        0.223298553,
        0.22355528900000002,
        0.22289027400000003,
        0.223057039,
        0.22356935000000003,
        0.22337519700000003,
        0.22369983200000002
      ],
      "exit_codes": [
        0,
        0,
        0,
        0,
        0,
        0,
        0,
        0,
        0,
        0,
        0,
        0,
        0,
        0,
        0,
        0,
        0,
        0,
        0,
        0,
        0,
        0,
        0,
        0,
        0
      ]
    }
  ]
}
