{
  "results": [
    {
      "command": "./benchmark_guardpage_asmmove",
      "mean": 0.25981831159999996,
      "stddev": 0.0004139348782300592,
      "median": 0.259785879,
      "user": 0.2567579199999999,
      "system": 0.0006458799999999999,
      "min": 0.25923934000000004,
      "max": 0.260703314,
      "times": [
        0.260578354,
        0.25933277400000004,
        0.259625618,
        0.26011924200000003,
        0.25951878,
        0.260082611,
        0.260028773,
        0.259731557,
        0.259785879,
        0.259556029,
        0.26018241400000003,
        0.25981802600000004,
        0.259922111,
        0.25923934000000004,
        0.26067875500000004,
        0.259391037,
        0.259600214,
        0.26000821,
        0.259909867,
        0.260703314,
        0.25935187600000004,
        0.25945327500000004,
        0.25991155800000004,
        0.259427383,
        0.259500793
      ],
      "exit_codes": [
        0,
        0,
        0,
        0,
        0,
        0,
        0,
        0,
        0,
        0,
        0,
        0,
        0,
        0,
        0,
        0,
        0,
        0,
        0,
        0,
        0,
        0,
        0,
        0,
        0
      ]
    }
  ]
}
