{
  "results": [
    {
      "command": "./benchmark_hfiemulate2",
      "mean": 0.6906136069200001,
      "stddev": 0.00007350844194542496,
      "median": 0.690588698,
      "user": 0.68919444,
      "system": 0.0009611999999999998,
      "min": 0.6905300870000001,
      "max": 0.6908633350000001,
      "times": [
        0.690707485,
        0.6908633350000001,
        0.690551812,
        0.690616023,
        0.6906990780000001,
        0.6906779160000001,
        0.690589695,
        0.690694641,
        0.690663542,
        0.6905300870000001,
        0.6905680540000001,
        0.690634441,
        0.690553402,
        0.690631662,
        0.6905678230000001,
        0.690585854,
        0.6905626570000001,
        0.690574997,
        0.690605389,
        0.690570772,
        0.69058052,
        0.6906281700000001,
        0.690588698,
        0.690563406,
        0.690530714
      ],
      "exit_codes": [
        0,
        0,
        0,
        0,
        0,
        0,
        0,
        0,
        0,
        0,
        0,
        0,
        0,
        0,
        0,
        0,
        0,
        0,
        0,
        0,
        0,
        0,
        0,
        0,
        0
      ]
    }
  ]
}
