{
  "results": [
    {
      "command": "./benchmark_masking",
      "mean": 0.22835645244000002,
      "stddev": 0.0003411680727251674,
      "median": 0.22831457500000002,
      "user": 0.22563271999999998,
      "system": 0.00063504,
      "min": 0.227896955,
      "max": 0.229339649,
      "times": [
        0.22848932300000002,
        0.227896955,
        0.228539036,
        0.228234753,
        0.228425603,
        0.22846690700000002,
        0.22818094900000002,
        0.22847182000000002,
        0.228599665,
        0.228460231,
        0.22835185800000002,
        0.22812316200000002,
        0.228251544,
        0.228925961,
        0.22814650500000003,
        0.228017029,
        0.22791745700000002,
        0.22831457500000002,
        0.228993308,
        0.228113627,
        0.228356614,
        0.22813997300000002,
        0.22814130700000002,
        0.2280135,
        0.229339649
      ],
      "exit_codes": [
        0,
        0,
        0,
        0,
        0,
        0,
        0,
        0,
        0,
        0,
        0,
        0,
        0,
        0,
        0,
        0,
        0,
        0,
        0,
        0,
        0,
        0,
        0,
        0,
        0
      ]
    }
  ]
}
