{
  "results": [
    {
      "command": "./benchmark_masking",
      "mean": 0.92488020688,
      "stddev": 0.0013750154148894807,
      "median": 0.9248485070000001,
      "user": 0.9147764799999999,
      "system": 0.0025497600000000003,
      "min": 0.9230159330000001,
      "max": 0.929387201,
      "times": [
        0.9246936520000001,
        0.924829113,
        0.92491409,
        0.9234266470000001,
        0.9248573130000001,
        0.923156803,
        0.92525124,
        0.925133085,
        0.9230159330000001,
        0.9252069940000001,
        0.923747085,
        0.9248844810000001,
        0.929387201,
        0.9257031830000001,
        0.9270138640000001,
        0.9249440390000001,
        0.9266536430000001,
        0.924497565,
        0.9242402270000001,
        0.9248485070000001,
        0.9233457100000001,
        0.9236521780000001,
        0.926009654,
        0.924054311,
        0.924538654
      ],
      "exit_codes": [
        0,
        0,
        0,
        0,
        0,
        0,
        0,
        0,
        0,
        0,
        0,
        0,
        0,
        0,
        0,
        0,
        0,
        0,
        0,
        0,
        0,
        0,
        0,
        0,
        0
      ]
    }
  ]
}
