{
  "results": [
    {
      "command": "./benchmark_hfiemulate2",
      "mean": 0.6662725248800001,
      "stddev": 0.00025421361485344896,
      "median": 0.666227796,
      "user": 0.6653288399999999,
      "system": 0.0004784000000000001,
      "min": 0.6661119510000001,
      "max": 0.667456648,
      "times": [
        0.666392823,
        0.666253592,
        0.666200564,
        0.666274201,
        0.6662570160000001,
        0.6661119510000001,
        0.6663332230000001,
        0.6662473360000001,
        0.6662288670000001,
        0.6661349940000001,
        0.666181584,
        0.6661652570000001,
        0.66627702,
        0.666175088,
        0.666201523,
        0.6662257490000001,
        0.666267381,
        0.6662292940000001,
        0.66617727,
        0.666255899,
        0.667456648,
        0.6661881510000001,
        0.666227796,
        0.6661454600000001,
        0.666204435
      ],
      "exit_codes": [
        0,
        0,
        0,
        0,
        0,
        0,
        0,
        0,
        0,
        0,
        0,
        0,
        0,
        0,
        0,
        0,
        0,
        0,
        0,
        0,
        0,
        0,
        0,
        0,
        0
      ]
    }
  ]
}
