{
  "results": [
    {
      "command": "./benchmark_hfiemulate2",
      "mean": 0.86474062196,
      "stddev": 0.008795736809429095,
      "median": 0.8655834800000001,
      "user": 0.86370884,
      "system": 0.00048012,
      "min": 0.840370676,
      "max": 0.8824737640000001,
      "times": [
        0.866849139,
        0.8657147700000001,
        0.8637770060000001,
        0.8706590710000001,
        0.864986541,
        0.866827667,
        0.8644942560000001,
        0.8641672800000001,
        0.867414852,
        0.848729179,
        0.8824737640000001,
        0.8688494790000001,
        0.8796806610000001,
        0.863975971,
        0.864535189,
        0.8637519610000001,
        0.865512676,
        0.866961007,
        0.869149426,
        0.8661447590000001,
        0.840370676,
        0.8456386300000001,
        0.8655776180000001,
        0.8666904910000001,
        0.8655834800000001
      ],
      "exit_codes": [
        0,
        0,
        0,
        0,
        0,
        0,
        0,
        0,
        0,
        0,
        0,
        0,
        0,
        0,
        0,
        0,
        0,
        0,
        0,
        0,
        0,
        0,
        0,
        0,
        0
      ]
    }
  ]
}
