{
  "results": [
    {
      "command": "./benchmark_hfiemulate2",
      "mean": 0.25668729260000006,
      "stddev": 0.00009832725785525675,
      "median": 0.25666281,
      "user": 0.2554626,
      "system": 0.0009565999999999999,
      "min": 0.256607692,
      "max": 0.25711253100000003,
      "times": [
        0.256724451,
        0.256669292,
        0.25663473800000003,
        0.25673501800000004,
        0.256651351,
        0.256669723,
        0.256657138,
        0.256689512,
        0.25662930500000003,
        0.25665946300000003,
        0.256646359,
        0.256714526,
        0.256619058,
        0.25662888500000003,
        0.25711253100000003,
        0.256793734,
        0.256642763,
        0.256672477,
        0.256640349,
        0.25673339100000003,
        0.256607692,
        0.25666281,
        0.256641244,
        0.25667626400000004,
        0.256670241
      ],
      "exit_codes": [
        0,
        0,
        0,
        0,
        0,
        0,
        0,
        0,
        0,
        0,
        0,
        0,
        0,
        0,
        0,
        0,
        0,
        0,
        0,
        0,
        0,
        0,
        0,
        0,
        0
      ]
    }
  ]
}
