{
  "results": [
    {
      "command": "./benchmark_masking",
      "mean": 0.0863389289117647,
      "stddev": 0.00036510205046778475,
      "median": 0.0862781085,
      "user": 0.08406582352941176,
      "system": 0.0013819999999999995,
      "min": 0.085645521,
      "max": 0.08764121100000001,
      "times": [
        0.086322772,
        0.08630074900000001,
        0.08615763100000001,
        0.087145123,
        0.085962125,
        0.08629811700000001,
        0.086252904,
        0.08672906200000001,
        0.086290747,
        0.086344533,
        0.086137609,
        0.086307744,
        0.08619695200000001,
        0.086331668,
        0.086243333,
        0.086146395,
        0.08612012100000001,
        0.08764121100000001,
        0.085645521,
        0.08649659400000001,
        0.08616051200000001,
        0.08612043700000001,
        0.086495296,
        0.086282419,
        0.086267488,
        0.086156545,
        0.086273798,
        0.086332164,
        0.08628909200000001,
        0.0862195,
        0.086159464,
        0.08720868100000001,
        0.086046306,
        0.08644097
      ],
      "exit_codes": [
        0,
        0,
        0,
        0,
        0,
        0,
        0,
        0,
        0,
        0,
        0,
        0,
        0,
        0,
        0,
        0,
        0,
        0,
        0,
        0,
        0,
        0,
        0,
        0,
        0,
        0,
        0,
        0,
        0,
        0,
        0,
        0,
        0,
        0
      ]
    }
  ]
}
