{
  "results": [
    {
      "command": "./benchmark_guardpage_asmmove",
      "mean": 0.8812358570799997,
      "stddev": 0.0008197036142589851,
      "median": 0.88136926,
      "user": 0.8687866399999998,
      "system": 0.0053028,
      "min": 0.8794778040000001,
      "max": 0.883538071,
      "times": [
        0.881414758,
        0.880775638,
        0.880334028,
        0.88136926,
        0.881539186,
        0.8816313760000001,
        0.8821196920000001,
        0.8803710490000001,
        0.8814406910000001,
        0.8812121580000001,
        0.8813924080000001,
        0.881296587,
        0.88151672,
        0.8816495520000001,
        0.8794778040000001,
        0.881574042,
        0.880279888,
        0.880648952,
        0.883538071,
        0.880054742,
        0.882199284,
        0.8808065860000001,
        0.8819855670000001,
        0.8809118010000001,
        0.8813565870000001
      ],
      "exit_codes": [
        0,
        0,
        0,
        0,
        0,
        0,
        0,
        0,
        0,
        0,
        0,
        0,
        0,
        0,
        0,
        0,
        0,
        0,
        0,
        0,
        0,
        0,
        0,
        0,
        0
      ]
    }
  ]
}
