{
  "results": [
    {
      "command": "./benchmark_boundschecks",
      "mean": 0.45280266235999994,
      "stddev": 0.007314261554395843,
      "median": 0.45479349100000005,
      "user": 0.44741887999999996,
      "system": 0.0014244799999999999,
      "min": 0.420858548,
      "max": 0.45519953500000004,
      "times": [
        0.454987801,
        0.45519953500000004,
        0.43965641800000005,
        0.45513493000000005,
        0.45413888,
        0.45497142300000004,
        0.45494987600000003,
        0.454701723,
        0.45498754500000005,
        0.454978947,
        0.45413465300000005,
        0.45479349100000005,
        0.45498010200000005,
        0.454198617,
        0.45451896100000005,
        0.420858548,
        0.45492646600000003,
        0.454765507,
        0.45434321600000005,
        0.45516098600000005,
        0.454949955,
        0.454457649,
        0.454705844,
        0.45494378100000005,
        0.45462170500000004
      ],
      "exit_codes": [
        0,
        0,
        0,
        0,
        0,
        0,
        0,
        0,
        0,
        0,
        0,
        0,
        0,
        0,
        0,
        0,
        0,
        0,
        0,
        0,
        0,
        0,
        0,
        0,
        0
      ]
    }
  ]
}
