{
  "results": [
    {
      "command": "./benchmark_guardpage_asmmove",
      "mean": 0.4177786776800001,
      "stddev": 0.004044078650540161,
      "median": 0.418252583,
      "user": 0.4129471199999999,
      "system": 0.00127812,
      "min": 0.398617282,
      "max": 0.419876764,
      "times": [
        0.41817234400000003,
        0.398617282,
        0.41741726100000004,
        0.41946600900000003,
        0.41807523500000005,
        0.41855330500000004,
        0.41823805000000003,
        0.41821924600000004,
        0.418295729,
        0.418186736,
        0.419133939,
        0.418252583,
        0.418728814,
        0.418250182,
        0.418015413,
        0.419835463,
        0.41862101,
        0.41830485,
        0.419767021,
        0.41816742100000004,
        0.419876764,
        0.418893336,
        0.419312669,
        0.41802549,
        0.41804079000000005
      ],
      "exit_codes": [
        0,
        0,
        0,
        0,
        0,
        0,
        0,
        0,
        0,
        0,
        0,
        0,
        0,
        0,
        0,
        0,
        0,
        0,
        0,
        0,
        0,
        0,
        0,
        0,
        0
      ]
    }
  ]
}
