{
  "results": [
    {
      "command": "./benchmark_masking",
      "mean": 0.59047557468,
      "stddev": 0.022238166788922327,
      "median": 0.5846433750000001,
      "user": 0.5842222399999999,
      "system": 0.00111956,
      "min": 0.5480827180000001,
      "max": 0.6476072850000001,
      "times": [
        0.6476072850000001,
        0.568332437,
        0.5846433750000001,
        0.584244969,
        0.58513077,
        0.617907376,
        0.616119414,
        0.582471536,
        0.569118353,
        0.584980907,
        0.585337776,
        0.583227401,
        0.6142362020000001,
        0.5856461580000001,
        0.584032765,
        0.584378656,
        0.584771836,
        0.583826352,
        0.5480827180000001,
        0.5847313860000001,
        0.584039186,
        0.582794877,
        0.5842812970000001,
        0.5846588650000001,
        0.6472874700000001
      ],
      "exit_codes": [
        0,
        0,
        0,
        0,
        0,
        0,
        0,
        0,
        0,
        0,
        0,
        0,
        0,
        0,
        0,
        0,
        0,
        0,
        0,
        0,
        0,
        0,
        0,
        0,
        0
      ]
    }
  ]
}
