{
  "results": [
    {
      "command": "./benchmark_hfiemulate2",
      "mean": 0.23935394608000002,
      "stddev": 0.006707123247508838,
      "median": 0.241246595,
      "user": 0.23799879999999998,
      "system": 0.00110904,
      "min": 0.21408205100000002,
      "max": 0.24138362900000002,
      "times": [
        0.24137696500000003,
        0.24126208500000002,
        0.24121963800000001,
        0.21408205100000002,
        0.24138362900000002,
        0.220480964,
        0.24132403400000002,
        0.24124173100000001,
        0.24127436300000002,
        0.241339289,
        0.24122425800000002,
        0.24121850700000003,
        0.24126508400000002,
        0.241295788,
        0.24122063300000002,
        0.24124324200000002,
        0.241246595,
        0.24131818500000002,
        0.24130210900000001,
        0.24121103100000002,
        0.24126623400000002,
        0.24136288600000003,
        0.24123059300000002,
        0.24123575100000003,
        0.24122300700000002
      ],
      "exit_codes": [
        0,
        0,
        0,
        0,
        0,
        0,
        0,
        0,
        0,
        0,
        0,
        0,
        0,
        0,
        0,
        0,
        0,
        0,
        0,
        0,
        0,
        0,
        0,
        0,
        0
      ]
    }
  ]
}
