{
  "results": [
    {
      "command": "./benchmark_boundschecks",
      "mean": 0.012854141724890833,
      "stddev": 0.00020021609699602853,
      "median": 0.01276125,
      "user": 0.011623720524017465,
      "system": 0.0009919082969432316,
      "min": 0.012650921,
      "max": 0.013512632,
      "times": [
        0.013063008000000001,
        0.013011394,
        0.012781481,
        0.013004563,
        0.012851219,
        0.012692208,
        0.012755956,
        0.012779111000000001,
        0.013444649000000001,
        0.012773824000000001,
        0.012669219,
        0.012752249,
        0.012760110000000002,
        0.012773973000000001,
        0.012958523000000001,
        0.013008635000000001,
        0.012742708,
        0.012747459000000001,
        0.012763675,
        0.01273461,
        0.013064892000000002,
        0.013028852,
        0.012745596000000001,
        0.012669563,
        0.012748933,
        0.012797249,
        0.013272778,
        0.01277226,
        0.012687664000000001,
        0.012772042,
        0.012758391000000001,
        0.012783938000000002,
        0.012917284000000001,
        0.012993407,
        0.013088701000000001,
        0.012979226,
        0.012759231000000001,
        0.01312168,
        0.012976461000000002,
        0.012753515,
        0.012757125000000001,
        0.012680298000000001,
        0.012744293,
        0.012746970000000002,
        0.013288739,
        0.012682665000000001,
        0.012745483,
        0.012739431,
        0.012757623000000001,
        0.012732150000000001,
        0.013094569,
        0.013098485,
        0.012757822,
        0.012758876,
        0.012690145000000002,
        0.012756225000000001,
        0.013512632,
        0.012776979,
        0.012768906,
        0.012652351000000001,
        0.012743575,
        0.012742897000000001,
        0.01334047,
        0.012697211000000002,
        0.012728572,
        0.012766877000000001,
        0.012738013000000001,
        0.012746715,
        0.013017478,
        0.013047437,
        0.012742809,
        0.012756239,
        0.012681354,
        0.012728596,
        0.013246628000000002,
        0.012835711000000001,
        0.012715081000000001,
        0.012742924000000001,
        0.012747835,
        0.012758611000000001,
        0.013344106000000001,
        0.012842714000000002,
        0.012736424000000001,
        0.012742597000000001,
        0.01274805,
        0.012683819,
        0.013191153,
        0.013059303000000001,
        0.012748068000000001,
        0.012761666000000001,
        0.012658607,
        0.012743243000000001,
        0.013398811,
        0.012846418,
        0.012696292000000001,
        0.012743975000000001,
        0.012738632000000001,
        0.012732646,
        0.013206662000000001,
        0.012694119,
        0.012780969000000001,
        0.012761563,
        0.012752895,
        0.012688972000000001,
        0.013091121,
        0.012992248000000001,
        0.01280329,
        0.012696222,
        0.012667843000000002,
        0.012739663,
        0.013333788000000001,
        0.012777734,
        0.012739996,
        0.012724973,
        0.012728773,
        0.01275826,
        0.013028055,
        0.013081818,
        0.01281704,
        0.012768261000000001,
        0.012767077,
        0.012657165000000001,
        0.013082318,
        0.01300453,
        0.01282982,
        0.013043494000000001,
        0.013002737,
        0.012758246,
        0.013193954,
        0.01277906,
        0.012673664000000001,
        0.012791268000000001,
        0.01273377,
        0.012745561,
        0.012938660000000001,
        0.012979673,
        0.012772389,
        0.012797552,
        0.012776731000000001,
        0.012684401000000001,
        0.013399984,
        0.012762562000000002,
        0.012749583,
        0.012728347000000001,
        0.012750656,
        0.013411632000000001,
        0.012784587,
        0.012752979000000001,
        0.012691957,
        0.012812043,
        0.012750530000000001,
        0.013246689,
        0.012702930000000001,
        0.012764243000000002,
        0.012750033000000001,
        0.012810882,
        0.012650921,
        0.013181415,
        0.012990206,
        0.012837874,
        0.012760788,
        0.012679551,
        0.012801832,
        0.013327144,
        0.012794253,
        0.012673219000000001,
        0.012744425,
        0.012744589,
        0.012799182000000001,
        0.013407939,
        0.012693896000000001,
        0.012754695000000002,
        0.013403594000000001,
        0.012740599,
        0.012736676,
        0.013107408000000001,
        0.013008693,
        0.012725104000000001,
        0.012750813000000001,
        0.012682139,
        0.012796228000000002,
        0.013357884,
        0.012760831,
        0.012704506,
        0.012754308,
        0.01276125,
        0.012787851000000001,
        0.013227372000000001,
        0.012684546000000001,
        0.012761370000000001,
        0.01275364,
        0.012733407,
        0.012674747,
        0.013162687000000001,
        0.012994549000000001,
        0.012740539,
        0.012749523,
        0.012684806000000002,
        0.012738455000000001,
        0.013302574000000001,
        0.012780483,
        0.012675751,
        0.012742199000000001,
        0.012766586000000002,
        0.012746707000000001,
        0.012987885000000001,
        0.013011147,
        0.012773089000000001,
        0.012747782000000001,
        0.012763,
        0.012680391000000001,
        0.013160614000000001,
        0.012999636,
        0.012738241,
        0.012682538,
        0.012770396000000002,
        0.012763765000000002,
        0.013469875000000001,
        0.012767150000000001,
        0.012946308,
        0.013012685000000001,
        0.012766428000000002,
        0.013317503000000001,
        0.012740422000000001,
        0.012766061,
        0.012732749000000002,
        0.012751355,
        0.012753277,
        0.012696871
      ],