{
  "results": [
    {
      "command": "./benchmark_masking",
      "mean": 0.2602427585600001,
      "stddev": 0.00022750978651369698,
      "median": 0.26022396200000003,
      "user": 0.25634463999999996,
      "system": 0.0015798799999999999,
      "min": 0.259823745,
      "max": 0.26065265400000004,
      "times": [
        0.26022396200000003,
        0.260412448,
        0.26015261100000003,
        0.260608226,
        0.26016957300000004,
        0.260244456,
        0.26031269300000004,
        0.260618453,
        0.259868415,
        0.260348472,
        0.260390842,
        0.260113408,
        0.260615131,
        0.26032868000000003,
        0.260193269,
        0.260009904,
        0.26065265400000004,
        0.260076639,
        0.260254254,
        0.259823745,
        0.260175888,
        0.26016917700000003,
        0.260242521,
        0.260200747,
        0.259862796
      ],
      "exit_codes": [
        0,
        0,
        0,
        0,
        0,
        0,
        0,
        0,
        0,
        0,
        0,
        0,
        0,
        0,
        0,
        0,
        0,
        0,
        0,
        0,
        0,
        0,
        0,
        0,
        0
      ]
    }
  ]
}
