{
  "results": [
    {
      "command": "./benchmark_boundschecks",
      "mean": 1.0775940802,
      "stddev": 0.004802662251821766,
      "median": 1.078032551,
      "user": 1.06687356,
      "system": 0.00174992,
      "min": 1.05528222,
      "max": 1.08272238,
      "times": [
        1.077948218,
        1.078097206,
        1.078077673,
        1.05528222,
        1.079968099,
        1.077579064,
        1.080395717,
        1.077968809,
        1.077729372,
        1.077973871,
        1.08272238,
        1.077430069,
        1.0801115000000001,
        1.077500892,
        1.078182381,
        1.077756976,
        1.078063894,
        1.078032551,
        1.078994136,
        1.078820221,
        1.078019694,
        1.07919596,
        1.077967749,
        1.078787424,
        1.077245929
      ],
      "exit_codes": [
        0,
        0,
        0,
        0,
        0,
        0,
        0,
        0,
        0,
        0,
        0,
        0,
        0,
        0,
        0,
        0,
        0,
        0,
        0,
        0,
        0,
        0,
        0,
        0,
        0
      ]
    }
  ]
}
