{
  "results": [
    {
      "command": "./benchmark_guardpage_asmmove",
      "mean": 0.08620988479411766,
      "stddev": 0.00041044069617866033,
      "median": 0.0860497425,
      "user": 0.08381979411764706,
      "system": 0.0014891470588235293,
      "min": 0.085657669,
      "max": 0.08724633600000001,
      "times": [
        0.08678079100000001,
        0.08611474100000001,
        0.086128035,
        0.08653285200000001,
        0.085887814,
        0.086347828,
        0.08612799,
        0.085923551,
        0.08642622500000001,
        0.085862823,
        0.087036639,
        0.08696113700000001,
        0.085952055,
        0.08609744400000001,
        0.08590075200000001,
        0.08591111400000001,
        0.08700376200000001,
        0.086671655,
        0.085657669,
        0.08652142900000001,
        0.08602345600000001,
        0.085884758,
        0.08600853600000001,
        0.085814154,
        0.085948517,
        0.086057704,
        0.08604178100000001,
        0.08647640200000001,
        0.08588253900000001,
        0.085985249,
        0.086040511,
        0.08724633600000001,
        0.08579407800000001,
        0.086085756
      ],
      "exit_codes": [
        0,
        0,
        0,
        0,
        0,
        0,
        0,
        0,
        0,
        0,
        0,
        0,
        0,
        0,
        0,
        0,
        0,
        0,
        0,
        0,
        0,
        0,
        0,
        0,
        0,
        0,
        0,
        0,
        0,
        0,
        0,
        0,
        0,
        0
      ]
    }
  ]
}
