{
  "results": [
    {
      "command": "./benchmark_hfiemulate2",
      "mean": 0.22107141172000006,
      "stddev": 0.00024309297072425495,
      "median": 0.22104857400000003,
      "user": 0.22004039999999997,
      "system": 0.00079748,
      "min": 0.22064459800000003,
      "max": 0.22176666,
      "times": [
        0.220989498,
        0.22176666,
        0.22092449,
        0.22064459800000003,
        0.22118252100000002,
        0.221135085,
        0.220966188,
        0.22137820300000002,
        0.22123423800000003,
        0.221118964,
        0.22147281500000002,
        0.221147422,
        0.22114197000000002,
        0.22104857400000003,
        0.220971736,
        0.220762341,
        0.220957604,
        0.22078882300000002,
        0.22125702100000003,
        0.22097918900000002,
        0.22108605,
        0.221236979,
        0.220913825,
        0.220816801,
        0.22086369800000002
      ],
      "exit_codes": [
        0,
        0,
        0,
        0,
        0,
        0,
        0,
        0,
        0,
        0,
        0,
        0,
        0,
        0,
        0,
        0,
        0,
        0,
        0,
        0,
        0,
        0,
        0,
        0,
        0
      ]
    }
  ]
}
