{
  "results": [
    {
      "command": "./benchmark_boundschecks",
      "mean": 2.9536427412400004,
      "stddev": 0.012934133604208744,
      "median": 2.953998154,
      "user": 2.92723384,
      "system": 0.00271652,
      "min": 2.929250445,
      "max": 2.981069663,
      "times": [
        2.955230882,
        2.952935801,
        2.95175577,
        2.953998154,
        2.981069663,
        2.950009726,
        2.9357752550000003,
        2.929250445,
        2.934007128,
        2.9647842310000003,
        2.97130656,
        2.96429305,
        2.950295185,
        2.954009343,
        2.976221632,
        2.94588509,
        2.950767581,
        2.9567542170000003,
        2.947240715,
        2.961078139,
        2.956092686,
        2.956305897,
        2.942968118,
        2.965900468,
        2.933132795
      ],
      "exit_codes": [
        0,
        0,
        0,
        0,
        0,
        0,
        0,
        0,
        0,
        0,
        0,
        0,
        0,
        0,
        0,
        0,
        0,
        0,
        0,
        0,
        0,
        0,
        0,
        0,
        0
      ]
    }
  ]
}
