{
  "results": [
    {
      "command": "./benchmark_masking",
      "mean": 0.051240234827586224,
      "stddev": 0.0027293941968797807,
      "median": 0.051649191000000004,
      "user": 0.049704844827586206,
      "system": 0.0009576379310344828,
      "min": 0.030907694000000003,
      "max": 0.052163223,
      "times": [
        0.051720724,
        0.051657706000000005,
        0.051474142,
        0.051504286,
        0.051571964000000005,
        0.05208161,
        0.051545464000000006,
        0.051246258,
        0.051687346,
        0.051868487000000005,
        0.051486594000000004,
        0.051673869000000004,
        0.051402658000000004,
        0.051761409,
        0.052163223,
        0.051144869,
        0.051392569000000006,
        0.051614287,
        0.051373844,
        0.051419864,
        0.051676327,
        0.051029779000000004,
        0.051786000000000006,
        0.051812107,
        0.051898429,
        0.051440094000000006,
        0.051117351000000005,
        0.05177731,
        0.051784851,
        0.051110223,
        0.05166123,
        0.051871094000000006,
        0.051160795,
        0.051677557000000006,
        0.051637284000000006,
        0.051339223,
        0.051627247,
        0.05137892,
        0.051693547000000006,
        0.051846640000000006,
        0.051491065,
        0.05167315,
        0.05170828,
        0.051257855000000005,
        0.051735545,
        0.051640676,
        0.051246059000000004,
        0.051928727,
        0.05173545500000001,
        0.051195153,
        0.052000897000000004,
        0.051821913000000004,
        0.051829724,
        0.051699283000000006,
        0.051435417000000004,
        0.051376164,
        0.052133382000000006,
        0.030907694000000003
      ],
      "exit_codes": [
        0,
        0,
        0,
        0,
        0,
        0,
        0,
        0,
        0,
        0,
        0,
        0,
        0,
        0,
        0,
        0,
        0,
        0,
        0,
        0,
        0,
        0,
        0,
        0,
        0,
        0,
        0,
        0,
        0,
        0,
        0,
        0,
        0,
        0,
        0,
        0,
        0,
        0,
        0,
        0,
        0,
        0,
        0,
        0,
        0,
        0,
        0,
        0,
        0,
        0,
        0,
        0,
        0,
        0,
        0,
        0,
        0,
        0
      ]
    }
  ]
}
