{
  "results": [
    {
      "command": "./benchmark_guardpage_asmmove",
      "mean": 0.04816972335483872,
      "stddev": 0.00041673483841611815,
      "median": 0.0481962655,
      "user": 0.04639390322580645,
      "system": 0.001226290322580645,
      "min": 0.047657829000000006,
      "max": 0.050627977000000005,
      "times": [
        0.048329894000000005,
        0.048158966000000004,
        0.048242578,
        0.047715057000000005,
        0.048164837,
        0.04833744,
        0.047875058000000005,
        0.048342023000000005,
        0.048180602,
        0.048349013,
        0.048277623000000006,
        0.047675046000000006,
        0.048170507,
        0.047689949,
        0.048170172000000004,
        0.04837348,
        0.047661585000000006,
        0.048288699000000004,
        0.047657829000000006,
        0.048214270000000004,
        0.048232795,
        0.048265852000000005,
        0.048116926000000004,
        0.047719956,
        0.048241705,
        0.048255129,
        0.04871036,
        0.048412057,
        0.04766795,
        0.048052245,
        0.048302040000000004,
        0.048264081,
        0.048291350000000004,
        0.048077956000000005,
        0.050627977000000005,
        0.048189449,
        0.048399511000000006,
        0.048241838,
        0.047772983000000005,
        0.048203082,
        0.048168140000000005,
        0.04775337,
        0.048600094,
        0.048065477,
        0.048381270000000004,
        0.048022222,
        0.047694978000000006,
        0.048094839,
        0.047688789,
        0.048247148000000004,
        0.048247818000000005,
        0.048707375000000004,
        0.048315052000000004,
        0.048119776,
        0.048570178000000006,
        0.048150292000000004,
        0.047712978,
        0.048263796000000005,
        0.047956152,
        0.047843319,
        0.048270754000000006,
        0.047729161000000006
      ],
      "exit_codes": [
        0,
        0,
        0,
        0,
        0,
        0,
        0,
        0,
        0,
        0,
        0,
        0,
        0,
        0,
        0,
        0,
        0,
        0,
        0,
        0,
        0,
        0,
        0,
        0,
        0,
        0,
        0,
        0,
        0,
        0,
        0,
        0,
        0,
        0,
        0,
        0,
        0,
        0,
        0,
        0,
        0,
        0,
        0,
        0,
        0,
        0,
        0,
        0,
        0,
        0,
        0,
        0,
        0,
        0,
        0,
        0,
        0,
        0,
        0,
        0,
        0,
        0
      ]
    }
  ]
}
