{
  "results": [
    {
      "command": "./benchmark_masking",
      "mean": 0.8931845301600001,
      "stddev": 0.01242426151591711,
      "median": 0.8988133770000001,
      "user": 0.89132988,
      "system": 0.00127868,
      "min": 0.8625043600000001,
      "max": 0.9004882740000001,
      "times": [
        0.898846989,
        0.8862031090000001,
        0.8763104570000001,
        0.8962976250000001,
        0.899675693,
        0.8988133770000001,
        0.8625112,
        0.8999568600000001,
        0.8985028820000001,
        0.9004882740000001,
        0.8984396,
        0.8996992610000001,
        0.900346501,
        0.898833658,
        0.894005782,
        0.9001291170000001,
        0.899025253,
        0.8996178100000001,
        0.8980260800000001,
        0.899798753,
        0.898812104,
        0.8625043600000001,
        0.8993597430000001,
        0.864855343,
        0.8985534230000001
      ],
      "exit_codes": [
        0,
        0,
        0,
        0,
        0,
        0,
        0,
        0,
        0,
        0,
        0,
        0,
        0,
        0,
        0,
        0,
        0,
        0,
        0,
        0,
        0,
        0,
        0,
        0,
        0
      ]
    }
  ]
}
