{
  "results": [
    {
      "command": "./benchmark_masking",
      "mean": 0.011023477239852404,
      "stddev": 0.0005165054362472125,
      "median": 0.011011084,
      "user": 0.009877745387453877,
      "system": 0.0009212472324723245,
      "min": 0.006176713,
      "max": 0.011709471,
      "times": [
        0.011065750000000001,
        0.01127292,
        0.011299381,
        0.011018965,
        0.010981151000000001,
        0.010998183,
        0.010998470000000002,
        0.010937603,
        0.011536307,
        0.011255216,
        0.010941054,
        0.010985677000000001,
        0.011002331,
        0.010903388,
        0.011308679,
        0.01128292,
        0.010935746000000001,
        0.010987677000000001,
        0.011019036000000001,
        0.010935353,
        0.011296172,
        0.011249249000000001,
        0.01097557,
        0.011005922000000001,
        0.011008747000000001,
        0.010948071,
        0.011327291000000001,
        0.011257697,
        0.0109212,
        0.011040639000000001,
        0.010994363,
        0.010908865,
        0.011254328000000001,
        0.011235859,
        0.010921954000000001,
        0.011003164000000001,
        0.011043482,
        0.010955744,
        0.011278519,
        0.011234725000000001,
        0.010945906,
        0.011278793,
        0.011227912000000001,
        0.01094576,
        0.011320286,
        0.011276187,
        0.010945986000000001,
        0.011021107,
        0.010988315,
        0.010909461,
        0.011323296,
        0.011310575000000002,
        0.010964974,
        0.010968891000000001,
        0.010999687000000001,
        0.010916754,
        0.011382953000000001,
        0.011250505000000001,
        0.010970769,
        0.011013527,
        0.01099335,
        0.010947742,
        0.011324184000000001,
        0.011314538,
        0.010965775,
        0.011047569,
        0.011009143,
        0.010937335000000001,
        0.011286425000000001,
        0.011237819000000001,
        0.010926640000000001,
        0.011011352,
        0.011053594,
        0.01092966,
        0.011367586,
        0.011246489,
        0.010934672000000001,
        0.01099395,
        0.011012178000000001,
        0.010968116,
        0.011357398000000001,
        0.011234917,
        0.01094237,
        0.010993581,
        0.010981633000000001,
        0.010943058,
        0.011310449,
        0.011277878,
        0.010947686,
        0.011011284000000001,
        0.010985926,
        0.010932569000000001,
        0.011356007000000001,
        0.0112317,
        0.010993207000000001,
        0.011267183,
        0.011220337,
        0.010931499,
        0.011297352,
        0.007591815000000001,
        0.006176713,
        0.006897986,
        0.007930161,
        0.009458868,
        0.011001624000000002,
        0.010986844,
        0.011252,
        0.011283448000000001,
        0.011004617000000001,
        0.010963029000000001,
        0.011047224000000001,
        0.010993922000000001,
        0.011353447000000001,
        0.011233348,
        0.011045570000000001,
        0.011019774000000001,
        0.010935764,
        0.011047880000000001,
        0.011568871000000001,
        0.010931997,
        0.011030423000000001,
        0.010998678000000001,
        0.010920954,
        0.011027335000000001,
        0.011709471,
        0.010967332000000002,
        0.011023956000000001,
        0.010984509,
        0.010915092000000001,
        0.01099775,
        0.011605032000000001,
        0.011014177,
        0.011031568,
        0.011018478,
        0.010938512000000001,
        0.011017830000000001,
        0.011630206,
        0.010965389,
        0.011054622,
        0.011005385000000001,
        0.010966656,
        0.011051862,
        0.011557286,
        0.010948043000000001,
        0.010995985000000002,
        0.011010982,
        0.010939773,
        0.010991813000000001,
        0.011029255,
        0.011214803,
        0.011257355,
        0.011000471000000001,
        0.010942323,
        0.011034151,
        0.010997365,
        0.011210267000000001,
        0.011249783000000001,
        0.011002922,
        0.010907431,
        0.01099755,
        0.011034385,
        0.011343981000000001,
        0.011236955,
        0.011007395000000001,
        0.010932382000000001,
        0.010995218000000001,
        0.010991692,
        0.011242629,
        0.011266349,
        0.011007137,
        0.010931206,
        0.010971089,
        0.011014607000000001,
        0.011266755000000002,
        0.01127181,
        0.011002791000000001,
        0.010928766000000001,
        0.011011085,
        0.011003557,
        0.011258583,
        0.011233791,
        0.011062621,
        0.010931154,
        0.0110259,
        0.011004151,
        0.011220292000000002,
        0.011244026,
        0.011011084,
        0.01092853,
        0.011047253,
        0.011001524,
        0.011275501,
        0.011229212,
        0.010999688,
        0.010945635,
        0.0109946,
        0.011074328000000001,
        0.011244989,
        0.011253369000000001,
        0.011015765,
        0.010933826,
        0.011012266000000001,
        0.010973867,
        0.011258858,
        0.011272695000000001,
        0.010982979,
        0.010931551000000001,
        0.011001001,
        0.010993916000000001,
        0.011336036,
        0.011262342,
        0.011006042,
        0.010928949,
        0.010977591,
        0.011018202000000001,
        0.011235572000000001,
        0.011242332,
        0.011088738,
        0.010936471000000001,
        0.011000626000000001,
        0.010973102,
        0.011180156,
        0.011270531,
        0.010998414000000001,
        0.010928492000000001,
        0.011039262000000001,
        0.011012298,
        0.011328304,
        0.011228079,
        0.011024391000000001,
        0.010932891,
        0.011031214000000001,
        0.011067991000000001,
        0.01118735,
        0.011247674000000001,
        0.010988669000000001,
        0.010935077000000001,
        0.010992114,
        0.010996787000000001,
        0.011256049,
        0.011269443,
        0.010997671,
        0.01092565,
        0.010992577,
        0.010988798000000001,
        0.011301669,
        0.011301681000000001,
        0.010993824000000001,
        0.010927811,
        0.011079603,
        0.01100563,
        0.011205614000000001,
        0.011271083000000001,
        0.011041210000000001,
        0.010937518,
        0.010995487,
        0.010994923,
        0.011215535,
        0.011233279,
        0.011004246,
        0.010935714000000001,
        0.011049024000000001,
        0.010995246,
        0.011309801000000001,
        0.011376031,
        0.010985855000000001,
        0.010929221000000001,
        0.010990023000000002,
        0.011052322,
        0.011197072,
        0.011283441
      ],