{
  "results": [
    {
      "command": "./benchmark_masking",
      "mean": 1.4936897696000002,
      "stddev": 0.0070430109794778675,
      "median": 1.495546003,
      "user": 1.4700687999999997,
      "system": 0.011009520000000002,
      "min": 1.462598108,
      "max": 1.497400421,
      "times": [
        1.495546003,
        1.494936509,
        1.495819858,
        1.495387599,
        1.495591895,
        1.494710457,
        1.496876875,
        1.495510226,
        1.495070931,
        1.496302685,
        1.494659695,
        1.496492608,
        1.495642147,
        1.492515561,
        1.495664586,
        1.496302725,
        1.497400421,
        1.495405321,
        1.482602377,
        1.493857153,
        1.494848856,
        1.496629158,
        1.462598108,
        1.495768116,
        1.49610437
      ],
      "exit_codes": [
        0,
        0,
        0,
        0,
        0,
        0,
        0,
        0,
        0,
        0,
        0,
        0,
        0,
        0,
        0,
        0,
        0,
        0,
        0,
        0,
        0,
        0,
        0,
        0,
        0
      ]
    }
  ]
}
