{
  "results": [
    {
      "command": "./benchmark_guardpage_asmmove",
      "mean": 0.6005136317200002,
      "stddev": 0.007102045961900088,
      "median": 0.599021598,
      "user": 0.5942775999999999,
      "system": 0.00112288,
      "min": 0.587835557,
      "max": 0.623731708,
      "times": [
        0.598893468,
        0.599102117,
        0.598742612,
        0.5988805620000001,
        0.623731708,
        0.598986039,
        0.600091563,
        0.587835557,
        0.598314321,
        0.599152028,
        0.598593465,
        0.62189507,
        0.5994894000000001,
        0.6004402990000001,
        0.5995308850000001,
        0.599500165,
        0.5986730170000001,
        0.599021598,
        0.599015462,
        0.59856047,
        0.5989549580000001,
        0.599271277,
        0.5993197170000001,
        0.5975906950000001,
        0.59925434
      ],
      "exit_codes": [
        0,
        0,
        0,
        0,
        0,
        0,
        0,
        0,
        0,
        0,
        0,
        0,
        0,
        0,
        0,
        0,
        0,
        0,
        0,
        0,
        0,
        0,
        0,
        0,
        0
      ]
    }
  ]
}
