{
  "results": [
    {
      "command": "./benchmark_masking",
      "mean": 0.63792088164,
      "stddev": 0.00025559080727190897,
      "median": 0.6379398150000001,
      "user": 0.6303962799999998,
      "system": 0.0022414,
      "min": 0.637378211,
      "max": 0.638319523,
      "times": [
        0.6382525480000001,
        0.63783372,
        0.638027338,
        0.638023299,
        0.637942231,
        0.637806345,
        0.637662822,
        0.637818553,
        0.638319523,
        0.638304763,
        0.6374225800000001,
        0.637618007,
        0.638096781,
        0.637378211,
        0.6379305080000001,
        0.637920409,
        0.6379398150000001,
        0.638205374,
        0.6381415300000001,
        0.638110594,
        0.6379812730000001,
        0.637780609,
        0.638150722,
        0.6377277140000001,
        0.6376267720000001
      ],
      "exit_codes": [
        0,
        0,
        0,
        0,
        0,
        0,
        0,
        0,
        0,
        0,
        0,
        0,
        0,
        0,
        0,
        0,
        0,
        0,
        0,
        0,
        0,
        0,
        0,
        0,
        0
      ]
    }
  ]
}
