{
  "results": [
    {
      "command": "./benchmark_guardpage_asmmove",
      "mean": 0.6443071524400001,
      "stddev": 0.00021503901079397765,
      "median": 0.6442381540000001,
      "user": 0.6281226400000002,
      "system": 0.010849919999999999,
      "min": 0.64388172,
      "max": 0.644690957,
      "times": [
        0.644690957,
        0.6444092,
        0.6444695370000001,
        0.644344011,
        0.644191594,
        0.644147389,
        0.6441631400000001,
        0.6443645640000001,
        0.6446065470000001,
        0.644223889,
        0.644589702,
        0.6441990900000001,
        0.644424298,
        0.6441621080000001,
        0.644666839,
        0.644255935,
        0.64388172,
        0.6441349550000001,
        0.6440830740000001,
        0.6440820100000001,
        0.644499178,
        0.644168784,
        0.644084187,
        0.644597949,
        0.6442381540000001
      ],
      "exit_codes": [
        0,
        0,
        0,
        0,
        0,
        0,
        0,
        0,
        0,
        0,
        0,
        0,
        0,
        0,
        0,
        0,
        0,
        0,
        0,
        0,
        0,
        0,
        0,
        0,
        0
      ]
    }
  ]
}
