{
  "results": [
    {
      "command": "./benchmark_guardpage_asmmove",
      "mean": 1.5914629933200002,
      "stddev": 0.011105309707133089,
      "median": 1.591590319,
      "user": 1.57602452,
      "system": 0.0020725599999999998,
      "min": 1.561915828,
      "max": 1.632541046,
      "times": [
        1.632541046,
        1.591424944,
        1.591223561,
        1.592020254,
        1.591230864,
        1.591853954,
        1.592254959,
        1.590684728,
        1.5918230580000001,
        1.59152976,
        1.595216127,
        1.5912139330000001,
        1.591719318,
        1.591703762,
        1.591708826,
        1.591517885,
        1.561915828,
        1.591343157,
        1.572034623,
        1.591143373,
        1.591590319,
        1.593742679,
        1.591385189,
        1.591802058,
        1.5919506280000002
      ],
      "exit_codes": [
        0,
        0,
        0,
        0,
        0,
        0,
        0,
        0,
        0,
        0,
        0,
        0,
        0,
        0,
        0,
        0,
        0,
        0,
        0,
        0,
        0,
        0,
        0,
        0,
        0
      ]
    }
  ]
}
