{
  "results": [
    {
      "command": "./benchmark_hfiemulate2",
      "mean": 3.04635693872,
      "stddev": 0.04966081677346059,
      "median": 3.058958697,
      "user": 3.04414664,
      "system": 0.0006394799999999999,
      "min": 2.8130876000000002,
      "max": 3.060123293,
      "times": [
        2.8130876000000002,
        3.057510765,
        3.041375787,
        3.059169868,
        3.05893431,
        3.010272511,
        3.059256386,
        3.058057566,
        3.059113122,
        3.05768606,
        3.058580938,
        3.059301508,
        3.059665649,
        3.058958697,
        3.058443692,
        3.059974499,
        3.059221932,
        3.059892775,
        3.057904628,
        3.055491683,
        3.059884954,
        3.060071523,
        3.059468555,
        3.057475167,
        3.060123293
      ],
      "exit_codes": [
        0,
        0,
        0,
        0,
        0,
        0,
        0,
        0,
        0,
        0,
        0,
        0,
        0,
        0,
        0,
        0,
        0,
        0,
        0,
        0,
        0,
        0,
        0,
        0,
        0
      ]
    }
  ]
}
