{
  "results": [
    {
      "command": "./benchmark_guardpage_asmmove",
      "mean": 0.011003156082089561,
      "stddev": 0.00015249851094087526,
      "median": 0.010918652000000001,
      "user": 0.009889787313432832,
      "system": 0.0008773432835820897,
      "min": 0.010799938,
      "max": 0.011446582,
      "times": [
        0.011173206000000001,
        0.011213220000000001,
        0.011361079000000001,
        0.010853628,
        0.011227834,
        0.010915763,
        0.010852094000000001,
        0.010916772,
        0.011217262,
        0.010838313,
        0.011141323,
        0.010911147000000001,
        0.010836776000000001,
        0.010907899,
        0.010909646,
        0.011199637,
        0.011301396,
        0.010937688000000001,
        0.010821252,
        0.010903704,
        0.010895578000000001,
        0.011113005,
        0.011202574,
        0.010913107,
        0.010813936000000001,
        0.010918992,
        0.01090232,
        0.011199973,
        0.011135454000000001,
        0.010947431,
        0.01083971,
        0.010906438000000001,
        0.010896504000000001,
        0.011104232,
        0.011255856,
        0.010904008000000001,
        0.010822319,
        0.010941412000000001,
        0.010917266,
        0.011100845000000002,
        0.011122375,
        0.010896042,
        0.011183644000000001,
        0.011201418000000001,
        0.010975288000000001,
        0.011212641,
        0.011139018,
        0.010889599000000002,
        0.010822557,
        0.010889434,
        0.010919769000000001,
        0.011150067000000001,
        0.011146702000000001,
        0.010925277,
        0.010824275000000001,
        0.010888462000000002,
        0.010910733,
        0.011101016,
        0.011188289,
        0.010927047,
        0.010852572000000001,
        0.010902897,
        0.010906399,
        0.011095190000000001,
        0.011143198,
        0.010918707000000001,
        0.010879301000000001,
        0.010932243000000001,
        0.010886606,
        0.011128045000000001,
        0.011139015,
        0.010904837,
        0.010833974000000001,
        0.010927061,
        0.010926584000000001,
        0.011116675000000001,
        0.011135576000000001,
        0.010917704,
        0.010837324,
        0.010883342,
        0.010960863000000001,
        0.011123053,
        0.011136151,
        0.010898983000000001,
        0.010847131000000001,
        0.010896721,
        0.010909218,
        0.011254282000000001,
        0.011147818,
        0.010909509000000001,
        0.010844994,
        0.010893156000000001,
        0.010830312,
        0.01115266,
        0.011152720000000001,
        0.011363565,
        0.01085844,
        0.010933469000000001,
        0.011446582,
        0.010860715,
        0.010895973000000002,
        0.01081514,
        0.01094874,
        0.01088295,
        0.011180836000000001,
        0.011156667,
        0.010897599000000001,
        0.010859068000000001,
        0.010904536000000001,
        0.010961799000000001,
        0.011172071,
        0.01115607,
        0.010934838,
        0.010830689000000001,
        0.010890251,
        0.010906915000000001,
        0.011240302,
        0.011154803000000001,
        0.010896229,
        0.010825624,
        0.010959347000000001,
        0.010911414000000001,
        0.011196280000000001,
        0.011197659,
        0.010898504,
        0.010842058,
        0.010916710000000001,
        0.010916379,
        0.011188694,
        0.011146451,
        0.01090791,
        0.010911323,
        0.0109174,
        0.010914498,
        0.011186114,
        0.011158949000000001,
        0.010909345,
        0.010838842000000001,
        0.010930039,
        0.010880758,
        0.011265265,
        0.011135018,
        0.010929209,
        0.01084795,
        0.010910262,
        0.011043862000000002,
        0.01116917,
        0.011161708000000001,
        0.010916078000000001,
        0.011163728000000001,
        0.011128503000000001,
        0.010916984000000001,
        0.011295542,
        0.011150344000000001,
        0.010914968,
        0.010836253,
        0.010909254,
        0.01091776,
        0.011206567,
        0.011312251,
        0.010953049000000001,
        0.010826358000000001,
        0.010918538,
        0.010900866,
        0.011163471000000001,
        0.011194225,
        0.01088708,
        0.010873535,
        0.010894284,
        0.01088016,
        0.011287990000000001,
        0.011129322,
        0.010907179000000001,
        0.010841819,
        0.010939223000000001,
        0.01093244,
        0.01117049,
        0.011202904000000001,
        0.010920618,
        0.010822070000000001,
        0.010898134,
        0.010953471000000001,
        0.011222117,
        0.011156041,
        0.010909774,
        0.010820466,
        0.010910921,
        0.01089171,
        0.011165421,
        0.011188126000000001,
        0.010905922,
        0.010865325,
        0.010923848,
        0.010892486,
        0.011163234000000001,
        0.011190062,
        0.010949608000000001,
        0.010855742,
        0.010909094000000001,
        0.010894513000000002,
        0.011167924000000001,
        0.011170457,
        0.010905462000000001,
        0.011252890000000002,
        0.011141015,
        0.010901433,
        0.011149077,
        0.011140994000000001,
        0.010922159,
        0.010842374,
        0.010951699,
        0.010899578,
        0.011219994,
        0.011163863000000001,
        0.010952715,
        0.010836729000000002,
        0.010896572,
        0.010908312,
        0.011207219000000001,
        0.011177235,
        0.010873558,
        0.010856008,
        0.010891453,
        0.010832646000000001,
        0.011223921000000001,
        0.011220550000000001,
        0.010872256,
        0.010898792000000001,
        0.010910749,
        0.010822668,
        0.011270557,
        0.011156052000000001,
        0.010919379,
        0.010922429,
        0.010902423000000001,
        0.010837842,
        0.011196786,
        0.011144862,
        0.010838773000000001,
        0.010972426,
        0.01088797,
        0.010828935000000001,
        0.01134304,
        0.011189304,
        0.010867786,
        0.010915086000000001,
        0.010891366000000001,
        0.010886104,
        0.01121307,
        0.011145275000000001,
        0.01084217,
        0.010918597,
        0.010898841000000001,
        0.010841529,
        0.011292252000000001,
        0.011154894,
        0.010845144000000001,
        0.011162788,
        0.011134477,
        0.010875885,
        0.011161675000000001,
        0.011310519000000002,
        0.010847899000000001,
        0.01090118,
        0.010917029,
        0.010799938,
        0.011346002,
        0.011201314
      ],