{
  "results": [
    {
      "command": "./benchmark_boundschecks",
      "mean": 0.59519368372,
      "stddev": 0.00029385121765267965,
      "median": 0.595216811,
      "user": 0.5883991599999999,
      "system": 0.0017610399999999995,
      "min": 0.594685703,
      "max": 0.5959008600000001,
      "times": [
        0.594685703,
        0.5954672910000001,
        0.594735203,
        0.5952768030000001,
        0.5948583190000001,
        0.595315624,
        0.5951956860000001,
        0.5949433080000001,
        0.5953259550000001,
        0.5950462860000001,
        0.5954988170000001,
        0.595645603,
        0.595430883,
        0.5952253110000001,
        0.59503963,
        0.595036019,
        0.59472053,
        0.5953352000000001,
        0.595438916,
        0.595299046,
        0.5951718650000001,
        0.595216811,
        0.595089214,
        0.5949432100000001,
        0.5959008600000001
      ],
      "exit_codes": [
        0,
        0,
        0,
        0,
        0,
        0,
        0,
        0,
        0,
        0,
        0,
        0,
        0,
        0,
        0,
        0,
        0,
        0,
        0,
        0,
        0,
        0,
        0,
        0,
        0
      ]
    }
  ]
}
