{
  "results": [
    {
      "command": "./benchmark_hfiemulate2",
      "mean": 0.73551781804,
      "stddev": 0.0009407819693681959,
      "median": 0.735765607,
      "user": 0.73438892,
      "system": 0.0006391599999999998,
      "min": 0.733910606,
      "max": 0.737191884,
      "times": [
        0.7357959890000001,
        0.733910606,
        0.735487828,
        0.735048279,
        0.736060382,
        0.734228946,
        0.736264912,
        0.734843157,
        0.7364913900000001,
        0.735788914,
        0.734179735,
        0.7343368600000001,
        0.736702069,
        0.7359685690000001,
        0.735552862,
        0.73584126,
        0.7369373170000001,
        0.734422733,
        0.735765607,
        0.734201937,
        0.737191884,
        0.736508237,
        0.735726882,
        0.734806638,
        0.7358824580000001
      ],
      "exit_codes": [
        0,
        0,
        0,
        0,
        0,
        0,
        0,
        0,
        0,
        0,
        0,
        0,
        0,
        0,
        0,
        0,
        0,
        0,
        0,
        0,
        0,
        0,
        0,
        0,
        0
      ]
    }
  ]
}
