{
  "results": [
    {
      "command": "./benchmark_boundschecks",
      "mean": 1.02978663948,
      "stddev": 0.006683548832692001,
      "median": 1.031454804,
      "user": 1.0129020400000002,
      "system": 0.008278319999999999,
      "min": 1.001527024,
      "max": 1.03582644,
      "times": [
        1.031800769,
        1.031599409,
        1.031857217,
        1.030467734,
        1.034935011,
        1.029198585,
        1.03174508,
        1.030804996,
        1.031842112,
        1.032284097,
        1.03582644,
        1.0319443,
        1.030156402,
        1.029110105,
        1.031401652,
        1.017445805,
        1.030933959,
        1.032577743,
        1.031823762,
        1.030992506,
        1.030474493,
        1.001527024,
        1.03077427,
        1.031454804,
        1.031687712
      ],
      "exit_codes": [
        0,
        0,
        0,
        0,
        0,
        0,
        0,
        0,
        0,
        0,
        0,
        0,
        0,
        0,
        0,
        0,
        0,
        0,
        0,
        0,
        0,
        0,
        0,
        0,
        0
      ]
    }
  ]
}
