{
  "results": [
    {
      "command": "./benchmark_masking",
      "mean": 3.0330162667600002,
      "stddev": 0.015483315449278784,
      "median": 3.038733092,
      "user": 3.03006668,
      "system": 0.00143928,
      "min": 2.991397162,
      "max": 3.049638436,
      "times": [
        3.020993398,
        3.029656435,
        3.034009659,
        3.038733092,
        3.045673378,
        3.040071996,
        3.0368176,
        3.040738218,
        3.002752031,
        3.043645692,
        3.043218473,
        3.049638436,
        3.045094993,
        3.036009894,
        3.041012453,
        3.041958399,
        2.99441483,
        3.027921203,
        3.034428119,
        3.027484487,
        3.031485092,
        2.991397162,
        3.041084594,
        3.043123367,
        3.044043668
      ],
      "exit_codes": [
        0,
        0,
        0,
        0,
        0,
        0,
        0,
        0,
        0,
        0,
        0,
        0,
        0,
        0,
        0,
        0,
        0,
        0,
        0,
        0,
        0,
        0,
        0,
        0,
        0
      ]
    }
  ]
}
