{
  "results": [
    {
      "command": "./benchmark_boundschecks",
      "mean": 0.26035673956000005,
      "stddev": 0.0003050577249504125,
      "median": 0.260299751,
      "user": 0.25699111999999996,
      "system": 0.00095256,
      "min": 0.25987709600000003,
      "max": 0.261199244,
      "times": [
        0.260618815,
        0.260243234,
        0.260509074,
        0.259908177,
        0.260193295,
        0.260662848,
        0.260619677,
        0.260116837,
        0.260299751,
        0.26017851000000003,
        0.261199244,
        0.25987709600000003,
        0.259992601,
        0.260270059,
        0.260776924,
        0.260615523,
        0.259962177,
        0.260199218,
        0.260693719,
        0.260351402,
        0.260313561,
        0.260378376,
        0.26042702100000004,
        0.260261259,
        0.260250091
      ],
      "exit_codes": [
        0,
        0,
        0,
        0,
        0,
        0,
        0,
        0,
        0,
        0,
        0,
        0,
        0,
        0,
        0,
        0,
        0,
        0,
        0,
        0,
        0,
        0,
        0,
        0,
        0
      ]
    }
  ]
}
