{
  "results": [
    {
      "command": "./benchmark_boundschecks",
      "mean": 0.05126160428070174,
      "stddev": 0.0004526173907577832,
      "median": 0.051236263000000004,
      "user": 0.049496912280701744,
      "system": 0.0011665438596491224,
      "min": 0.050736390000000006,
      "max": 0.053895032,
      "times": [
        0.052033477,
        0.051282786000000004,
        0.051316352,
        0.051174578000000005,
        0.051029456,
        0.05121107900000001,
        0.050792581,
        0.051154276000000005,
        0.051300477000000004,
        0.051043536,
        0.051373386,
        0.051236661,
        0.051397160000000004,
        0.051269319,
        0.051353644000000004,
        0.051298679,
        0.051147224000000005,
        0.051104751000000004,
        0.050992933000000004,
        0.051285662,
        0.050790069,
        0.05144787000000001,
        0.051232547,
        0.050796048,
        0.051451507,
        0.051598519,
        0.050813813000000006,
        0.051296918000000004,
        0.051196444,
        0.051604793,
        0.051236263000000004,
        0.051208017,
        0.051135009,
        0.053895032,
        0.050814778000000005,
        0.051537765000000006,
        0.051640906,
        0.050791512000000004,
        0.051453102,
        0.051510017000000005,
        0.050824435,
        0.051539104,
        0.051430664,
        0.051050416,
        0.051199771000000005,
        0.050815252000000005,
        0.051226221,
        0.051274039,
        0.051808656,
        0.050736390000000006,
        0.051441653000000004,
        0.050877794000000004,
        0.051248014,
        0.051381946000000005,
        0.050782156,
        0.05119499,
        0.050830997
      ],
      "exit_codes": [
        0,
        0,
        0,
        0,
        0,
        0,
        0,
        0,
        0,
        0,
        0,
        0,
        0,
        0,
        0,
        0,
        0,
        0,
        0,
        0,
        0,
        0,
        0,
        0,
        0,
        0,
        0,
        0,
        0,
        0,
        0,
        0,
        0,
        0,
        0,
        0,
        0,
        0,
        0,
        0,
        0,
        0,
        0,
        0,
        0,
        0,
        0,
        0,
        0,
        0,
        0,
        0,
        0,
        0,
        0,
        0,
        0
      ]
    }
  ]
}
