{
  "results": [
    {
      "command": "./benchmark_hfiemulate2",
      "mean": 0.010561776865724378,
      "stddev": 0.00002113545660219635,
      "median": 0.010557151,
      "user": 0.009639120141342756,
      "system": 0.0008061095406360424,
      "min": 0.010515076,
      "max": 0.010685885000000001,
      "times": [
        0.010577374,
        0.010595262000000001,
        0.010558423,
        0.010554744000000001,
        0.010571517,
        0.010609411000000001,
        0.010573032000000001,
        0.010543644000000001,
        0.010598608,
        0.010540547,
        0.010556154,
        0.01055555,
        0.010545899000000001,
        0.010555687000000001,
        0.010565650000000001,
        0.010533609000000001,
        0.010597326,
        0.010543617,
        0.010558842,
        0.010549512,
        0.010541819000000001,
        0.010569363,
        0.010543662,
        0.010583776000000001,
        0.01054096,
        0.010564568,
        0.0105561,
        0.010567296,
        0.010549462,
        0.010555271000000001,
        0.010565001000000001,
        0.010582559,
        0.010537007000000001,
        0.010548495000000001,
        0.010561551,
        0.010551671,
        0.01055234,
        0.010551673000000001,
        0.010586672,
        0.010523047,
        0.010559989,
        0.010543842000000001,
        0.010578825,
        0.010536652,
        0.010554078000000001,
        0.010557575000000001,
        0.010583647,
        0.010555925,
        0.010553995,
        0.010552262000000001,
        0.010555903,
        0.010561725000000001,
        0.010544873000000001,
        0.010685885000000001,
        0.010559775,
        0.010560116000000001,
        0.010569016,
        0.01057628,
        0.010542860000000001,
        0.010544513,
        0.010538307,
        0.010583873,
        0.010566727000000001,
        0.010582240000000001,
        0.010549123,
        0.010572981,
        0.010571802,
        0.010544075,
        0.010594265,
        0.010556947,
        0.010558275,
        0.010550335000000001,
        0.010567609,
        0.010555398,
        0.010545165,
        0.010549743,
        0.010603725000000001,
        0.010551435000000001,
        0.010579488000000001,
        0.010545759,
        0.010550913,
        0.0105552,
        0.010529875000000001,
        0.010590427000000001,
        0.01056865,
        0.010536392,
        0.010556297000000001,
        0.010561665000000001,
        0.01057949,
        0.010534711,
        0.010547964,
        0.010604239000000001,
        0.010550304,
        0.010560184,
        0.010564470000000001,
        0.010548094000000001,
        0.010555902,
        0.010561892,
        0.010559232,
        0.010574333,
        0.010560593,
        0.010551745000000001,
        0.010532920000000001,
        0.010569678,
        0.010559447000000001,
        0.010524376,
        0.010621456000000001,
        0.01055737,
        0.010551514000000001,
        0.010562326,
        0.010545386,
        0.010566750000000001,
        0.010556793,
        0.010556176,
        0.010602524,
        0.010553855000000001,
        0.010539363000000001,
        0.010582494000000001,
        0.01055642,
        0.010551872,
        0.010561326000000001,
        0.010598845,
        0.010543236000000001,
        0.010555839000000001,
        0.010556305,
        0.010568796,
        0.01053256,
        0.010556339000000001,
        0.010550473000000001,
        0.010605523,
        0.010556693,
        0.010547336000000001,
        0.010559518,
        0.010535869,
        0.010546028,
        0.010600592,
        0.010596673000000001,
        0.010558487,
        0.010563677,
        0.010549905,
        0.010562128,
        0.010539523,
        0.010543375,
        0.010546879,
        0.01059443,
        0.010557154000000001,
        0.010540644,
        0.010629360000000001,
        0.010557623,
        0.010560831000000001,
        0.010546022,
        0.010596271,
        0.010567295,
        0.010560339,
        0.010554011,
        0.010539185000000001,
        0.010558822,
        0.010537379000000001,
        0.010553408,
        0.010623647,
        0.010533946,
        0.010568052000000001,
        0.010559200000000001,
        0.010558308,
        0.010547944,
        0.010542352000000001,
        0.010599850000000001,
        0.010547588,
        0.010552654,
        0.010559813000000001,
        0.010545335000000001,
        0.010553959,
        0.01057604,
        0.010549639000000001,
        0.010585944,
        0.010585272000000001,
        0.010556501000000001,
        0.010538881,
        0.010567684,
        0.010549849,
        0.01055295,
        0.010602151,
        0.010557945000000001,
        0.01054564,
        0.010555503,
        0.010554369000000001,
        0.010547243000000001,
        0.010574339,
        0.010544929000000001,
        0.01060551,
        0.010579171,
        0.010557832000000001,
        0.010545709,
        0.010567699,
        0.01055785,
        0.010515076,
        0.010577932,
        0.010593352,
        0.010548115,
        0.010585483000000001,
        0.010543256,
        0.010556325,
        0.01053545,
        0.010552156,
        0.010603913000000001,
        0.010549886000000001,
        0.010558276,
        0.010551884000000001,
        0.010561536,
        0.010552015000000001,
        0.0105616,
        0.010567799000000001,
        0.010600311000000001,
        0.010568072000000001,
        0.010571637,
        0.010561468000000001,
        0.010545048000000001,
        0.010562845000000001,
        0.010568755,
        0.010613332000000001,
        0.010553609,
        0.010541827,
        0.010564002000000001,
        0.010547505,
        0.01056674,
        0.010542597,
        0.010568988000000001,
        0.010582108,
        0.010544962000000001,
        0.010577973000000001,
        0.010551828000000001,
        0.010563248,
        0.010542890000000001,
        0.010542618,
        0.010603105,
        0.010537191000000001,
        0.010566092000000001,
        0.010530336000000001,
        0.010556798000000001,
        0.010578243000000001,
        0.010555184,
        0.010628979,
        0.010614624000000001,
        0.010541724,
        0.010558053000000001,
        0.010564404000000001,
        0.010559921,
        0.010549989000000001,
        0.010556486,
        0.010598403000000001,
        0.010549224000000001,
        0.010559101000000001,
        0.010557151,
        0.010534034000000001,
        0.010565941,
        0.010560842,
        0.010562017,
        0.010598833,
        0.010560092,
        0.010551346000000001,
        0.010554747000000001,
        0.010559764000000001,
        0.010564884,
        0.010548825000000001,
        0.010598894000000001,
        0.010570362,
        0.010539715,
        0.010554352000000001,
        0.010565251000000001,
        0.010542127,
        0.010550683,
        0.010567332,
        0.010583858,
        0.010544423,
        0.010536601000000001,
        0.010566613,
        0.010539645,
        0.010555888000000001,
        0.01056863,
        0.010601211000000001,
        0.010581127000000001,
        0.0105524,
        0.010545993
      ],