{
  "results": [
    {
      "command": "./benchmark_hfiemulate2",
      "mean": 0.93140894136,
      "stddev": 0.009913625704953544,
      "median": 0.933579452,
      "user": 0.92887268,
      "system": 0.00191852,
      "min": 0.8867710080000001,
      "max": 0.936597596,
      "times": [
        0.9350377740000001,
        0.9331518030000001,
        0.933034231,
        0.918280054,
        0.933736734,
        0.936597596,
        0.934789618,
        0.936143381,
        0.9329243810000001,
        0.934293487,
        0.935053856,
        0.9321248150000001,
        0.9324270290000001,
        0.932168188,
        0.8867710080000001,
        0.936263492,
        0.932030919,
        0.934353046,
        0.9325099440000001,
        0.933579452,
        0.9327100250000001,
        0.934217005,
        0.9323223270000001,
        0.9365133760000001,
        0.934189993
      ],
      "exit_codes": [
        0,
        0,
        0,
        0,
        0,
        0,
        0,
        0,
        0,
        0,
        0,
        0,
        0,
        0,
        0,
        0,
        0,
        0,
        0,
        0,
        0,
        0,
        0,
        0,
        0
      ]
    }
  ]
}
