{
  "results": [
    {
      "command": "./benchmark_boundschecks",
      "mean": 0.09531576003225808,
      "stddev": 0.0002573030681206486,
      "median": 0.095277733,
      "user": 0.09305796774193548,
      "system": 0.0012680645161290323,
      "min": 0.094967218,
      "max": 0.09613719100000001,
      "times": [
        0.09533578300000001,
        0.09517302100000001,
        0.09613719100000001,
        0.095209756,
        0.09502735400000001,
        0.09516119,
        0.095075143,
        0.095406557,
        0.09542492100000001,
        0.095281609,
        0.09503462600000001,
        0.09522274500000001,
        0.095410908,
        0.095664151,
        0.095071925,
        0.095667598,
        0.095066442,
        0.09522393600000001,
        0.09529525700000001,
        0.095425885,
        0.095318891,
        0.095224579,
        0.094967218,
        0.09550707,
        0.09537337500000001,
        0.09527271400000001,
        0.09506918,
        0.095913143,
        0.095277733,
        0.09535937600000001,
        0.095189284
      ],
      "exit_codes": [
        0,
        0,
        0,
        0,
        0,
        0,
        0,
        0,
        0,
        0,
        0,
        0,
        0,
        0,
        0,
        0,
        0,
        0,
        0,
        0,
        0,
        0,
        0,
        0,
        0,
        0,
        0,
        0,
        0,
        0,
        0
      ]
    }
  ]
}
