{
  "results": [
    {
      "command": "./benchmark_guardpage_asmmove",
      "mean": 3.04099895988,
      "stddev": 0.01453507874195404,
      "median": 3.04275039,
      "user": 3.0042213199999996,
      "system": 0.012314919999999998,
      "min": 3.008685706,
      "max": 3.064941934,
      "times": [
        3.037846432,
        3.057412801,
        3.016058199,
        3.019384838,
        3.020531282,
        3.032007277,
        3.04275039,
        3.055903008,
        3.04975491,
        3.040953253,
        3.03554646,
        3.052497212,
        3.053225424,
        3.064941934,
        3.035583292,
        3.053870806,
        3.048884847,
        3.050656621,
        3.039648236,
        3.05846172,
        3.037591879,
        3.008685706,
        3.044656063,
        3.024239984,
        3.043881423
      ],
      "exit_codes": [
        0,
        0,
        0,
        0,
        0,
        0,
        0,
        0,
        0,
        0,
        0,
        0,
        0,
        0,
        0,
        0,
        0,
        0,
        0,
        0,
        0,
        0,
        0,
        0,
        0
      ]
    }
  ]
}
